Date,Close_Splits,Volume_Splits,Open_Splits,High_Splits,Low_Splits,Open_NoSplits,High_NoSplits,Low_NoSplits,Close_NoSplits,Volume_NoSplits,Daily_Return,Price_Range,Price_Change,Profit
2020-02-28, $273.36,106721200, $257.26, $278.41, $256.37,62.21884455259078,67.33401260273769,62.0035927413547,66.11265563964844,426510000,-0.0584735429707827,5.330419861382985,3.893811087057657,True
2020-02-27, $273.52,80151380, $281.1, $286, $272.96,67.9845784168311,69.16965138753342,66.01590018074076,66.15133666992188,320605600,-6.5368360563547885,3.1537512067926627,-1.8332417469092237,False
2020-02-26, $292.65,49678430, $286.53, $297.88, $286.5,69.29784412586203,72.0428654399997,69.29058886204834,70.7779769897461,198054800,1.586374980412586,2.7522765779513634,1.4801328638840658,True
2020-02-25, $288.08,57668360, $300.95, $302.53, $286.13,72.78534740458967,73.16747023858986,69.20109972929876,69.6727066040039,230673600,-3.3872446471837514,3.966370509291096,-3.1126408005857655,False
2020-02-24, $298.18,55548830, $297.26, $304.18, $289.23,71.8929330165793,73.56654484289926,69.950861613102,72.11543273925781,222195200,-4.75002650223324,3.615683229797256,0.2224997226785063,True
2020-02-21, $313.05,32426420, $318.62, $320.45, $310.5,77.05887881173565,77.5014720805536,75.09504186089677,75.71176147460938,129554000,-2.263501405473589,2.4064302196568264,-1.347117337126278,False
2020-02-20, $320.3,25141490, $322.63, $324.65, $318.21,78.0287063254119,78.51724467318775,76.95971731481961,77.4651870727539,100566000,-1.025913163214709,1.5575273583681335,-0.5635192526579971,False
2020-02-19, $323.62,23495990, $320, $324.57, $320,77.39264718918032,78.49791270322793,77.39264718918032,78.26815032958984,93984000,1.4482444766340308,1.105265514047602,0.8755031404095206,True
2020-02-18, $319,38190550, $315.36, $319.75, $314.61,76.27047270748963,77.33220694132359,76.08908363725979,77.15081787109375,152531200,-1.8310202075075943,1.2431233040638006,0.8803451636041189,True
2020-02-14, $324.95,20028450, $324.74, $325.98, $322.85,78.53901899642953,78.83892050632156,78.08192253766144,78.58981323242188,80113600,0.0246543511434049,0.7569979686601158,0.0507942359923418,True
2020-02-13, $324.87,23686890, $324.19, $326.22, $323.35,78.4059846442796,78.89694380995043,78.20282989097468,78.57044219970703,94747600,-0.7121405673793046,0.694113918975745,0.1644575554274325,True
2020-02-12, $327.2,28432570, $321.47, $327.22, $321.47,77.7481726332658,79.13882181030785,77.7481726332658,79.13398742675781,113730400,2.3747770105666977,1.3906491770420502,1.3858147934920169,True
2020-02-11, $319.61,23580780, $323.6, $323.9, $318.71,78.26331921379253,78.33587187126635,77.08065923180118,77.29832458496094,94323200,-0.6033173477503428,1.2552126394651708,-0.9649946288315904,False
2020-02-10, $321.55,27337220, $314.18, $321.55, $313.85,75.9850613598187,77.76750946044922,75.90525344548281,77.76750946044922,109348800,0.4749550983892625,1.8622560149664056,1.7824481006305175,True
2020-02-07, $320.03,29421010, $322.37, $323.4, $318,77.96582750464246,78.2149347676415,76.90893545307632,77.39989471435547,117684000,-1.3592929109957796,1.3059993145651705,-0.5659327902869933,False
2020-02-06, $325.21,26356390, $322.57, $325.22, $320.2648,77.82951018159336,78.46889922045179,77.27215526816731,78.46648406982422,105425600,1.1697205358294216,1.1967439522844785,0.6369738882308553,True
2020-02-05, $321.45,29706720, $323.52, $324.76, $318.95,78.0587002140709,78.35789164403798,76.95605907395962,77.55925750732422,118826800,0.8154611950332624,1.401832570078355,-0.4994427067466773,False
2020-02-04, $318.85,34154130, $315.31, $319.64, $313.6345,76.07777685481715,77.12252036593104,75.67242939074868,76.9319076538086,136616400,3.301299910145783,1.4500909751823627,0.8541307989914486,True
2020-02-03, $308.66,43496400, $304.3, $313.49, $302.22,73.42133771869904,75.63869657493804,72.91947967499588,74.47332000732422,173788400,-0.274574303069508,2.719216899942154,1.051982288625183,True
2020-01-31, $309.51,49897100, $320.93, $322.68, $308.29,77.43377343365503,77.85601226019499,74.38400653828495,74.6783676147461,199588400,-4.433891774557452,3.472005721910037,-2.7554058189089403,False
2020-01-30, $323.87,31685810, $320.544, $324.09, $318.75,77.33969324731856,78.19623208684209,76.90780110255082,78.14315032958984,126743200,-0.1449024991318381,1.2884309842912671,0.8034570822712794,True
2020-01-29, $324.34,54149930, $324.45, $327.85, $321.38,78.28309057876027,79.1034389225781,77.54236118317645,78.25654602050781,216229200,2.093225029678192,1.5610777394016535,-0.0265445582524535,False
2020-01-28, $317.69,40558490, $312.6, $318.4, $312.19,75.42393505290065,76.82335250031947,75.32500962430629,76.65204620361328,162234000,2.8289025640143795,1.498342876013183,1.2281111507126354,True
2020-01-27, $308.95,40485010, $310.06, $311.77, $304.88,74.81110584028455,75.22369163896585,73.56128005375581,74.54328918457031,161940000,-2.940512068389689,1.6624115852100374,-0.2678166557142418,False
2020-01-24, $318.31,36634380, $320.25, $323.33, $317.5188,77.26973366124079,78.01287102929439,76.61103819892749,76.80165100097656,146537600,-0.2881541798699816,1.4018328303668994,-0.4680826602642298,False
2020-01-23, $319.23,26117990, $317.92, $319.56, $315.65,76.70752240640822,77.10321665071739,76.15981365357148,77.02359771728516,104472000,0.4815644634408977,0.9434029971459096,0.3160753108769398,True
2020-01-22, $317.7,25458120, $318.58, $319.99, $317.31,76.86677674803076,77.20698153576836,76.56035460570881,76.65445709228516,101832400,0.35693887780055,0.6466269300595542,-0.2123196557456026,False
2020-01-21, $316.57,27710810, $317.19, $319.02, $316,76.53141272712692,76.97295078497612,76.2442896548719,76.38182067871094,110843200,-0.6776901351888132,0.7286611301042143,-0.1495920484159825,False
2020-01-17, $318.73,34454120, $316.27, $318.74, $315,76.30943200280402,76.90539240608445,76.00300982033474,76.90298461914062,137816400,1.1071116726039776,0.902382585749706,0.5935526163366092,True
2020-01-16, $315.24,27207250, $313.59, $315.7, $312.09,75.66279597280943,76.17189926714461,75.3008769215495,76.06090545654297,108829200,1.2526151161457388,0.871022345595108,0.3981094837335348,True
2020-01-15, $311.34,30480880, $311.85, $315.5, $309.55,75.2429965849295,76.12366508873906,74.68804944207676,75.11994171142578,121923600,-0.4285081226726772,1.4356156466622991,-0.1230548735037189,False
2020-01-14, $312.68,40653460, $316.7, $317.57, $312.17,76.41316970238127,76.62308154945259,75.32017458987174,75.44322204589844,161954400,-1.350339440434567,1.3029069595808522,-0.9699476564828302,False
2020-01-13, $316.96,30521720, $311.64, $317.07, $311.15,75.1923057311866,76.50245093143005,75.07407383392189,76.47590637207031,121532000,2.136440186114452,1.4283770975081609,1.2836006408837193,True
2020-01-10, $310.33,35217270, $310.6, $312.67, $308.25,74.94137084294664,75.44082088635776,74.3743628731269,74.876220703125,140644800,0.2260611680507951,1.0664580132308572,-0.0651501398216396,False
2020-01-09, $309.63,42621540, $307.235, $310.43, $306.2,74.13067516689924,74.90035698659045,73.87974991049977,74.70733642578125,170108400,2.1240931987008382,1.020607076090684,0.5766612588820124,True
2020-01-08, $303.19,33090950, $297.16, $304.4399, $297.156,71.6985739444987,73.45508735263148,71.6985739444987,73.15348815917969,132079200,1.6086238916132256,1.7565134081327756,1.4549142146809828,True
2020-01-07, $298.39,27877660, $299.84, $300.9, $297.48,72.34520436217124,72.60095990158051,71.77578859164102,71.99535369873047,108872000,-0.4703218496204142,0.825171309939492,-0.3498506634407761,False
2020-01-06, $299.8,29644640, $293.79, $299.96, $292.75,70.88547942287144,72.37416924858576,70.63454677653742,72.33556365966797,118387200,0.7968241426733025,1.7396224720483389,1.4500842367965276,True
2020-01-03, $297.43,36633880, $297.15, $300.58, $296.5,71.69617497011174,72.52376157647284,71.5393448267866,71.76373291015625,146322800,-0.9721894687194644,0.9844167496862326,0.0675579400445087,True
2020-01-02, $300.35,33911860, $296.24, $300.6, $295.19,71.4765996590847,72.52858156247073,71.22325926076245,72.46826171875,135480400,2.2816134172471303,1.3053223017082871,0.991662059665302,True
2019-12-31, $293.65,25247630, $289.93, $293.68, $289.52,69.95414009700069,70.85893791713207,69.85521465174138,70.85169982910156,100805600,0.7307056017653357,1.0037232653906898,0.8975597321008735,True
2019-12-30, $291.52,36059610, $289.46, $292.69, $285.22,69.8407032741633,70.62003805453982,68.81768141074184,70.33773803710938,144114400,0.5934806167345208,1.802356643797978,0.4970347629460718,True
2019-12-27, $289.8,36592940, $291.12, $293.97, $288.12,70.24125055231326,70.92889824450315,69.51741242648437,69.92276000976562,146266000,-0.0379673785940948,1.4114858180187753,-0.3184905425476358,False
2019-12-26, $289.91,23334000, $284.82, $289.98, $284.7,68.72120656096197,69.96620925880787,68.6922542085201,69.9493179321289,93121200,1.9840534458728245,1.2739550502877677,1.228111371166932,True
2019-12-24, $284.27,12119710, $284.69, $284.89, $282.9197,68.68982629575491,68.73808511636746,68.26276445005648,68.58848571777344,48478800,0.0950510121201508,0.4753206663109779,-0.1013405779814746,False
2019-12-23, $284,24677880, $280.53, $284.25, $280.3735,67.68611371554155,68.58367343016074,67.64750812570958,68.52335357666016,98572000,1.6318478916933945,0.9361653044511656,0.8372398611186043,True
2019-12-20, $279.44,69032740, $282.23, $282.65, $278.56,68.09628249807736,68.19761571489019,67.21078392805164,67.42311096191406,275978000,-0.2071226149619742,0.9868317868385504,-0.6731715361632951,False
2019-12-19, $280.02,24626950, $279.5, $281.18, $278.95,67.43758668961861,67.84293428071314,67.30488597596364,67.56304931640625,98369200,0.1001043544942126,0.5380483047494948,0.1254626267876375,True
2019-12-18, $279.74,29024690, $279.8, $281.9, $279.12,67.50995957045932,68.0166476810069,67.34589137870454,67.4954833984375,116028400,-0.2389614115265947,0.6707563023023653,-0.0144761720218156,False
2019-12-17, $280.41,28575800, $279.57, $281.77, $278.8,67.45448408416172,67.98529434981573,67.26869423240927,67.65715789794922,114158400,0.1965524679051533,0.7166001174064576,0.2026738137874986,True
2019-12-16, $279.86,32081110, $277, $280.79, $276.98,66.83438152775894,67.74883234755957,66.82955859141919,67.5244369506836,128186000,1.7117749805179772,0.9192737561403844,0.690055422924658,True
2019-12-13, $275.15,33432810, $271.46, $275.3, $270.93,65.49770182904206,66.4242138126888,65.36982404554227,66.38802337646484,133587600,1.359326371819214,1.0543897671465317,0.8903215474227864,True
2019-12-12, $271.46,34437040, $267.78, $272.5599, $267.321,64.60978960566402,65.76310470333209,64.49880315683109,65.49769592285156,137310400,0.2548261475146862,1.2643015465010023,0.887906317187543,True
2019-12-11, $270.77,19723390, $268.81, $271.1, $268.5,64.85830938290775,65.41084122340847,64.78351336435996,65.33121490478516,78756800,0.8529240434858254,0.6273278590485063,0.4729055218774078,True
2019-12-10, $268.48,22632380, $268.6, $270.07, $265.86,64.80765413470544,65.16233517909905,64.1465435122952,64.77870178222656,90420400,0.5844928556916651,1.0157916668038496,-0.0289523524788819,False
2019-12-09, $266.92,32182650, $270, $270.8, $264.91,65.14541210218792,65.33843260014966,63.91730132800084,64.40227508544922,128042400,-1.400038195602371,1.4211312721488198,-0.7431370167387001,False
2019-12-06, $270.71,26547490, $267.48, $271, $267.3,64.53740668374826,65.38670739096737,64.49397080231735,65.31673431396484,106075600,1.9315717904698548,0.892736588650024,0.779327630216585,True
2019-12-05, $265.58,18661340, $263.79, $265.89, $262.73,63.64711740381334,64.15380579491827,63.39136173879889,64.0790023803711,74424400,1.4671668488066114,0.7624440561193779,0.4318849765577539,True
2019-12-04, $261.74,16810390, $261.07, $263.31, $260.68,62.99079753107585,63.53126088330564,62.89669505639606,63.15245056152344,67181600,0.8825974089285982,0.6345658269095793,0.1616530304475887,True
2019-12-03, $259.45,29377270, $258.31, $259.53, $256.29,62.32488301011455,62.61924418107647,61.8375012589291,62.599945068359375,114430400,-1.7829792995039284,0.781742922147366,0.2750620582448277,True
2019-12-02, $264.16,23693550, $267.27, $268.25, $263.45,64.48672622239427,64.72318262516326,63.5650447443697,63.7363510131836,94487200,-1.1562190745325274,1.1581378807935607,-0.7503752092106666,False
2019-11-29, $267.25,11654360, $266.6, $268, $265.9,64.32507297913462,64.66286257965973,64.15617449724154,64.48190307617188,46617600,-0.2202957298990226,0.5066880824181936,0.1568300970372576,True
2019-11-27, $267.84,16386120, $265.58, $267.98, $265.31,64.0789738287976,64.65805022533677,64.01383104765496,64.624267578125,65235600,1.3431954655599876,0.6442191776818049,0.5452937493273993,True
2019-11-26, $264.29,26334880, $266.94, $267.16, $262.5,64.407131169223,64.46021293797112,63.33584991868023,63.76774215698242,105207600,-0.780839803878064,1.1243630192908896,-0.639389012240585,False
2019-11-25, $266.37,21029520, $262.71, $266.44, $262.52,63.38650127732471,64.28647597885696,63.34065760793023,64.26958465576172,84020400,1.7533547942080618,0.9458183709267232,0.8830833784370071,True
2019-11-22, $261.78,16331260, $262.59, $263.18, $260.84,63.3575641963564,63.4999181754677,62.93532519681373,63.16212844848633,65325200,-0.0877859870803465,0.5645929786539696,-0.1954357478700714,False
2019-11-21, $262.01,30348780, $263.69, $264.005, $261.18,63.62297233217371,63.70018351555707,63.01735861761003,63.21762466430664,121395200,-0.4483276708677097,0.682824897947043,-0.4053476678670691,False
2019-11-20, $263.19,26609920, $265.54, $266.083, $260.4,64.06933118896113,64.1996167578222,62.82915159180207,63.502323150634766,106234400,-1.1641570923651146,1.370465166020125,-0.5670080383263638,False
2019-11-19, $266.29,19069600, $267.9, $268, $265.3926,64.63875387055919,64.66288328473601,64.033147545322,64.25029754638672,76167200,-0.3032308756131918,0.6297357394140164,-0.3884563241724663,False
2019-11-18, $267.1,21700900, $265.8, $267.43, $264.23,64.1320492800849,64.5253358048109,63.7532462907842,64.44571685791016,86703200,0.5041969014068837,0.7720895140266961,0.3136675778252566,True
2019-11-15, $265.76,25093670, $263.68, $265.78, $263.01,63.62054837598867,64.12723657232394,63.45889530662177,64.1224136352539,100206400,1.1879449541339682,0.6683412657021677,0.5018652592652373,True
2019-11-14, $262.64,22395560, $263.75, $264.88, $262.1,63.63743402929962,63.91008089634329,63.23932454025214,63.3696174621582,89182800,-0.6919535264623411,0.6707563560911467,-0.2678165671414163,False
2019-11-13, $264.47,25817590, $261.13, $264.78, $261.07,63.005288756272336,63.88595706365368,62.99081258182594,63.811161041259766,102734400,0.9581654365045988,0.8951444818277352,0.80587228498743,True
2019-11-12, $261.96,21847230, $261.55, $262.79, $260.92,63.10662189866164,63.4058133511267,62.954622067164166,63.20554733276367,87388800,-0.0915332635678667,0.4511912839625367,0.0989254341020284,True
2019-11-11, $262.2,20507460, $258.3, $262.47, $258.28,62.32245899356224,63.32859721707962,62.31763605688488,63.26345443725586,81821200,0.7918820165991658,1.0109611601947393,0.940995443693616,True
2019-11-08, $260.14,17520500, $258.69, $260.44, $256.85,62.41656042739546,62.8387993222777,61.97260727293929,62.76641845703125,69986400,0.2736863236246112,0.8661920493384088,0.34985802963579,True
2019-11-07, $259.43,23735080, $258.74, $260.35, $258.11,62.428620865759896,62.81708447430913,62.2766136869042,62.5951042175293,94940400,1.1541197899383349,0.5404707874049279,0.1664833517694006,True
2019-11-06, $257.24,18966120, $256.77, $257.49, $255.365,61.76786206100636,61.94106351751216,61.43108349036237,61.88092422485352,75864400,0.0427819662756956,0.5099800271497941,0.1130621638471609,True
2019-11-05, $257.13,19974430, $257.05, $258.19, $256.32,61.83521298667724,62.1094516637506,61.65961096409468,61.85446166992188,79897600,-0.1436866905922706,0.4498406996559154,0.0192486832446405,True
2019-11-04, $257.5,25817950, $257.33, $257.845, $255.38,61.902568240845305,62.027662657351385,61.43348620261237,61.94346618652344,103272000,0.6567065664519811,0.5941764547390136,0.0408979456781324,True
2019-11-01, $255.82,37781330, $249.54, $255.93, $249.16,60.02863102849158,61.56579110685089,59.937221805325485,61.53933334350586,151125200,2.838077156955654,1.6285693015254026,1.510702315014278,True
2019-10-31, $248.76,34790520, $247.24, $249.17, $237.26,59.47535535189402,59.93962892278996,57.07459217991583,59.84099960327149,139162000,2.2609394132826033,2.865036742874125,0.3656442513774749,True
2019-10-30, $243.26,31130520, $244.76, $245.3, $241.21,58.8787801432467,59.008683089420536,58.02480500243757,58.5179443359375,124522000,-0.0122930405356158,0.9838780869829692,-0.3608358073092006,False
2019-10-29, $243.29,35709870, $248.97, $249.75, $242.57,59.89150517600361,60.079139431932,58.35194110925527,58.52513885498047,142839600,-2.3127943761968917,1.7271983226767276,-1.3663663210231434,False
2019-10-28, $249.05,24143240, $247.42, $249.25, $246.72,59.51864206341161,59.95886203254911,59.350252813891615,59.91075134277344,96572800,1.0016857790871023,0.6086092186574987,0.3921092793618257,True
2019-10-25, $246.58,18369300, $243.16, $246.73, $242.88,58.49388048589636,59.35266764688448,58.42652477407812,59.31658554077149,73477200,1.2316423705964752,0.9261428728063592,0.8227050548751293,True
2019-10-24, $243.58,17916260, $244.51, $244.8, $241.805,58.81862222108492,58.888385843954616,58.169118707672105,58.59490585327149,69275200,0.1644790897732617,0.7192671362825109,-0.2237163678134308,False
2019-10-23, $243.18,19932550, $242.1, $243.24, $241.22,58.238889244421685,58.51312425689027,58.02719777142456,58.49868774414063,75828800,1.3418824419149322,0.4859264854657112,0.2597984997189471,True
2019-10-22, $239.96,22684000, $241.16, $242.2, $239.6218,58.01276606582909,58.26294389922715,57.64230598082633,57.724098205566406,82293600,-0.2286719042787655,0.6206379184008242,-0.2886678602626844,False
2019-10-21, $240.51,22367480, $237.52, $240.99, $237.32,57.13713599798401,57.971869612391714,57.089025301514894,57.85639953613281,87247200,1.7342580527364817,0.8828443108768198,0.7192635381488017,True
2019-10-18, $236.41,24377170, $234.59, $237.58, $234.29,56.43230897960908,57.15157628203032,56.36014109020242,56.87012481689453,97433600,0.4802957167403088,0.791435191827901,0.4378158372854486,True
2019-10-17, $235.28,17272900, $235.09, $236.15, $233.52,56.55257922947988,56.8075692199058,56.17490641458794,56.59828567504883,67585200,0.3882670861300896,0.6326628053178638,0.0457064455689462,True
2019-10-16, $234.37,19286690, $233.37, $235.24, $233.2,56.13882591575506,56.5886703222945,56.09793163708986,56.3793830871582,73903200,-0.4037352111054937,0.49073868520464,0.2405571714031396,True
2019-10-15, $235.32,23040480, $236.39, $237.65, $234.88,56.865323557592056,57.16842434652988,56.50208346104349,56.60792922973633,87360000,-0.2331568230406255,0.6663408854863917,-0.257394327855728,False
2019-10-14, $235.87,24413480, $234.9, $238.1342, $234.6701,56.50688216419218,57.28388452662698,56.45155503855571,56.7402229309082,96427600,-0.1439289108396635,0.8323294880712666,0.2333407667160258,True
2019-10-11, $236.21,41990210, $232.95, $237.64, $232.3075,56.03778756451031,57.16600118945812,55.88383113476842,56.82200622558594,166795600,2.659843145390139,1.2821700546897006,0.7842186610756272,True
2019-10-10, $230.09,28962980, $227.93, $230.44, $227.3,54.83018438867168,55.433985128762735,54.67863589414209,55.34978866577149,113013600,1.3478221025418735,0.7553492346206454,0.519604277099809,True
2019-10-09, $227.03,19029420, $227.03, $227.79, $225.64,54.61369323730469,54.7965153624932,54.27931892256888,54.61369323730469,74770400,1.1720112279140604,0.5171964399243194,0.0,False
2019-10-08, $224.4,29282700, $225.82, $228.06, $224.33,54.32262393488646,54.86146966676648,53.96419241668242,53.98102951049805,111820000,-1.1714948112042656,0.8972772500840591,-0.3415944243884112,False
2019-10-07, $227.06,30889270, $226.27, $229.93, $225.84,54.43087209456384,55.311308550510645,54.32743060234528,54.62091064453125,122306000,0.0220462065017024,0.9838779481653646,0.1900385499674115,True
2019-10-04, $227.01,34755550, $225.64, $227.49, $223.89,54.279309374301256,54.72434152245183,53.858334406822216,54.60887145996094,138478800,2.803164887211151,0.8660071156296141,0.3295620856596812,True
2019-10-03, $220.82,30352690, $218.43, $220.96, $215.132,52.54489975216936,53.15351275615426,51.75106404471548,53.11983489990234,114426000,0.8494501206423255,1.4024487114387796,0.5749351477329796,True
2019-10-02, $218.96,35767260, $223.06, $223.58, $217.93,53.658691430124286,53.78378220885523,52.42463175086889,52.67240905761719,138449200,-2.506760147352405,1.3591504579863385,-0.9862823725070982,False
2019-10-01, $224.59,36187160, $225.07, $228.22, $224.2,54.14219965889246,54.89995321519849,53.932912441810814,54.02672958374024,139223200,0.2768328716502122,0.9670407733876728,-0.115470075152217,False
2019-09-30, $223.97,26318580, $220.9, $224.58, $220.79,53.13906661128495,54.02431872612578,53.11260518112533,53.87757873535156,103909600,2.3535020044313626,0.9117135450004454,0.7385121240666095,True
2019-09-27, $218.82,25361290, $220.54, $220.96, $217.2814,53.05248026433511,53.15351751274349,52.26826515822796,52.63872528076172,101408000,-0.4865863506874679,0.8852523545155293,-0.4137549835733907,False
2019-09-26, $219.89,19088310, $220, $220.94, $218.83,52.92257196747614,53.14869627136216,52.641120547940574,52.89611053466797,75334000,-0.5157806671966747,0.5075757234215885,-0.0264614328081691,False
2019-09-25, $221.03,22481010, $218.55, $221.5, $217.1402,52.57377216014629,53.283415103474375,52.23458565709621,53.170352935791016,87613600,1.5389556784144889,1.0488294463781642,0.5965807756447248,True
2019-09-24, $217.68,31434370, $221.03, $222.49, $217.19,53.170354738877656,53.52156984690006,52.24661602191957,52.36448669433594,124763200,-0.4754862347380428,1.2749538249804857,-0.8058680445417181,False
2019-09-23, $218.72,19419650, $218.95, $219.84, $217.65,52.66998928927248,52.884085014203336,52.357264248092,52.61466217041016,76662000,0.4546915162414455,0.5268207661113351,-0.0553271188623156,False
2019-09-20, $217.73,57977090, $221.38, $222.56, $217.473,53.25454647661872,53.53840217003478,52.3139670785029,52.37651062011719,221652400,-1.461783304869135,1.2244350915318805,-0.8780358565015334,False
2019-09-19, $220.96,22187880, $222.01, $223.76, $220.37,53.40608162735368,53.82705656163751,53.01156812147781,53.15349960327149,88242400,-0.8125134850031634,0.8154884401597045,-0.2525820240821872,False
2019-09-18, $222.77,25643090, $221.06, $222.85, $219.44,53.17756244125368,53.60816179083854,52.787861036882994,53.58891677856445,101360000,0.9379213676500964,0.8203007539555429,0.411354337310776,True
2019-09-17, $220.7,18386470, $219.96, $220.82, $219.12,52.912955319127846,53.11983462664283,52.71088451204481,53.090965270996094,73274800,0.3638053976810829,0.4089501145980208,0.1780099518682476,True
2019-09-16, $219.9,21158140, $217.73, $220.13, $217.56,52.37650901593333,52.95384839785664,52.335614739521375,52.89851760864258,84632400,0.5257164281816662,0.6182336583352637,0.5220085927092484,True
2019-09-13, $218.75,39763300, $220, $220.79, $217.02,52.922572195870536,53.11261072641425,52.205712927533845,52.62187576293945,159053200,-1.9454167322401128,0.906897798880408,-0.3006964329310833,False
2019-09-12, $223.085,32226670, $224.8, $226.42, $222.86,54.07725558292079,54.46695704558074,53.610574059650254,53.66590118408203,128906800,-0.2236143220685993,0.8563829859304875,-0.4113543988387604,False
2019-09-11, $223.59,44289650, $218.07, $223.71, $217.73,52.45830188762013,53.81504412951995,52.37650966317453,53.78617477416992,177158400,3.17949090970826,1.4385344663454165,1.327872886549791,True
2019-09-10, $216.7,31777930, $213.86, $216.78, $211.71,51.44556444565141,52.14799104975191,50.92836791874749,52.12874603271485,127111600,1.181301665704737,1.2196231310044183,0.6831815870634443,True
2019-09-09, $214.17,27309400, $214.84, $216.44, $211.07,51.68131067884882,52.06620368728937,50.77441263010286,51.520137786865234,109237600,0.4267302940065276,1.291791057186508,-0.1611728919835826,False
2019-09-06, $213.26,19362290, $214.05, $214.42, $212.51,51.491262157017566,51.5802671339122,51.12080206554331,51.30121994018555,77449200,-0.0093683313373671,0.4594650683688925,-0.190042216832019,False
2019-09-05, $213.28,23946880, $212, $213.97, $211.51,50.99811361359005,51.47201147242179,50.88023929372371,51.30602645874024,95654800,1.955145720577378,0.5917721786980792,0.3079128451501915,True
2019-09-04, $209.19,19216820, $208.39, $209.48, $207.32,50.12970852858372,50.391914963037,49.87231426530339,50.3221549987793,76752400,1.696649032973574,0.5196006977336154,0.192446470195577,True
2019-09-03, $205.7,20059570, $206.43, $206.98, $204.22,49.658214500289326,49.79052167700322,49.12658521378133,49.482608795166016,80092000,-1.4563551177583234,0.6639364632218872,-0.1756057051233099,False
2019-08-30, $208.74,21162560, $210.16, $210.45, $207.2,50.55549223711403,50.62525219652797,49.84344144801472,50.21390151977539,84573600,-0.1291928006803444,0.7818107485132444,-0.3415907173386401,False
2019-08-29, $209.01,21007650, $208.5, $209.32, $206.655,50.156175336347125,50.35343399884403,49.71355097691558,50.27885818481445,83962000,1.693215087965716,0.6398830219284548,0.1226828484673276,True
2019-08-28, $205.53,15957630, $204.1, $205.72, $203.32,49.09770888213141,49.48741023576001,48.910074625153904,49.44170379638672,63755200,0.6710186434285115,0.5773356106061058,0.3439949142553118,True
2019-08-27, $204.16,25897340, $207.86, $208.55, $203.53,50.00221288345861,50.16819791599971,48.96059990979167,49.112152099609375,103493200,-1.12838969240453,1.2075980062080447,-0.8900607838492363,False
2019-08-26, $206.49,26066130, $205.86, $207.19, $205.0573,49.52110100092201,49.84104248936947,49.32865452365744,49.67265319824219,104174400,1.8999338190567536,0.5123879657120298,0.1515521973201785,True
2019-08-23, $202.64,46882840, $209.43, $212.051, $201,50.37988339602778,51.01014564047347,48.35198833377321,48.74650192260742,187272000,-4.622037688564673,2.658157306700261,-1.633381473420357,False
2019-08-22, $212.46,22267820, $213.19, $214.435, $210.75,51.28437413685631,51.58507054352148,50.69741416374821,51.108768463134766,89014800,-0.0846507862358625,0.8876563797732686,-0.1756056737215416,False
2019-08-21, $212.64,21564750, $212.99, $213.65, $211.6032,51.23626555737707,51.39503047697511,50.90189128621012,51.15206909179688,86141600,1.0838319412566522,0.4931391907649853,-0.0841964655801845,False
2019-08-20, $210.36,26919530, $210.88, $213.35, $210.32,50.72870175988584,51.32287831702901,50.59399031983276,50.60361099243164,107537200,0.004756950009499,0.7288879971962459,-0.1250907674541963,False
2019-08-19, $210.35,24431920, $210.62, $212.7307, $210.025,50.66615171375127,51.17372750673664,50.52422385951554,50.60120391845703,97654400,1.8644114913679344,0.6495036472211027,-0.0649477952942376,False
2019-08-16, $206.5,28813620, $204.28, $207.16, $203.84,49.141019237305535,49.83382507339097,49.03517349339124,49.67505645751953,110481600,2.3594520671990304,0.7986515799997278,0.534037220213996,True
2019-08-15, $201.74,27883360, $203.46, $205.14, $199.67,48.94377274292089,49.347907103580994,48.032058839474224,48.53001403808594,108909600,-0.4981407905898849,1.3158482641067692,-0.4137587048349544,False
2019-08-14, $202.75,36547440, $203.16, $206.44, $202.5869,48.87160143948995,49.66062875871768,48.73448207413917,48.7729721069336,146189600,-2.9764957339545317,0.9261466845785052,-0.0986293325563494,False
2019-08-13, $208.97,47539790, $201.02, $212.14, $200.83,48.35680487555332,51.03179951623649,48.226901944089214,50.26923370361328,188874000,4.234839084657471,2.804897572147276,1.9124288280599584,True
2019-08-12, $200.48,22481890, $199.62, $202.0516, $199.15,48.02002268819342,48.60457853933476,47.90696052090706,48.22690200805664,89927600,-0.2537367590005002,0.697618018427697,0.2068793198632192,True
2019-08-09, $200.99,24619750, $201.3, $202.76, $199.29,48.42415480097006,48.77536618277326,47.94063258255727,48.34958267211914,98478800,-0.8240229824078016,0.8347336002159906,-0.0745721288509173,False
2019-08-08, $203.43,27009520, $200.2, $203.53, $199.39,47.97724715546842,48.77527074843569,47.78313400034172,48.75130462646485,108038000,2.205585155686074,0.9921367480939692,0.7740574709964321,True
2019-08-07, $199.04,33364400, $195.41, $199.56, $193.82,46.82934223936549,47.82387415087288,46.44830502903327,47.699256896972656,133457600,1.0355272231118429,1.3755691218396109,0.8699146576071684,True
2019-08-06, $197,35824790, $196.31, $198.067, $194.04,47.04502381388391,47.46680417334717,46.50102500392178,47.21038055419922,143299200,1.8930111354419576,0.9657791694253888,0.1653567403153104,True
2019-08-05, $193.34,52392970, $197.99, $198.649, $192.58,47.44764549457553,47.605809517619385,46.15115613267699,46.33328628540039,209572000,-5.234793690503025,1.4546533849423966,-1.1143592091751415,False
2019-08-02, $204.02,40862120, $205.53, $206.43, $201.63,49.254584458359176,49.47026501910301,48.31996381951147,48.89271926879883,163448400,-2.115782581803094,1.1503011995915386,-0.3618651895603477,False
2019-08-01, $208.43,54017920, $213.9, $218.03, $206.7435,51.260410296588674,52.2501520023427,49.54454328515418,49.94954299926758,216071600,-2.163927091577267,2.7056087171885252,-1.3108672973210955,False
2019-07-31, $213.04,69281360, $216.42, $221.37, $211.3,51.86432814544622,53.05057834512591,50.63733845360822,51.0543212890625,277125600,2.040429821312384,2.4132398915176907,-0.8100068563837226,False
2019-07-30, $208.78,33935720, $208.76, $210.16, $207.31,50.028630420839946,50.36413790530998,49.68114352994248,50.033424377441406,135742800,-0.42923505122755,0.6829943753674996,0.0047939566014605,True
2019-07-29, $209.68,21673390, $208.46, $210.64, $208.44,49.956745607175016,50.47917358387077,49.95195164997363,50.24911117553711,86693600,0.9338631060513024,0.5272219338971382,0.2923655683620936,True
2019-07-26, $207.74,17618870, $207.48, $209.73, $207.14,49.72188447879348,50.26108942568483,49.640405497764334,49.78419494628906,70475600,0.3478018160924856,0.6206839279204956,0.0623104674955854,True
2019-07-25, $207.02,13909560, $208.89, $209.24, $206.73,50.05978275817563,50.14366053862095,49.54214517668298,49.61164474487305,55638400,-0.7907284218569011,0.6015153619379703,-0.4481380133025823,False
2019-07-24, $208.67,14991570, $207.67, $209.15, $207.17,49.76741817507398,50.12209418470075,49.647594852943,50.00706481933594,59966400,-0.0813964859492921,0.4744993317577481,0.2396466442619598,True
2019-07-23, $208.84,18355210, $208.46, $208.91, $207.29,49.956738737439146,50.064578990974375,49.67634895884314,50.04780197143555,73420800,0.7817660538389948,0.3882300321312328,0.091063233996401,True
2019-07-22, $207.22,22277930, $203.65, $207.23, $203.61,48.80403991560377,49.6619753808488,48.79445565834239,49.65958023071289,89111600,2.2854317388449674,0.8675197225064082,0.8555403151091241,True
2019-07-19, $202.59,20929310, $205.79, $206.5, $202.36,49.31687142833677,49.48702212061245,48.494885358506615,48.55000305175781,83717200,-1.4927757505093897,0.9921367621058366,-0.7668683765789552,False
2019-07-18, $205.66,18582160, $204, $205.88, $203.7,48.88791415785004,49.33845100749355,48.816019435097935,49.28572845458984,74162400,1.1359910110790403,0.5224315723956181,0.3978142967397957,True
2019-07-17, $203.35,14107450, $204.05, $205.0915, $203.27,48.89988765516557,49.14911850100448,48.7129636066072,48.73213577270508,56430000,-0.5623533373295686,0.4361548943972835,-0.1677518824604931,False
2019-07-16, $204.5,16866820, $204.59, $206.11, $203.5,49.02929970892977,49.39356358481479,48.76808577819675,49.00773239135742,67467200,-0.3460213248983379,0.6254778066180435,-0.021567317572348,False
2019-07-15, $205.21,16947420, $204.09, $205.87, $204,48.90949163010754,49.33606244180714,48.8879243058203,49.17789840698242,67789600,0.939514781862627,0.4481381359868379,0.2684067768748832,True
2019-07-12, $203.3,17595210, $202.45, $204, $202.2,48.51646413508877,48.88791717832645,48.45655247188003,48.72016525268555,70380800,0.7682855511662812,0.4313647064464163,0.2037011175967791,True
2019-07-11, $201.75,20191840, $203.31, $204.39, $201.71,48.72255727579953,48.98137608305649,48.33912484990282,48.34870910644531,80767200,-0.7282431893788632,0.6422512331536723,-0.3738481693542184,False
2019-07-10, $203.23,17897140, $201.85, $203.73, $201.56,48.37267831988703,48.82321154048537,48.303178742828166,48.70338821411133,71588400,0.98886388110504,0.5200327976572012,0.3307098942242987,True
2019-07-09, $201.24,20578020, $199.2, $201.51, $198.81,47.73761261486467,48.29119579901545,47.64415056632906,48.22649383544922,82312000,0.6099409317931404,0.6470452326863878,0.4888812205845454,True
2019-07-08, $200.02,25338630, $200.81, $201.4, $198.41,48.12344323760648,48.26483388360054,47.54829273986113,47.93412399291992,101354400,-2.061414054812405,0.7165411437394056,-0.1893192446865583,False
2019-07-05, $204.23,17265520, $203.35, $205.08, $202.9,48.73215615328759,49.14674390548091,48.62431221679531,48.94304275512695,69062000,-0.088050927653549,0.5224316886856002,0.2108866018393627,True
2019-07-03, $204.41,11362050, $203.28, $204.44, $202.6901,48.71537363624573,48.9933646445024,48.57398298189236,48.986175537109375,45448000,0.8286974840391981,0.4193816626100428,0.2708019008636455,True
2019-07-02, $202.73,16935220, $201.41, $203.1323, $201.36,48.26723307900931,48.679425613175255,48.25525001506029,48.58356475830078,67740800,0.5854715762636076,0.4241755981149637,0.3163316792914727,True
2019-07-01, $201.55,27316740, $203.17, $204.49, $200.65,48.68900379311359,49.00533908963892,48.08509328129439,48.300777435302734,109012000,1.834102317956221,0.9202458083445322,-0.3882263578108578,False
2019-06-28, $197.92,31110640, $198.68, $199.495, $197.05,47.61297723888489,47.80948917517964,47.22235582893298,47.43084716796875,124442400,-0.9112171355362576,0.5871333462466595,-0.1821300709161377,False
2019-06-27, $199.74,20899720, $200.29, $201.57, $199.57,47.99882237571496,48.30557342924731,47.8262801646343,47.86701965332031,83598800,-0.0300354801079927,0.4792932646130126,-0.1318027223946458,False
2019-06-26, $199.8,26067510, $197.77, $200.99, $197.35,47.3949186584968,48.1665811585655,47.29426750501623,47.88140106201172,104270000,2.1629103168340436,0.8723136535492699,0.4864824035149198,True
2019-06-25, $195.57,21070330, $198.43, $199.26, $195.29,47.55308073051549,47.751987879310825,46.80059043176467,46.86769485473633,84281200,-1.5157618179266197,0.9513974475461566,-0.6853858757791613,False
2019-06-24, $198.58,18220420, $198.54, $200.16, $198.17,47.57944330591722,47.967673357520425,47.49077521738597,47.58903121948242,72881600,-0.1005866553916101,0.4768981401344518,0.0095879135651983,True
2019-06-21, $198.78,47800590, $198.8, $200.85, $198.15,47.64174158739226,48.13301781549063,47.485969113903344,47.63694763183594,191202400,-0.3409371770120795,0.6470487015872877,-0.0047939555563232,False
2019-06-20, $199.46,21513990, $200.37, $200.61, $198.03,48.0179909537039,48.07550745757391,47.45721875366059,47.7999153137207,86056000,0.8035590311436858,0.618288703913322,-0.2180756399831978,False
2019-06-19, $197.87,21124240, $199.68, $199.88, $197.31,47.85263645530765,47.90056870581225,47.28467512265792,47.41887664794922,84496800,-0.2922833240007083,0.6158935831543246,-0.4337598073584345,False
2019-06-18, $198.45,26551000, $196.05, $200.29, $195.21,46.98272986269059,47.998829391898425,46.78142753974012,47.55788040161133,106204000,2.3518655941693334,1.2174018521583037,0.5751505389207381,True
2019-06-17, $193.89,14669140, $192.9, $194.96, $192.17,46.22783260024407,46.72150772045912,46.052891587494855,46.46508407592773,58676400,0.5966403211020488,0.6686161329642673,0.2372514756836565,True
2019-06-14, $192.74,18761470, $191.545, $193.5863, $190.3,45.90431878881444,46.39319636982068,45.60476046163178,46.18949890136719,75046000,-0.7262187465052472,0.7884359081889016,0.2851801125527444,True
2019-06-13, $194.15,21674630, $194.7, $196.79, $193.6,46.65919589790624,47.16005645303748,46.39558681154533,46.52738952636719,86698400,-0.0206075877564382,0.7644696414921484,-0.1318063715390494,False
2019-06-12, $194.19,18253190, $193.95, $195.97, $193.385,46.47946316766171,46.963550384252,46.34526163990616,46.53697967529297,73012800,-0.3182621172479249,0.6182887443458398,0.0575165076312558,True
2019-06-11, $194.81,26932880, $194.86, $196, $193.6,46.69754519733289,46.97074222523136,46.39559174230331,46.68556213378906,107731600,1.1579611492474884,0.575150482928052,-0.0119830635438304,False
2019-06-10, $192.58,26220850, $191.81, $195.37, $191.62,45.96662081555493,46.8197622574143,45.92108736949208,46.15114974975586,104883600,1.2779190851319733,0.8986748879222191,0.1845289342009266,True
2019-06-07, $190.15,30684390, $186.51, $191.92, $185.77,44.6965033238102,45.9929928084873,44.51916711157243,45.56881713867188,122737600,2.6617069496855494,1.4738256969148722,0.872313814861684,True
2019-06-06, $185.22,22526310, $183.08, $185.47, $182.1489,43.87451208506323,44.44726747099112,43.65163878401224,44.38735580444336,90105200,1.4681732294945071,0.7956286869788798,0.512843719380129,True
2019-06-05, $182.54,29773430, $184.28, $184.99, $181.14,44.16208845470289,44.33223920089857,43.40959805036203,43.74510192871094,119093600,1.6143522950279543,0.922641150536542,-0.4169865259919518,False
2019-06-04, $179.64,30967960, $175.44, $179.83, $174.52,42.04360617306693,43.095654753036754,41.82313170796883,43.05012130737305,123872000,3.658386149184145,1.2725230450679277,1.0065151343061205,True
2019-06-03, $173.3,40396070, $175.6, $177.92, $170.27,42.08195356453021,42.637931895817616,40.80463647024104,41.53076553344727,161584400,-1.0110167676904314,1.8332954255765728,-0.5511880310829369,False
2019-05-31, $175.07,27043580, $176.23, $177.99, $174.99,42.23292429098691,42.65470469718947,41.93576481212676,41.95493698120117,108174400,-1.8115638294671663,0.71893988506271,-0.2779873097857361,False
2019-05-30, $178.3,21218410, $177.95, $179.23, $176.67,42.64512229809682,42.95186972951379,42.33837486667986,42.729000091552734,84873600,0.5186769188771034,0.6134948628339316,0.0838777934559118,True
2019-05-29, $177.38,28481170, $176.42, $179.35, $176,42.27845585703999,42.98062234841405,42.17780471640916,42.50851821899414,113924800,-0.4769239796573288,0.8028176320048885,0.2300623619541539,True
2019-05-28, $178.23,27948160, $178.92, $180.59, $177.91,42.87757983293096,43.27778931506044,42.63553802351406,42.71222305297852,111792800,-0.4134573675788511,0.6422512915463798,-0.1653567799524395,False
2019-05-24, $178.97,23714690, $180.2, $182.14, $178.62,43.184317369517565,43.64923236699889,42.80567529586491,42.88955307006836,94858800,-0.3840753290542675,0.8435570711339793,-0.2947642994492057,False
2019-05-23, $179.66,36529740, $179.8, $180.54, $177.81,43.08846676529334,43.265802939260645,42.61156863348258,43.05491638183594,146118800,-1.7069750708746725,0.6542343057780684,-0.0335503834574026,False
2019-05-22, $182.78,29748560, $184.66, $185.71, $182.55,44.25315300927631,44.50478273302888,43.74749841159521,43.802616119384766,118994400,-2.047169845121044,0.7572843214336729,-0.4505368898915449,False
2019-05-21, $186.6,28364850, $185.22, $188, $184.7,44.38735740248691,45.05357486594591,44.26274010770005,44.71807098388672,113459200,1.9171075946610383,0.7908347582458646,0.3307135813998059,True
2019-05-20, $183.09,38612290, $183.52, $184.349, $180.2839,43.979953493197925,44.17886064816322,43.203497043820846,43.87690353393555,154449200,-3.126971064509787,0.9753636043423768,-0.1030499592623783,False
2019-05-17, $189,32879090, $186.93, $190.9, $186.76,44.79713884034815,45.74853617008886,44.75639935564675,45.29320907592773,131516400,-0.5681928571285133,0.9921368144421124,0.4960702355795803,True
2019-05-16, $190.08,33031360, $189.91, $192.4689, $188.84,45.51129298187126,46.12478777769744,45.25486932916094,45.552032470703125,132125600,-0.4399962814632174,0.8699184485365024,0.0407394888318677,True
2019-05-15, $190.92,26544720, $186.27, $191.75, $186.02,44.63898984677007,45.95225268045824,44.57907817443571,45.75334548950195,106178800,1.1979427918614285,1.373174506022529,1.11435564273188,True
2019-05-14, $188.66,36529680, $186.41, $189.7, $185.41,44.67252984613877,45.46096566171211,44.43288321254333,45.21173477172852,146118800,1.583024128398658,1.028082449168778,0.5392049255897504,True
2019-05-13, $185.72,57430620, $187.71, $189.48, $182.85,44.98407358813538,45.408245519270494,43.81939074079154,44.50717544555664,229722400,-5.811953585422536,1.5888547784789535,-0.4768981425787402,False
2019-05-10, $197.18,41208710, $197.419, $198.85, $192.77,47.31104511214,47.65374175144033,46.19668956028004,47.2535285949707,164834800,-1.3853246848261724,1.4570521911602867,-0.0575165171692972,False
2019-05-09, $200.72,34908610, $200.4, $201.68, $196.66,47.84094484782978,48.14651547093701,46.94810716328086,47.91733932495117,139634400,-1.0744332563034642,1.1984083076561518,0.07639447712139,True
2019-05-08, $202.9,26339500, $201.9, $205.34, $201.75,48.19904352807667,49.02026607598343,48.1632358878382,48.43777084350586,105358000,0.0197161628739284,0.8570301881452309,0.2387273154291875,True
2019-05-07, $202.86,38763700, $205.88, $207.4175, $200.825,49.149180158416655,49.51681861609969,47.943606504322965,48.42822265625,155054800,-2.6956884911332413,1.5732121117767264,-0.7209575021666552,False
2019-05-06, $208.48,32443110, $204.29, $208.84, $203.5,48.76959522626785,49.85580509657565,48.581002274765794,49.76986312866211,129772400,-1.5442841541403074,1.2748028218098568,1.0002679023942562,True
2019-05-03, $211.75,20892380, $210.89, $211.84, $210.23,50.34520096477196,50.57199117489854,50.1876400699806,50.55050659179688,83569600,1.2431237022303645,0.3843511049179398,0.20530562702492,True
2019-05-02, $209.15,31996320, $209.84, $212.65, $208.13,50.09453963227768,50.76536281433166,49.68631795761022,49.92981719970703,127985200,-0.6507629072657339,1.0790448567214384,-0.1647224325706489,False
2019-05-01, $210.52,64827330, $209.88, $215.31, $209.23,50.10408494939952,51.400372389710334,49.948910024794905,50.25687026977539,259309200,4.908546791572865,1.4514623649154288,0.1527853203758695,True
2019-04-30, $200.67,45751160, $203.06, $203.4, $199.11,48.47596891449491,48.55713532887878,47.532996731014585,47.90541076660156,186139600,-1.9255925293576224,1.0241385978641944,-0.570558147893351,False
2019-04-29, $204.61,22010360, $204.4, $205.97, $203.86,48.795851084600464,49.17065463588192,48.666939965404616,48.845985412597656,88818800,0.1517134737317071,0.5037146704773008,0.0501343279971919,True
2019-04-26, $204.3,18612770, $204.9, $205, $202.12,48.91522593472804,48.93910012357154,48.25156428300405,48.77199172973633,74596400,-0.4773942768109829,0.6875358405674916,-0.1432342049917139,False
2019-04-25, $205.28,18463850, $206.83, $207.76, $205.12,49.37597136789553,49.597986024015086,48.9677460534086,49.00594329833984,74172800,-0.907494632938699,0.630239970606489,-0.3700280695556941,False
2019-04-24, $207.16,17427570, $207.36, $208.48, $207.05,49.50248715739649,49.7698605357806,49.428482286071535,49.45474243164063,70162400,-0.1542556071400858,0.3413782497090665,-0.0477447257558552,False
2019-04-23, $207.48,23286380, $204.43, $207.75, $203.9,48.80302789469298,49.59560440430232,48.67650269713452,49.53114700317383,93292000,1.442364747542424,0.9191017071678048,0.7281191084808469,True
2019-04-22, $204.53,17841920, $202.83, $204.94, $202.34,48.421049618013726,48.924764272283525,48.30407195157679,48.82688522338867,77758000,0.3286552342396609,0.6206923207067376,0.4058356053749463,True
2019-04-18, $203.86,24185530, $203.12, $204.15, $202.52,48.49027930010313,48.73616808351934,48.34704513144578,48.66693878173828,96783200,0.3593278450052306,0.3891229520735564,0.1766594816351485,True
2019-04-17, $203.13,28865310, $199.54, $203.38, $198.61,47.63565702732204,48.5523728815622,47.41364232534743,48.49269104003906,115627200,1.947342618629233,1.1387305562147674,0.8570340127170226,True
2019-04-16, $199.25,25668330, $199.46, $201.37, $198.56,47.61654439577956,48.07251072757956,47.401687660312966,47.56641006469727,102785600,0.0100256665083398,0.6708230672665962,-0.0501343310822903,False
2019-04-15, $199.23,17524150, $198.58, $199.85, $198.01,47.40647039627106,47.70965510465262,47.270394078957786,47.561641693115234,70146400,0.1810216890161697,0.439261025694833,0.1551712968441734,True
2019-04-12, $198.87,27738580, $199.2, $200.14, $196.21,47.55448083017114,47.778885091039584,46.84068848347784,47.47570037841797,111042800,-0.0401992695057806,0.9381966075617428,-0.0787804517531682,False
2019-04-11, $198.95,20543190, $200.85, $201, $198.4431,47.948376968364045,47.984184604276585,47.373043333440464,47.49479293823242,83603200,-0.8324420541063082,0.6111412708361215,-0.4535840301316227,False
2019-04-10, $200.62,21654750, $198.68, $200.74, $198.18,47.43034676524087,47.92212815174793,47.31098309372453,47.89347839355469,86781200,0.5614385321524251,0.6111450580233964,0.4631316283138176,True
2019-04-09, $199.5,35738280, $200.32, $202.85, $199.23,47.82184528555595,48.42582494696021,47.56162981016656,47.6260871887207,143072800,-0.2998695781749938,0.8641951367936542,-0.1957580968352488,False
2019-04-08, $200.1,25829880, $196.42, $200.23, $196.34,46.89081455147626,47.80036495686794,46.871715930873805,47.76933288574219,103526800,1.573621514674883,0.9286490259941332,0.8785183342659266,True
2019-04-05, $197,18473070, $196.45, $197.1, $195.93,46.89796945071504,47.0531443551704,46.77383025568853,47.02927017211914,74106400,0.6694343238318856,0.2793140994818728,0.1313007214041022,True
2019-04-04, $195.69,19090050, $194.79, $196.37, $193.14,46.50167696165577,46.87886643379977,46.10777847709495,46.71653366088867,76457200,0.1740096224302822,0.7710879567048181,0.2148566992329037,True
2019-04-03, $195.35,23243160, $193.25, $196.5, $193.15,46.13405477487213,46.90991856798124,46.11018058570054,46.63538360595703,93087200,0.6854992767637791,0.7997379822806963,0.5013288310848978,True
2019-04-02, $194.02,22727370, $191.09, $194.46, $191.05,45.6184019777921,46.4229155104042,45.60885448792773,46.31787490844727,91062800,1.453670787162209,0.8140610224764728,0.6994729306551761,True
2019-04-01, $191.24,27308200, $191.64, $191.68, $188.38,45.74970242041629,45.759249910216006,44.97145268625358,45.65421295166016,111448000,0.6791395854734317,0.7877972239624285,-0.0954894687561278,False
2019-03-29, $189.95,23524830, $189.83, $190.08, $188.54,45.31760251717808,45.37728434049375,45.00964226896314,45.34624862670898,94256000,0.6517375759666821,0.3676420715306108,0.0286461095308965,True
2019-03-28, $188.72,20710390, $188.95, $189.559, $187.53,45.10753001684638,45.25315383947743,44.76853763227856,45.0526237487793,83121600,0.1326875589516385,0.4846162071988686,-0.0549062680670857,False
2019-03-27, $188.47,29771210, $188.75, $189.76, $186.55,45.05976707313321,45.30088027696458,44.53456786757349,44.992923736572266,119393600,0.8993545059046593,0.7663124093910838,-0.0668433365609431,False
2019-03-26, $186.79,49696100, $191.664, $192.88, $184.58,45.754489402134034,46.04573709000146,44.06429915609198,44.59188461303711,199202000,-1.0331434763927616,1.9814379339094828,-1.1626047890969249,False
2019-03-25, $188.74,43751810, $191.51, $191.98, $186.6,45.71866412166276,45.83086624459337,44.54651584172195,45.05739212036133,175381200,-1.2090997003534445,1.284350402871425,-0.6612720013014339,False
2019-03-22, $191.05,42287640, $195.34, $197.69, $190.78,46.63298702263183,47.19399759999864,45.54439118481218,45.608848571777344,169630800,-2.070839557952475,1.6496064151864616,-1.0241384508544868,False
2019-03-21, $195.09,50943120, $190.02, $196.33, $189.81,45.36296154771991,46.8693301940771,45.31282721306185,46.57330703735352,204136800,3.6830460833618073,1.5565029810152495,1.2103454896336103,True
2019-03-20, $188.16,31003380, $186.23, $189.49, $184.73,44.458176915154105,45.236430119419495,44.100086022695,44.918922424316406,124140800,0.873829007963689,1.1363440967244929,0.4607455091623009,True
2019-03-19, $186.53,31440300, $188.35, $188.99, $185.92,44.96429352836273,45.11707887203992,44.384184229156126,44.5298080444336,126585600,-0.7924723034983705,0.7328946428837924,-0.4344854839291301,False
2019-03-18, $188.02,26148590, $185.8, $188.39, $185.79,44.35553834520154,44.97384125151117,44.35314874059598,44.88551330566406,104879200,1.0208659975366574,0.6206925109151911,0.5299749604625248,True
2019-03-15, $186.12,39017490, $184.85, $187.33, $183.74,44.12874187114219,44.7207845418945,43.86375442838504,44.431922912597656,156171600,1.3008182122898893,0.8570301135094596,0.303181041455467,True
2019-03-14, $183.73,23527660, $183.9, $184.1, $182.56,43.90194947627824,43.9496978509338,43.58205576514747,43.861366271972656,94318000,1.11164831770989,0.3676420857863292,-0.0405832043055838,False
2019-03-13, $181.71,30929740, $182.25, $183.3, $180.92,43.508053910775175,43.758718324395794,43.19054613921437,43.37914276123047,124130000,0.4422288006507902,0.5681721851814245,-0.1289111495447059,False
2019-03-12, $180.91,32416800, $180, $182.67, $179.37,42.97090961813976,43.60831100701947,42.82051026881575,43.18815231323242,129870400,1.1235267594925435,0.7878007382037211,0.2172426950926649,True
2019-03-11, $178.9,31123000, $175.49, $179.12, $175.35,41.89425565466456,42.76083328628098,41.86083397800015,42.70831298828125,128044000,3.4642226978258472,0.899999308280826,0.8140573336166881,True
2019-03-08, $172.91,23985960, $170.32, $173.07, $169.5,40.66003653722328,41.31653662922078,40.464278397663925,41.27833938598633,95997600,0.2376701819287952,0.8522582315568528,0.6183028487630509,True
2019-03-07, $172.5,24755470, $173.87, $174.44, $172.02,41.50752098479349,41.64359731559196,41.06587759625248,41.18046569824219,99185600,-1.1574469144881805,0.5777197193394841,-0.3270552865512997,False
2019-03-06, $174.52,20755140, $174.67, $175.49, $173.94,41.69849684673069,41.89425498024918,41.52422693854948,41.662689208984375,83241600,-0.5753935199725446,0.3700280416996975,-0.0358076377463163,False
2019-03-05, $175.53,19238480, $175.94, $176, $174.54,42.00168002759919,42.01600308218327,41.66745963565002,41.90380096435547,78949600,-0.1819560713844814,0.3485434465332488,-0.0978790632437238,False
2019-03-04, $175.85,27413060, $175.69, $177.75, $173.97,41.94198922989236,42.43376675972055,41.53137808713145,41.98018646240234,109744800,0.5029414738173088,0.9023886725890976,0.0381972325099795,True
2019-03-01, $174.97,25737560, $174.28, $175.15, $172.89,41.60538488377798,41.81307642584319,41.273554151625085,41.77010726928711,103544800,1.051090598204785,0.5395222742181076,0.1647223855091297,True
2019-02-28, $173.15,27953810, $174.32, $174.91, $172.92,41.61494648285592,41.75579472169711,41.28072606279908,41.33563232421875,112861600,-0.9835769568236064,0.4750686588980244,-0.2793141586371703,False
2019-02-27, $174.87,27817640, $173.21, $175, $172.73,41.34995418814767,41.7772744208693,41.23536246985703,41.746238708496094,111341600,0.3097417407243785,0.541911951012267,0.3962845203484235,True
2019-02-26, $174.33,16991610, $173.71, $175.3, $173.1732,41.46932269171113,41.8488982409956,41.34040790419096,41.617332458496094,68280800,0.0573945409702458,0.5084903368046412,0.1480097667849662,True
2019-02-25, $174.23,21846400, $174.16, $175.87, $173.95,41.57675106475054,41.984972743412,41.52661672459904,41.59346008300781,87493600,0.7284502445535246,0.4583560188129638,0.0167090182572735,True
2019-02-22, $172.97,18890250, $171.58, $173, $171.38,40.96083275523248,41.29982510218546,40.91308802122455,41.29266357421875,75652800,1.1165806780006449,0.3867370809609056,0.3318308189862691,True
2019-02-21, $171.06,17154540, $171.8, $172.37, $170.3,41.01334849852102,41.14942115745932,40.65525756921384,40.83668899536133,68998800,-0.5639059681759151,0.4941635882454847,-0.1766595031596907,False
2019-02-20, $172.03,25323890, $171.19, $173.32, $170.99,40.86774530443196,41.3762358459738,40.82000055166685,41.06827545166016,104457600,0.6435754311108655,0.5562352943069513,0.2005301472281999,True
2019-02-19, $170.93,18958570, $169.71, $171.44, $169.49,40.51441626019325,40.92741351587097,40.46189595684812,40.805660247802734,75891200,0.2992486482006118,0.4655175590228495,0.2912439876094836,True
2019-02-15, $170.42,24603320, $171.25, $171.7, $169.75,40.88205832041398,40.98948489841133,40.52396729862934,40.68391418457031,98507200,-0.2224660282989066,0.4655175997819896,-0.1981441358436697,False
2019-02-14, $170.8,21785180, $169.71, $171.2615, $169.38,40.51441198616583,40.88443638975765,40.43563153945899,40.77462387084961,87342800,0.3643373097574232,0.4488048502986643,0.2602118846837769,True
2019-02-13, $170.18,22389660, $171.39, $172.48, $169.92,40.91546759362625,41.17567944962109,40.56453820729998,40.62660598754883,89960800,-0.4154863431563349,0.6111412423211107,-0.2888616060774254,False
2019-02-12, $170.89,22224400, $170.1, $171, $169.7,40.60751528119588,40.82236839461806,40.51202217536083,40.79610824584961,89134000,0.861701798570369,0.3103462192572266,0.1885929646537292,True
2019-02-11, $169.43,20940020, $171.05, $171.21, $169.25,40.83431156223369,40.87250881024949,40.404601628781016,40.44757080078125,83973600,-0.5750899861577063,0.4679071814684761,-0.3867407614524367,False
2019-02-08, $170.41,23793830, $168.99, $170.66, $168.42,40.34253380423419,40.74120801805574,40.206457474282914,40.68152618408203,95280000,0.1175283393130222,0.534750543772823,0.3389923798478378,True
2019-02-07, $170.94,31644240, $172.4, $173.94, $170.34,40.98082132939204,41.34689335525924,40.49114386491136,40.63376998901367,126966800,-1.8939383473263849,0.8557494903478826,-0.3470513403783712,False
2019-02-06, $174.24,28204640, $174.65, $175.57, $172.8531,41.51566269527601,41.73435704669742,41.08779158917797,41.41820526123047,112958400,0.0344487803574766,0.6465654575194506,-0.0974574340455447,False
2019-02-05, $174.18,36054570, $172.86, $175.08, $172.3501,41.09016970398383,41.61788130053395,40.96894003396188,41.4039421081543,144406400,1.710938874169643,0.6489412665720735,0.3137724041704643,True
2019-02-04, $171.25,31384720, $167.41, $171.655, $167.28,39.79466519430484,40.8049233830398,39.76376201843734,40.707462310791016,125982000,2.840492830223451,1.0411613646024591,0.9127971164861748,True
2019-02-01, $166.52,32644590, $166.96, $168.98, $165.93,39.68769901522233,40.16786619757071,39.4428566249422,39.583106994628906,130672400,0.048074104699336,0.7250095726285082,-0.1045920205934223,False
2019-01-31, $166.44,40613260, $166.11, $169, $164.56,39.48564290460484,40.17261830328575,39.1171950882309,39.5640869140625,162958400,0.7201183607214778,1.0554232150548517,0.0784440094576623,True
2019-01-30, $165.25,60800480, $163.25, $166.15, $160.23,38.8058000469352,39.495151246226506,38.087921443945866,39.28121566772461,244439200,6.833445364568025,1.407229802280639,0.4754156207894127,True
2019-01-29, $154.68,39914850, $156.25, $158.13, $154.11,37.14185313626924,37.58874507388774,36.63315846080026,36.76865005493164,166348800,-1.0364564231816642,0.9555866130874832,-0.3732030813375999,False
2019-01-28, $156.3,26147280, $155.79, $156.33, $153.66,37.03249899249603,37.16086324410127,36.52618381177193,37.15373229980469,104768400,-0.9254466027268872,0.6346794323293423,0.1212333073086568,True
2019-01-25, $157.76,33508960, $155.48, $158.13, $154.32,36.95880850768255,37.58873636724454,36.6830702104898,37.50078201293945,134142000,3.3136958310392206,0.9056661567547408,0.5419735052569052,True
2019-01-24, $152.7,25418110, $154.11, $154.48, $151.74,36.63314628936311,36.72109700768508,36.06978000885468,36.297977447509766,101766000,-0.7926125697623077,0.6513169988304028,-0.3351688418533456,False
2019-01-23, $153.92,23046560, $154.15, $155.14, $151.7,36.64265013280645,36.87798212341248,36.060266840198814,36.58797836303711,92522400,0.4043992643745886,0.8177152832136656,-0.0546717697693424,False
2019-01-22, $153.3,30273990, $156.41, $156.73, $152.62,37.17988432442107,37.25594894751966,36.2789695747918,36.44061279296875,121576000,-2.244619927091951,0.9769793727278612,-0.7392715314523173,False
2019-01-18, $156.82,33259460, $157.5, $157.88, $155.9806,37.43898716508409,37.529317310673214,37.07767020986163,37.27734756469727,135004000,0.6159462556981188,0.4516471008115843,-0.1616396003868203,False
2019-01-17, $155.86,29616190, $154.2, $157.66, $153.26,36.65454885295936,37.477019589891874,36.4311028990532,37.04914474487305,119284800,0.5938033409011778,1.0459166908386734,0.3945958919136885,True
2019-01-16, $154.94,30483120, $153.08, $155.88, $153,36.38830771618193,37.0538902314347,36.36929065835952,36.8304443359375,122278800,1.2216467095217176,0.6845995730751824,0.4421366197555727,True
2019-01-15, $153.07,28449940, $150.27, $153.39, $150.05,35.72035413413402,36.462001351236886,35.66805812501693,36.38593673706055,114843600,2.046666692343213,0.7939432262199588,0.665582602926527,True
2019-01-14, $150,32018540, $150.85, $151.27, $149.22,35.858226807909084,35.95806365903001,35.47076189295389,35.65617370605469,129756800,-1.503675493140122,0.4873017660761221,-0.2020531018543963,False
2019-01-11, $152.29,26924630, $152.88, $153.7, $151.51,36.34076226258162,36.535680732984765,36.015100176105385,36.20051193237305,108092800,-0.9818190886474288,0.5205805568793807,-0.1402503302085733,False
2019-01-10, $153.8,35661200, $152.5, $153.97, $150.86,36.25043882659319,36.59986957627264,35.8605981869204,36.5594596862793,143122800,0.3196065028770123,0.7392713893522398,0.3090208596861075,True
2019-01-09, $153.31,45034370, $151.29, $154.53, $149.63,35.96281471962946,36.73298936707537,35.56822249255178,36.44298553466797,180396400,1.6981647871976646,1.1647668745235862,0.4801708150385053,True
2019-01-08, $150.75,40622910, $149.56, $151.82, $148.52,35.55158448343476,36.08880653095804,35.30436992220377,35.83445739746094,164101200,1.9063004986730416,0.7844366087542696,0.2828729140261785,True
2019-01-07, $147.93,54571440, $148.7, $148.83, $145.9,35.34715961100301,35.378062794844915,34.68157684830646,35.16412353515625,219111200,-0.2225655633207757,0.6964859465384521,-0.1830360758467577,False
2019-01-04, $148.26,57423650, $144.53, $148.5499, $143.8,34.35591215580835,35.311498641777554,34.18238645663675,35.24256134033203,234428400,4.268947351135344,1.129112185140805,0.8866491845236837,True
2019-01-03, $142.19,91106840, $143.98, $145.72, $142,34.225166520409374,34.63877937995314,33.75450611274441,33.7996711730957,365248800,-9.960766532209798,0.8842732672087337,-0.4254953473136709,False
2019-01-02, $157.92,35637070, $154.89, $158.85, $154.23,36.81857144063734,37.75989619158616,36.661683377623504,37.53882598876953,148158800,0.1141172859558281,1.098212813962654,0.7202545481321891,True
2018-12-31, $157.74,34499390, $158.53, $159.36, $156.48,37.68382412991746,37.88112207522634,37.196522325444576,37.496036529541016,140014000,0.9665375347730708,0.6845997497817606,-0.1877876003764456,False
2018-12-28, $156.23,41740600, $157.5, $158.52, $154.55,37.43898254454257,37.68144554233319,36.73774518421436,37.13709259033203,169165600,0.0512421019744468,0.943700358118832,-0.3018899542105373,False
2018-12-27, $156.15,51608850, $155.84, $156.77, $150.07,37.04438367014031,37.265453816149545,35.672812239071256,37.118072509765625,212468400,-0.6489895026884795,1.5926415770782896,0.0736888396253121,True
2018-12-26, $157.17,58133850, $148.3, $157.23, $146.72,35.252071232061816,37.37480037184857,34.876492432675754,37.360538482666016,234330000,7.042140685209786,2.4983079391728182,2.1084672506041997,True
2018-12-24, $146.83,37169230, $148.15, $151.55, $146.59,35.216417596506616,36.02462648734003,34.845593919582576,34.902645111083984,148676800,-2.587403921111031,1.179032567757453,-0.313772485422632,False
2018-12-21, $150.73,95497900, $156.86, $158.16, $149.63,37.28685460935689,37.595875549010096,35.568227818141445,35.82970428466797,382978400,-3.8895571367248527,2.027647730868651,-1.457150324688918,False
2018-12-20, $156.83,64398230, $160.4, $162.11, $155.3,38.12833539369746,38.53481738866487,36.91602760796268,37.27972030639648,259092000,-2.5234286671830253,1.618789780702187,-0.8486150873009848,False
2018-12-19, $160.89,47597670, $166, $167.45, $159.09,39.45948734110407,39.80416286052456,37.816925883080046,38.24480056762695,196189200,-3.1191968871036035,1.9872369774445175,-1.2146867734771192,False
2018-12-18, $166.07,33753490, $165.38, $167.53, $164.39,39.31212009387407,39.82319045162126,39.07678804833182,39.47613906860352,135366000,1.2992544322687705,0.7464024032894372,0.1640189747294513,True
2018-12-17, $163.94,43250420, $165.45, $168.35, $162.73,39.32875944469472,40.01811432265728,38.68219386191158,38.96982192993164,177151600,-0.9306445997593004,1.3359204607457045,-0.3589375147630775,False
2018-12-14, $165.48,40620360, $169, $169.08, $165.28,40.17263211444055,40.1916491802834,39.28835850198743,39.335899353027344,162814800,-3.1997396297571923,0.9032906782959672,-0.8367327614132094,False
2018-12-13, $170.95,31754210, $170.49, $172.57, $169.55,40.52680679610269,41.02123948791272,40.30336086904943,40.63615036010742,127594400,1.0940339037482485,0.7178786188632955,0.1093435640047317,True
2018-12-12, $169.1,35474680, $170.4, $171.92, $169.02,40.50540546611536,40.866722318061136,40.17737118640724,40.196388244628906,142510800,0.278703108387579,0.6893511316538934,-0.3090172214864566,False
2018-12-11, $168.63,45968040, $171.66, $171.79, $167,40.8049254280497,40.83582497833246,39.69720611155068,40.08467102050781,189126800,-0.5719502342927507,1.1386188667817834,-0.7202544075418871,False
2018-12-10, $169.6,61759000, $165, $170.09, $163.33,39.22179661258494,40.431728740606445,38.824824924550015,40.31525421142578,248104000,0.6588100920143392,1.6069038160564304,1.0934575988408426,True
2018-12-07, $168.49,41678680, $173.49, $174.49, $168.3,41.23993069277843,41.47763851102162,40.00622653575494,40.0513916015625,169126400,-3.5657031042909293,1.471411975266676,-1.1885390912159297,False
2018-12-06, $174.72,42704910, $171.76, $174.78, $170.42,40.828693744644816,41.54657237465909,40.510166137236766,41.53231048583984,172393600,-1.1149475522887808,1.0364062374223266,0.7036167411950203,True
2018-12-04, $176.69,41141250, $180.95, $182.3899, $176.27,43.01322909530219,43.35552893478612,41.90075824411287,42.00059509277344,165377200,-4.398872813262422,1.45477069067325,-1.012634002528749,False
2018-12-03, $184.82,40537700, $184.46, $184.94, $181.21,43.8475839184316,43.96168265082732,43.07503354139538,43.93315887451172,163210000,3.4942383053306214,0.8866491094319429,0.0855749560801157,True
2018-11-30, $178.58,39424260, $180.29, $180.33, $177.03,42.85633792843457,42.865848271687376,42.081411801458295,42.44985961914063,158126000,-0.5402371380409221,0.7844364702290818,-0.4064783092939379,False
2018-11-29, $179.55,41523580, $182.66, $182.8, $177.7,43.41970656582618,43.45298551193402,42.24067431047254,42.68043518066406,167080000,-0.7682280095197891,1.2123112014614748,-0.7392713851621195,False
2018-11-28, $180.94,45941750, $176.73, $181.29, $174.93,42.01010503821361,43.09405219512892,41.582230205975,43.01085662841797,184250000,3.845293047205755,1.5118219891539155,1.000751590204359,True
2018-11-27, $174.24,41156140, $171.51, $174.77, $170.88,40.76926040452482,41.544190095580014,40.61950696824367,41.41820526123047,165549600,-0.2176319464324394,0.924683127336344,0.648944856705647,True
2018-11-26, $174.62,44662320, $174.24, $174.95, $170.26,41.41821459606718,41.58698512821086,40.47213479849216,41.50854110717773,179994000,1.3523721631024443,1.1148503297187062,0.0903265111105469,True
2018-11-23, $172.29,23623970, $174.94, $176.595, $172.1,41.58460933705691,41.97920521463513,40.90951995451612,40.954681396484375,94496000,-2.5398674686775258,1.0696852601190088,-0.6299279405725358,False
2018-11-21, $176.78,31096240, $179.73, $180.27, $176.55,42.723221376680144,42.85158561836727,41.96731232258113,42.0219841003418,124496800,-0.1130276391341666,0.8842732957861372,-0.7012372763383468,False
2018-11-20, $176.98,67678680, $178.37, $181.47, $175.51,42.39994806836374,43.13684385464393,41.720103471884805,42.06953430175781,271300800,-4.777793645829553,1.416740382759123,-0.330413766605929,False
2018-11-19, $185.86,41626820, $190, $190.7, $184.99,45.164492142823775,45.33088691476528,43.97357710314176,44.18038177490234,167701200,-3.9632019955608944,1.357309811623523,-0.9841103679214384,False
2018-11-16, $193.53,36191330, $190.5, $194.9695, $189.46,45.283342805851085,46.34589712406459,45.036128252088695,46.00359725952149,147713200,1.107587030264634,1.3097688719758978,0.7202544536704067,True
2018-11-15, $191.41,46271660, $188.39, $191.97, $186.9,44.78177050498005,45.632764830183646,44.42758459138479,45.49964904785156,185915200,2.4678534220683668,1.205180238798853,0.7178785428715102,True
2018-11-14, $186.8,60547340, $193.9, $194.48, $185.93,46.09155124730951,46.22942223730996,44.19701936866865,44.40382766723633,243204000,-2.824722307977301,2.032402868641313,-1.6877235800731825,False
2018-11-13, $192.23,46725710, $191.63, $197.18, $191.4501,45.55194993542723,46.871225412365966,45.50916064244286,45.69457244873047,187531600,-0.9991119427378736,1.3620647699231083,0.1426225133032375,True
2018-11-12, $194.17,50991030, $199, $199.85, $193.79,47.30384878341077,47.50590184967047,46.06538963892169,46.15571975708008,204542000,-5.037437764293518,1.4405122107487855,-1.1481290263306931,False
2018-11-09, $204.47,34317760, $205.55, $206.01, $202.25,48.86084706340695,48.9701906382226,48.076410468774,48.604122161865234,137463200,-1.9281424045159643,0.893780169448597,-0.2567249015417161,False
2018-11-08, $208.49,25289270, $209.98, $210.12, $206.75,49.9138861511166,49.947165100246615,49.146090921602585,49.5597038269043,101450400,-0.3489074819131965,0.8010741786440292,-0.354182324212303,False
2018-11-07, $209.95,33291640, $205.97, $210.06, $204.13,48.7904402414107,49.75928386295156,48.35457952948075,49.73322677612305,133697600,3.0328188014881796,1.4047043334708107,0.9427865347123472,True
2018-11-06, $203.77,31774720, $201.92, $204.72, $201.69,47.83107430781383,48.49434270740384,47.77659261786653,48.26930618286133,127531600,1.0813988470170344,0.7177500895373115,0.4382318750474994,True
2018-11-05, $201.59,66072170, $204.3, $204.39, $198.17,48.39485679873955,48.416175251111405,46.94277307848563,47.752906799316406,264654800,-2.838809436934686,1.473402172625775,-0.6419499994231472,False
2018-11-02, $207.48,91046560, $209.55, $213.65, $205.43,49.63847450952793,50.609685619388856,48.662521147330224,49.14812850952149,365314800,-6.633073893134933,1.9471644720586312,-0.4903460000064399,False
2018-11-01, $222.22,52954070, $219.05, $222.36, $216.81,51.88884958968762,52.67292611590215,51.35823417541894,52.63976287841797,233292800,1.535235767850773,1.3146919404832076,0.7509132887303522,True
2018-10-31, $218.86,38016810, $216.88, $220.45, $216.62,51.37481380979864,52.22047811049344,51.31322236292952,51.84383773803711,153435600,2.606654500331129,0.9072557475639158,0.4690239282384709,True
2018-10-30, $213.3,36487930, $211.15, $215.18, $209.27,50.01748223969893,50.97211353591535,49.57214787858827,50.52677917480469,146640000,0.499428277464875,1.3999656573270798,0.509296935105759,True
2018-10-29, $212.24,45713690, $219.19, $219.69, $206.09,51.92201247556305,52.04045312499331,48.8188660146814,50.27568817138672,183742000,-1.8770235885804731,3.2215871103119156,-1.646324304176332,False
2018-10-26, $216.3,47191700, $215.9, $220.19, $212.67,51.142672067536914,52.15889488542669,50.37754646798605,51.2374267578125,189033600,-1.5923383247657408,1.7813484174406398,0.094754690275586,True
2018-10-25, $219.8,29027340, $217.71, $221.38, $216.75,51.571420652025175,52.4407744415898,51.3440130522694,52.06650161743164,119423200,2.189751347064739,1.096761389320399,0.4950809654064656,True
2018-10-24, $215.09,39992120, $222.6, $224.23, $214.54,52.729786809714994,53.11590092930237,50.82052020643141,50.9508056640625,163702000,-3.430146497685216,2.2953807228709593,-1.7789811456524944,False
2018-10-23, $222.73,38681170, $215.83, $223.25, $214.7,51.12609101465835,52.88374981323003,50.8584139910956,52.76057052612305,155071200,0.9426710033532348,2.02533582213443,1.634479511464697,True
2018-10-22, $220.65,28751540, $219.79, $223.36, $218.94,52.06413853844261,52.909806501448585,51.86279160524243,52.26785659790039,115168400,0.6110146981009867,1.0470148962061572,0.2037180594577776,True
2018-10-19, $219.31,32874330, $218.06, $221.26, $217.43,51.65433023008418,52.4123495869144,51.505093870239605,51.95043182373047,132314800,1.5229757662011734,0.907255716674797,0.2961015936462914,True
2018-10-18, $216.02,32389280, $217.86, $219.74, $213,51.60696904538655,52.05230712268696,50.45572558464888,51.17110824584961,130325200,-2.337338457477034,1.5965815380380803,-0.4358607995369397,False
2018-10-17, $221.19,22692880, $222.3, $222.64, $219.34,52.65871322646053,52.7392520002313,51.95754299454812,52.395774841308594,91541600,-0.4321322812498862,0.781709005683183,-0.2629383851519336,False
2018-10-16, $222.15,28802550, $218.93, $222.99, $216.7627,51.86041853976065,52.82215960325249,51.34638657960489,52.62317657470703,116736000,2.20371990023267,1.475773023647598,0.7627580349463798,True
2018-10-15, $217.36,30280450, $221.16, $221.83, $217.27,52.38866351212896,52.54737353222936,51.46719549932301,51.4885139465332,123164000,-2.138588684596332,1.0801780329063462,-0.9001495655957541,False
2018-10-12, $222.11,39494770, $220.42, $222.88, $216.84,52.21337471372891,52.79610429097438,51.36533924220412,52.61370468139648,161351600,3.5719118526758686,1.4307650487702546,0.4003299676675667,True
2018-10-11, $214.45,52902320, $214.52, $219.5, $212.32,50.81578539388251,51.995453439346754,50.29464717570925,50.79920196533203,212497600,-0.8827561588283794,1.700806263637503,-0.0165834285504757,False
2018-10-10, $216.36,41084070, $225.46, $226.35, $216.05,53.407249758837416,53.618073932849306,51.178196264433616,51.25162887573242,167962400,-4.632626083470348,2.43987766841569,-2.1556208831049943,False
2018-10-09, $226.87,26656630, $223.64, $227.27, $222.2462,52.976134925197805,53.83601521931259,52.64687005570699,53.74126052856445,107564000,1.3853456624539406,1.189145163605602,0.7651256033666485,True
2018-10-08, $223.77,28784550, $222.21, $224.8, $220.2,52.63739704276325,53.25091876301774,52.16126330037392,53.00693130493164,118655600,-0.2318251701622475,1.0896554626438189,0.3695342621683934,True
2018-10-05, $224.29,33507770, $227.96, $228.41, $220.58,53.99945772125052,54.106053573442246,52.25127273302901,53.13010025024414,134322000,-1.622899637852704,1.854780840413234,-0.8693574710063814,False
2018-10-04, $227.99,31961120, $230.78, $232.35, $226.73,54.66747000693128,55.03937540931181,53.70809995089933,54.00657272338867,128168000,-1.758077748763376,1.3312754584124775,-0.6608972835426101,False
2018-10-03, $232.07,28540490, $230.05, $233.47, $229.78,54.49454032674915,55.30467388755188,54.430581367745326,54.97304153442383,114619200,1.2168480888250732,0.8740925198065526,0.4785012076746753,True
2018-10-02, $229.28,24435010, $227.25, $230, $226.63,53.83127647394593,54.48270006163944,53.68441122173111,54.3121452331543,99152800,0.8888571747242668,0.7982888399083308,0.48086875920837,True
2018-10-01, $227.26,23171020, $227.95, $229.42, $226.35,53.99708972184782,54.34530550981975,53.61808182382863,53.833641052246094,94403200,0.6733377662752504,0.7272236859911203,-0.1634486696017276,False
2018-09-28, $225.74,22560440, $224.79, $225.84, $224.02,53.24854310635677,53.497269181508,53.06614711716459,53.47358322143555,91717600,0.351191755408986,0.4311220643434126,0.2250401150787766,True
2018-09-27, $224.95,29729270, $223.82, $226.44, $223.54,53.018772217071486,53.63940004203078,52.95244213031854,53.28644561767578,120724800,2.055164072886484,0.6869579117122413,0.2676734006042949,True
2018-09-26, $220.42,23430370, $221, $223.75, $219.76,52.35076667766207,53.00219024491804,52.057032567926086,52.213375091552734,95938800,-0.7966247977145735,0.945157676991954,-0.137391586109338,False
2018-09-25, $222.19,22811140, $219.75, $222.82, $219.7,52.05466892569171,52.78189629707581,52.04282413704768,52.632659912109375,98217600,0.6341026715635856,0.7390721600281296,0.5779909864176673,True
2018-09-24, $220.79,27581270, $216.82, $221.26, $216.63,51.36060237729222,52.41235225527132,51.31559435444317,52.30101776123047,110773600,1.4380103752313245,1.0967579008281518,0.9404153839382516,True
2018-09-21, $217.66,95584080, $220.78, $221.36, $217.29,52.29865408419949,52.4360456744624,51.47193703080643,51.55958557128906,384986800,-1.077133648052031,0.9641086436559688,-0.7390685129104284,False
2018-09-20, $220.03,26388050, $220.24, $222.28, $219.15,52.17074505190675,52.653981371303495,51.91254165699373,52.12099838256836,106435200,0.7602144553134904,0.7414397143097631,-0.0497466693383898,False
2018-09-19, $218.37,26869880, $218.5, $219.62, $215.3,51.75855221885172,52.02385805756023,51.000532955026735,51.72775650024414,108495200,0.0595407986923257,1.023325102533498,-0.0307957186075782,False
2018-09-18, $218.24,31495630, $217.79, $221.85, $217.12,51.59037623243215,52.55211733723163,51.43166619672579,51.69697570800781,126286800,0.16521431851515,1.1204511405058355,0.1065994755756634,True
2018-09-17, $217.88,36810120, $222.15, $222.95, $217.27,52.6231864653548,52.81269225388577,51.46720802290819,51.6117057800293,148780400,-2.662593416852077,1.3454842309775827,-1.0114806853255018,False
2018-09-14, $223.84,31801970, $225.75, $226.84, $222.522,53.47595028807236,53.73415002219959,52.71082474673653,53.02350616455078,127997200,-1.1351418710401906,1.0233252754630655,-0.4524441235215803,False
2018-09-13, $226.41,41411350, $223.52, $228.35, $222.57,52.947721982121216,54.09185937132817,52.722685415648726,53.63230895996094,166825600,2.415545928852181,1.369173955679443,0.6845869778397216,True
2018-09-12, $221.07,49118510, $224.94, $225, $219.84,53.284081020445285,53.29829332034055,52.07598492604216,52.36735153198242,197114800,-1.2419193982569854,1.2223083942983877,-0.9167294884628632,False
2018-09-11, $223.85,35644510, $218.01, $224.299, $216.56,51.64250055303681,53.13248623233808,51.29902332681657,53.0258903503418,142996000,2.52831632410333,1.8334629055215144,1.3833897973049858,True
2018-09-10, $218.33,39194720, $220.95, $221.85, $216.47,52.33891619608954,52.55211150907524,51.27768911221937,51.71828842163086,158066000,-1.3421047422834231,1.2744223968558686,-0.6206277744586828,False
2018-09-07, $221.3,37418910, $221.85, $225.37, $220.71,52.55212995032294,53.38594971584452,52.2820853507292,52.42184448242188,150479200,-0.8067869687854667,1.1038643651153208,-0.1302854679010607,False
2018-09-06, $223.1,34121240, $226.23, $227.35, $221.3,53.58965298703606,53.85496248853449,52.42182996748417,52.84821701049805,137160000,-1.661746504051087,1.433132521050318,-0.7414359765380141,False
2018-09-05, $226.87,33290830, $228.99, $229.67, $225.1,54.24345135322492,54.40452890571395,53.321983221015245,53.74126052856445,133332000,-0.6524747094120209,1.082545684698708,-0.5021908246604667,False
2018-09-04, $228.36,27363960, $228.41, $229.18, $226.63,54.10605636578428,54.288452356795226,53.68440795836104,54.09421157836914,109560400,0.3207042646408586,0.6040443984341834,-0.0118447874151428,False
2018-08-31, $227.63,43177540, $226.51, $228.87, $226,53.65597424619973,54.215014178392295,53.53516610179944,53.92128372192383,173360400,1.15539998063503,0.6798480765928545,0.265309475724095,True
2018-08-30, $225.03,48696960, $223.25, $228.26, $222.4,52.883744837114136,54.07051872797575,52.68239430681936,53.30539321899414,195175200,0.919365986369014,1.388124421156391,0.4216483818800043,True
2018-08-29, $222.98,27074260, $220.15, $223.49, $219.41,52.14941162490679,52.94059783620013,51.974121793425,52.819786071777344,109019200,1.4929436317353997,0.9664760427751348,0.6703744468705537,True
2018-08-28, $219.7,22751390, $219.01, $220.54, $218.92,51.87936750162545,52.241795568558736,51.85804905404619,52.042816162109375,91107200,0.8075562854686691,0.3837465145125449,0.1634486604839224,True
2018-08-27, $217.94,20400770, $217.15, $218.74, $216.33,51.43876965842527,51.81541364909847,51.24452888402544,51.62590789794922,82100400,0.8234590315498336,0.5708847650730249,0.1871382395239464,True
2018-08-24, $216.16,18457720, $216.6, $216.9, $215.11,51.308490128285406,51.37955162542493,50.955535696231685,51.20426177978516,73905600,0.3108968284667446,0.4240159291932457,-0.1042283485002428,False
2018-08-23, $215.49,18505780, $214.65, $217.05, $214.6,50.84657966570973,51.415097066976905,50.83473848998287,51.04556274414063,75532800,0.2046209054196168,0.5803585769940369,0.1989830784308992,True
2018-08-22, $215.05,18965930, $214.1, $216.36, $213.84,50.71628962107403,51.25164007732442,50.654698167539145,50.94132614135742,76072400,0.0046280538696263,0.5969419097852722,0.225036520283389,True
2018-08-21, $215.04,25682700, $216.8, $217.19, $214.025,51.35588218657615,51.44826577710055,50.69971977388995,50.93896865844727,104639200,-0.1949112454251556,0.748546003210599,-0.4169135281288803,False
2018-08-20, $215.46,30149410, $218.1, $219.18, $215.11,51.66381484377017,51.91964347624076,50.955538429933824,51.03844833374024,121150800,-0.9743346675976428,0.9641050463069334,-0.6253665100299273,False
2018-08-17, $217.58,35034410, $213.44, $217.95, $213.16,50.55993822473201,51.628271438053176,50.49361175911019,51.540626525878906,141708000,1.9969903070493844,1.134659678942988,0.9806883011468984,True
2018-08-16, $213.32,27595310, $211.75, $213.8121, $211.47,50.15961167949677,50.64758654419464,50.09328520941288,50.531517028808594,114001600,1.4650018069325643,0.5543013347817549,0.3719053493118238,True
2018-08-15, $210.24,28595230, $209.22, $210.74, $208.33,49.56029812948135,49.92035866127431,49.34947395001151,49.80191802978516,115230400,0.2335996550593355,0.5708847112627993,0.2416199003038102,True
2018-08-14, $209.75,20679270, $210.155, $210.56, $208.26,49.7829742500463,49.8777253230472,49.33289761698768,49.68585205078125,82992000,0.4212963480531018,0.5448277060595217,-0.0971221992650512,False
2018-08-13, $208.87,25864510, $207.7, $210.952, $207.7,49.58163391858709,49.970119181177054,49.200254807210406,49.4774055480957,103563600,0.6457131346089051,0.769864373966648,-0.1042283704913842,False
2018-08-10, $207.53,24592460, $207.36, $209.1, $206.67,49.11970375953087,49.53187849965724,48.95625509336832,49.15997314453125,98444800,-0.2978841429283729,0.5756234062889192,0.0402693850003785,True
2018-08-09, $208.88,23389530, $207.28, $209.78, $207.2,49.46028374954723,49.519297117606335,48.91027872700954,49.30685043334961,93970400,0.7865022840036984,0.6090183905967947,-0.1534333161976206,False
2018-08-08, $207.25,22493750, $206.05, $207.81, $204.52,48.638813761264295,49.05426653375146,48.27765227337783,48.92207717895508,90102000,0.0676031808763522,0.776614260373627,0.2832634176907831,True
2018-08-07, $207.11,25525650, $209.32, $209.5, $206.76,49.41070631349122,49.4531942025148,48.80640649955824,48.8890266418457,102349600,-0.9374867147191268,0.6467877029565585,-0.521679671645515,False
2018-08-06, $209.07,25396100, $208, $209.25, $207.07,49.099113301413,49.39418008808014,48.87958534103959,49.35169219970703,101701600,0.5192604840603909,0.5145947470405474,0.2525788982940327,True
2018-08-03, $207.99,33408050, $207.03, $208.74, $205.4803,48.87013929851241,49.27379223190768,48.50425577680465,49.09675216674805,133789600,0.2893022304799153,0.7695364551030295,0.2266128682356338,True
2018-08-02, $207.39,62317430, $200.58, $208.38, $200.35,47.34760051436628,49.18881810901228,47.29330923044903,48.95512390136719,249616000,2.9230755535067043,1.8955088785632483,1.60752338700091,True
2018-08-01, $201.5,67812280, $199.13, $201.76, $197.31,47.005324226036834,47.62614234463773,46.57570522201476,47.56476974487305,271742800,5.891028745131055,1.0504371226229663,0.5594455188362133,True
2018-07-31, $190.29,37847260, $190.3, $192.14, $189.34,44.92096482906494,45.35530224080693,44.69435196969696,44.918601989746094,157492000,0.200082899145304,0.660950271109968,-0.0023628393188488,False
2018-07-30, $189.91,20912890, $191.9, $192.2, $189.07,45.29865102564653,45.36946777385099,44.6306229994785,44.82890701293945,84118000,-0.5602799563575123,0.7388447743724953,-0.4697440127070749,False
2018-07-27, $190.98,23975350, $194.99, $195.19, $190.1,46.02806625919059,46.07527623163018,44.87376496387609,45.08148956298828,96096000,-1.6631285555852915,1.2015112677540856,-0.9465766962023068,False
2018-07-26, $194.21,19005150, $194.61, $195.96, $193.61,45.93835302616852,46.25702656183616,45.70229962253,45.84393310546875,76304000,-0.3131443396242828,0.554726939306164,-0.0944199206997709,False
2018-07-25, $194.82,16553500, $193.06, $194.85, $192.43,45.5724853025433,45.9950230583522,45.42377045417711,45.98794174194336,66839600,0.9430084516740987,0.5712526041750934,0.4154564394000601,True
2018-07-24, $193,18680930, $192.45, $193.6601, $192.05,45.42849276850689,45.71411907207885,45.334072814638176,45.55832290649414,74791600,0.7254386017439662,0.3800462574406751,0.1298301379872484,True
2018-07-23, $191.61,15955820, $190.68, $191.96, $189.56,45.010673935781,45.31282569115405,44.746295201955945,45.23020553588867,63957600,0.0888124956420988,0.566530489198108,0.2195316001076719,True
2018-07-20, $191.44,20670830, $191.78, $192.43, $190.17,45.270328411060994,45.42376170622383,44.89028222878679,45.19007110595703,82704800,-0.2293167308065169,0.5334794774370408,-0.080257305103963,False
2018-07-19, $191.88,20182050, $189.69, $192.55, $189.69,44.7769800450885,45.45209306427996,44.7769800450885,45.29393768310547,81147200,0.7772989758149551,0.6751130191914569,0.5169576380169687,True
2018-07-18, $190.4,16365720, $191.78, $191.8, $189.93,45.2703388676979,45.27506094611522,44.83363846230348,44.944583892822266,65573600,-0.5484292337463059,0.4414224838117349,-0.3257549748756361,False
2018-07-17, $191.45,15515000, $189.75, $191.87, $189.2,44.79114225786405,45.29157442060409,44.66131213963721,45.19243240356445,62138000,0.2828710997613948,0.6302622809668819,0.4012901457004005,True
2018-07-16, $190.91,15009800, $191.52, $192.65, $190.415,45.20894938696994,45.47568728682713,44.94928919926209,45.06495666503906,60172400,-0.2195194424628455,0.5263980875650418,-0.1439927219308785,False
2018-07-13, $191.33,12506830, $191.08, $191.84, $190.9,45.10508729280088,45.28448659280294,45.06259580481476,45.164100646972656,50055600,0.1570349553567496,0.2218907879881797,0.0590133541717747,True
2018-07-12, $191.03,18000180, $189.53, $191.41, $189.31,44.73920826110805,45.182989881568,44.68727621608019,45.09328842163086,72164400,1.6766022883339282,0.4957136654878056,0.3540801605228125,True
2018-07-11, $187.88,18776390, $188.5, $189.7799, $187.61,44.49607197660276,44.79822008171447,44.28598456598775,44.3497200012207,75326000,-1.2976047928593526,0.5122355157267222,-0.1463519753820534,False
2018-07-10, $190.35,15801370, $190.71, $191.28, $190.1801,45.01774915035912,45.15229772629047,44.89263752447302,44.93276977539063,63756400,-0.1207062677630377,0.2596602018174536,-0.0849793749684906,False
2018-07-09, $190.58,19636390, $189.5, $190.68, $189.3,44.73213380407821,45.01067517748654,44.68492382914852,44.9870719909668,79026400,1.388529832955654,0.3257513483380236,0.2549381868885874,True
2018-07-06, $187.97,17426160, $185.42, $188.434, $185.2,43.76903083923939,44.47955043635213,43.71709879140897,44.37096786499024,69940800,1.386204461954854,0.7624516449431553,0.6019370257508498,True
2018-07-05, $185.4,16543880, $185.26, $186.41, $184.28,43.7312577781433,44.00272138770652,43.49992642192377,43.764305114746094,66416800,0.8046854358359168,0.5027949657827548,0.0330473366027916,True
2018-07-03, $183.92,13954810, $187.79, $187.95, $183.54,44.32847704929608,44.36624646682203,43.325249858311246,43.41495132446289,55819200,-1.7416323676601395,1.0409966085107811,-0.9135257248331924,False
2018-07-02, $187.18,17675210, $183.82, $187.3, $183.42,43.39134644867132,44.21281143744813,43.29692290853678,44.18448257446289,70925200,1.1182488511608302,0.9158885289113528,0.7931361257915697,True
2018-06-29, $185.11,22551660, $186.29, $187.19, $182.91,43.97439552855281,44.18684579426581,43.17653731841848,43.69585418701172,90950800,-0.2102408635652364,1.0103084758473244,-0.2785413415410929,False
2018-06-28, $185.5,17352380, $184.1, $186.21, $183.8,43.45744089215349,43.95551380777959,43.3866241379058,43.78791427612305,69460800,0.7276441234845832,0.5688896698737906,0.3304733839695544,True
2018-06-27, $184.16,24987260, $185.228, $187.28, $184.03,43.7241710335686,44.20808123235867,43.44090766902219,43.47159576416016,101141200,-0.1463830437508639,0.7671735633364847,-0.2525752694084389,False
2018-06-26, $184.43,24378480, $182.99, $186.53, $182.54,43.19541024763177,44.03103764627722,43.08918334279743,43.53532409667969,98276800,1.24058375840983,0.9418543034797864,0.3399138490479174,True
2018-06-25, $182.17,31632320, $183.4, $184.92, $180.73,43.29219481975623,43.65099701866678,42.66193263466796,43.00185012817383,126652400,-1.4871471256852176,0.9890643839988158,-0.2903446915824048,False
2018-06-22, $184.92,27185130, $186.12, $186.15, $184.7,43.93426821899007,43.94134953454159,43.599072742622056,43.651004791259766,108801600,-0.2911488078609525,0.3422767919195308,-0.2832634277303043,False
2018-06-21, $185.46,25649240, $187.25, $188.35, $184.94,44.20099927334401,44.46065945482421,43.65571649412463,43.778465270996094,102847600,-0.5576305458911412,0.8049429606995773,-0.4225340023479162,False
2018-06-20, $186.5,20490090, $186.35, $187.2, $185.73,43.988549731836606,44.18919294793658,43.84219418386442,44.023956298828125,82514800,0.4362127891292422,0.3469987640721612,0.0354065669915186,True
2018-06-19, $185.69,33538550, $185.14, $186.33, $183.45,43.70292214982932,43.98382624525081,43.303991365702245,43.8327522277832,134314000,-1.6160139310541943,0.6798348795485651,0.1298300779538834,True
2018-06-18, $188.74,18458410, $187.88, $189.22, $187.2,44.34972444416655,44.66603521059808,44.18920622118241,44.552730560302734,73939600,-0.0529719896270708,0.4768289894156723,0.2030061161361871,True
2018-06-15, $188.84,61438290, $190.03, $190.16, $188.26,44.85724778688508,44.88793589549575,44.4394320696633,44.57634353637695,246876800,-1.027238423187371,0.4485038258324536,-0.2809042505081294,False
2018-06-14, $190.8,21584720, $191.55, $191.57, $190.22,45.21604156210974,45.22076363989936,44.90209002406459,45.03900146484375,86440400,0.0524553421995088,0.3186736158347685,-0.1770400972659871,False
2018-06-13, $190.7,21480120, $192.42, $192.88, $190.44,45.42140067749612,45.52998684038837,44.95401589350231,45.01538848876953,86553600,-0.821723466869384,0.5759709468860592,-0.4060121887265921,False
2018-06-12, $192.28,16859020, $191.385, $192.611, $191.15,45.17826783713931,45.46625332272547,45.12161371473412,45.38835525512695,67644400,0.5490855897462232,0.344639607991354,0.2100874179876442,True
2018-06-11, $191.23,18069930, $191.35, $191.97, $190.21,45.16882416048117,45.315176130877504,44.89972340097438,45.14049530029297,73234000,-0.2452033935468556,0.415452729903123,-0.0283288601882034,False
2018-06-08, $191.7,26580710, $191.17, $192, $189.77,45.126345337868806,45.32227016717249,44.795871891989336,45.2514533996582,106627200,-0.9097172554831444,0.5263982751831549,0.1251080617893976,True
2018-06-07, $193.46,21329170, $194.14, $194.2, $192.335,45.827407590772026,45.8415702186734,45.4025107442856,45.66689300537109,85388800,-0.2680722590448936,0.4390594743877969,-0.1605145854009393,False
2018-06-06, $193.98,20912820, $193.63, $194.08, $191.92,45.707025796438366,45.81324911722004,45.30337285520071,45.789642333984375,83734400,0.3466053682074976,0.5098762620193256,0.0826165375460092,True
2018-06-05, $193.31,21535570, $193.065, $193.94, $192.36,45.5748306611135,45.7801959619768,45.40723116598109,45.6314811706543,86264000,0.7715132981203743,0.3729647959957134,0.0566505095407947,True
2018-06-04, $191.83,26190620, $191.635, $193.42, $191.35,45.23727284395453,45.6574476023422,45.16881894367543,45.28212356567383,105064800,0.8357763376621863,0.4886286586667694,0.0448507217192997,True
2018-06-01, $190.24,23377690, $187.991, $190.26, $187.75,44.37568294540412,44.91152160606056,44.319028828916046,44.90680313110352,93770000,1.8033965975564836,0.5924927771445141,0.5311201856994003,True
2018-05-31, $186.87,27468700, $187.22, $188.23, $186.14,44.19392155983616,44.43233421724424,43.93898343412893,44.11130142211914,109931200,-0.3360138190919071,0.4933507831153108,-0.0826201377170221,False
2018-05-30, $187.5,18503410, $187.72, $188, $186.78,44.31195325608738,44.37804793294271,44.09006244012031,44.2600212097168,74762000,-0.2128792093677223,0.2879854928223935,-0.051932046370581,False
2018-05-29, $187.9,22409110, $187.6, $188.75, $186.87,44.2836294416986,44.55508947322989,44.11130782679905,44.35444259643555,90056400,-0.3605692084899137,0.4437816464308426,0.0708131547369461,True
2018-05-25, $188.58,17186760, $188.23, $189.65, $187.65,44.43232966932365,44.76752505903052,44.29541826757482,44.514949798583984,69844000,0.2285290722442878,0.4721067914557011,0.0826201292603343,True
2018-05-24, $188.15,23129400, $188.77, $188.84, $186.21,44.55980772674339,44.57632959413416,43.95551151224936,44.4134521484375,92936000,-0.1114989418067535,0.6208180818847993,-0.1463555783058865,False
2018-05-23, $188.36,19966590, $186.35, $188.5, $185.76,43.98856181662308,44.49607529300221,43.84928754378699,44.46302795410156,80233600,0.6411887554389484,0.6467877492152141,0.4744661374784797,True
2018-05-22, $187.16,15228270, $188.375, $188.88, $186.78,44.46773776737088,44.585764459734094,44.090050911053055,44.17975234985352,60962800,-0.2504965100248002,0.4957135486810387,-0.2879854175173548,False
2018-05-21, $187.63,18383080, $188, $189.27, $186.9106,44.37803760738811,44.6778264231584,44.12074027507521,44.29069900512695,73603200,0.7084566181021934,0.5570861480831937,-0.0873386022611555,False
2018-05-18, $186.31,18083080, $187.19, $187.8102, $186.13,44.18685420429236,44.33320621825269,43.93663807646711,43.9791259765625,73190800,-0.3636523283929715,0.3965681417855791,-0.2077282277298593,False
2018-05-17, $186.99,17014490, $188, $188.91, $186.36,44.37805352236964,44.59286305014965,43.99092596550543,44.13964080810547,69176000,-0.6323373759883899,0.60193708464422,-0.2384127142641716,False
2018-05-16, $188.18,19046600, $186.07, $188.46, $186,43.92245918077974,44.48662667958038,43.905933713378666,44.420528411865234,76732400,0.9332658975695908,0.5806929662017168,0.4980692310854948,True
2018-05-15, $186.44,23639070, $186.78, $187.07, $185.1,44.0900572551773,44.15851476365606,43.69348924068128,44.00979995727539,94780800,-0.9088511962840328,0.465025522974777,-0.0802572979019089,False
2018-05-14, $188.15,20393070, $189.01, $189.53, $187.86,44.61645824567123,44.739207039830816,44.3449982374365,44.4134521484375,83115200,-0.2332915879209363,0.3942088023943171,-0.2030060972337324,False
2018-05-11, $188.59,26167950, $189.49, $190.06, $187.45,44.729757490410215,44.86430604769044,44.24820656504485,44.51730728149414,104848800,-0.3803491074865217,0.6160994826455877,-0.2124502089160742,False
2018-05-10, $190.04,27942430, $187.74, $190.37, $187.65,44.14644042182307,44.76487377033595,44.12527449301821,44.68727493286133,111957200,1.430398379122555,0.6395992773177426,0.5408345110382555,True
2018-05-09, $187.36,23141260, $186.55, $187.4, $185.22,43.86661488875496,44.066487418557294,43.55386936653684,44.05708312988281,92844800,0.7040994720343807,0.5126180520204571,0.1904682411278528,True
2018-05-08, $186.05,28053230, $184.99, $186.22, $183.665,43.49979138596113,43.78902083601134,43.18939600498701,43.7490463256836,113611200,0.480712492190305,0.5996248310243288,0.2492549397224692,True
2018-05-07, $185.16,42557530, $185.18, $187.67, $184.75,43.54444567941432,44.12996200529712,43.44333436364769,43.53974533081055,169805600,0.723448123953796,0.6866276416494301,-0.0047003486037766,False
2018-05-04, $183.83,56137230, $178.25, $184.25, $178.17,41.91490118724384,43.32578145161109,41.89608901981912,43.22702026367188,224805200,3.923346367806202,1.4296924317919704,1.31211907642804,True
2018-05-03, $176.89,33944110, $175.88, $177.5, $174.4411,41.357603523058685,41.73854003605556,41.01899169459304,41.59510040283203,136272800,0.1812263136748537,0.7195483414625201,0.2374968797733458,True
2018-05-02, $176.57,66454720, $175.225, $177.75, $173.8,41.20475618707623,41.7973268894039,40.868498120583496,41.51985549926758,266157600,4.417524622468916,0.9288287688204022,0.3150993121913501,True
2018-05-01, $169.1,52228910, $166.41, $169.2, $165.27,39.1307567565656,39.78681436265634,38.86268970628452,39.763301849365234,214277600,2.323617424710944,0.9241246563718164,0.6325450927996314,True
2018-04-30, $165.26,41976500, $162.13, $167.26, $161.84,38.12432968710872,39.33062963053425,38.05613514540948,38.86033630371094,169709600,1.8112134808507596,1.2744944851247697,0.7360066166022179,True
2018-04-27, $162.32,35617230, $164, $164.33, $160.63,38.56405870986155,38.64165755124664,37.77161548089102,38.16901397705078,142623200,-1.1569711713949271,0.8700420703556162,-0.3950447328107671,False
2018-04-26, $164.22,27850370, $164.12, $165.73, $163.37,38.592271403229525,38.97085769595813,38.41591139583521,38.61578750610352,111852000,0.3482933082679995,0.5549463001229213,0.023516102873998,True
2018-04-25, $163.65,28331540, $162.62, $165.42, $162.41,38.23955729051611,38.89796880402129,38.19017849013432,38.48175811767578,113528400,0.4357329059337722,0.7077903138869672,0.2422008271596709,True
2018-04-24, $162.94,33674960, $165.67, $166.33, $161.2201,38.95675744554006,39.1119551449554,37.91035523836867,38.3148078918457,134768000,-1.3918925340170585,1.201599906586729,-0.64194955369436,False
2018-04-23, $165.24,36396590, $166.835, $166.92, $164.09,39.22951893655704,39.2506812754814,38.58521577645036,38.85563659667969,146062000,-0.289612981709797,0.6654654990310362,-0.3738823398773547,False
2018-04-20, $165.72,65270950, $170.595, $171.2184, $165.43,40.11601095898135,40.26180070121921,38.90029989271545,38.9684944152832,261964400,-4.097264788102728,1.361500808503756,-1.1475165436981456,False
2018-04-19, $172.8,34693280, $174.95, $175.39, $172.66,40.8590891944193,41.242379462603296,40.60042997792192,40.63335037231445,139235200,-2.833997645602515,0.6419494846813762,-0.2257388221048444,False
2018-04-18, $177.84,20544600, $177.81, $178.82, $176.88,41.81143114656128,42.04893159283888,41.59274645355115,41.818485260009766,83018000,-0.2244536014240683,0.4561851392877329,0.0070541134484827,True
2018-04-17, $178.24,26575010, $176.49, $178.9365, $176.41,41.50105268207379,42.07716152254781,41.482240510835055,41.912559509277344,106421600,1.3764320167958033,0.5949210117127564,0.4115068272035529,True
2018-04-16, $175.82,21561320, $175.0301, $176.19, $174.8301,41.157726513426766,41.43049754589345,41.11069789115241,41.3434944152832,86313600,0.6238373031719036,0.3197996547410398,0.1857679018564368,True
2018-04-13, $174.73,25100510, $174.78, $175.84, $173.85,41.09893532790292,41.3481902278494,40.880250643703896,41.08717727661133,100497200,0.3387896284744895,0.4679395841455047,-0.0117580512915935,False
2018-04-12, $174.14,22858840, $173.41, $175, $173.04,40.77679208647928,41.150674496485806,40.689785363381375,40.94844818115234,91557200,0.98584151669312,0.4608891331044304,0.1716560946730538,True
2018-04-11, $172.44,22401040, $172.23, $173.9232, $171.7,40.49931984850081,40.89671839182734,40.37469237004453,40.54870223999024,89726400,-0.4675206619618177,0.5220260217828141,0.0493823914894306,True
2018-04-10, $173.25,28567110, $173, $174, $171.53,40.68037958406611,40.91552628686418,40.33471364390863,40.739166259765625,113634400,1.881766898715509,0.58081264295555,0.0587866756995154,True
2018-04-09, $170.05,28976200, $169.88, $173.09, $169.845,39.94673507375474,40.70155420819894,39.93968095758648,39.98670959472656,116070800,0.9918366599770856,0.7618732506124601,0.0399745209718247,True
2018-04-06, $168.38,34949690, $170.97, $172.48, $168.2,40.20303085074771,40.55810106955422,39.55167349900567,39.59400177001953,140021200,-2.5578707952251034,1.0064275705485457,-0.6090290807281775,False
2018-04-05, $172.8,26750260, $172.58, $174.2304, $172.08,40.5816178114042,40.96960843017721,40.46404446170888,40.63335037231445,107732800,0.6934296046626987,0.50556396846833,0.0517325609102528,True
2018-04-04, $171.61,34581850, $164.88, $172.01, $164.77,38.77099071456574,40.44758431792256,38.74512443292918,40.3535270690918,138422000,1.9122353815713256,1.702459884993381,1.5825363545260558,True
2018-04-03, $168.39,30237640, $167.64, $168.7455, $164.88,39.41999160319373,39.6810045768212,38.77098802003664,39.59635162353516,121112000,1.0259245745088297,0.9100165567845622,0.1763600203414341,True
2018-04-02, $166.68,37425640, $167.88, $168.94, $164.47,39.18484391069471,39.72568201023475,38.67457602874525,39.19424819946289,150347200,-0.6556250691332588,1.0511059814894992,0.0094042887681808,True
2018-03-29, $167.78,38116290, $167.805, $171.75, $166.9,39.45996549061165,40.38644402367122,39.24598114149307,39.452911376953125,153594000,0.780855119817736,1.1404628821781486,-0.0070541136585262,False
2018-03-28, $166.48,41464880, $167.25, $170.02, $165.19,39.32829223528525,39.97964970924838,38.843890525339965,39.1472282409668,166674000,-1.104890649043877,1.1357591839084122,-0.1810639943184497,False
2018-03-27, $168.34,39824200, $173.68, $175.15, $166.92,40.84027724690928,41.18594318391148,39.250686842203656,39.5845947265625,163690400,-2.564108342394422,1.9352563417078272,-1.255682520346781,False
2018-03-26, $172.77,36778560, $168.07, $173.1, $166.44,39.5211082074498,40.703895839846645,39.13781793229658,40.62629699707031,150164800,4.747209626804727,1.566077907550067,1.105188789620513,True
2018-03-23, $164.94,40984540, $168.39, $169.92, $164.94,39.59634278022612,39.95611685432764,38.78508758544922,38.78508758544922,164115200,-2.3156805322982144,1.1710292688784207,-0.8112551947768978,False
2018-03-22, $168.85,41335980, $170, $172.68, $168.6,39.97493460454661,40.60512596898789,39.64573069596585,39.70451736450195,165963200,-1.4129610927765437,0.9593952730220394,-0.270417240044658,False
2018-03-21, $171.27,36387880, $175.04, $175.09, $171.26,41.16006747469234,41.17182552464226,40.2712134368852,40.27356719970703,148219600,-2.265474748419183,0.9006120877570609,-0.886500274985309,False
2018-03-20, $175.24,19620520, $175.24, $176.8, $174.94,41.20710372924805,41.57393196024154,41.13655901066005,41.20710372924805,78597600,-0.0342220675329629,0.4373729495814871,0.0,False
2018-03-19, $175.3,32931110, $177.32, $177.47, $173.66,41.6962077406348,41.73147830463949,40.83557009838746,41.22121047973633,133787200,-1.5279180138441983,0.8959082062520309,-0.4749972608984691,False
2018-03-16, $178.02,38313330, $178.65, $179.12, $177.62,42.00894928177119,42.119468498773394,41.76674850954591,41.86080932617188,157618800,-0.3526571329254602,0.3527199892274808,-0.148139955599305,False
2018-03-15, $178.65,22676520, $178.5, $180.24, $178.0701,41.97368633907431,42.38284289256637,41.87257497940292,42.00895690917969,90975200,0.1176876918675295,0.5102679131634531,0.035270570105375,True
2018-03-14, $178.44,29334630, $180.32, $180.52, $177.81,42.401652575454754,42.44868119552501,41.81143209120384,41.95957565307617,117473600,-0.8501264043703105,0.637249104321171,-0.4420769223785825,False
2018-03-13, $179.97,31464170, $182.59, $183.5, $179.24,42.93542665160748,43.14941096767531,42.14768751429382,42.31934356689453,126774000,-0.9630465684530632,1.0017234533814872,-0.6160830847129475,False
2018-03-12, $181.72,32191070, $180.29, $182.39, $180.21,42.39459999300716,42.88840953350741,42.375791413150864,42.73086166381836,128828400,0.9667958882601636,0.5126181203565423,0.3362616708111972,True
2018-03-09, $179.98,32130360, $177.96, $180, $177.39,41.84670353867306,42.32640117322609,41.71266821269217,42.32169723510742,128740800,1.718072696323425,0.6137329605339161,0.4749936964343604,True
2018-03-08, $176.94,24518850, $175.48, $177.12, $175.07,41.26354532535344,41.649185801737886,41.16713789729796,41.60686111450195,95096400,1.0912715055514832,0.4820479044399235,0.3433157891485123,True
2018-03-07, $175.03,31686450, $174.94, $175.85, $174.27,41.136556320670735,41.35054063744195,40.97900849269013,41.15771865844727,126814000,-0.9282903210670046,0.3715321447518249,0.0211623377765377,True
2018-03-06, $176.67,23273160, $177.91, $178.25, $176.13,41.83494482565421,41.9148938321395,41.41638404105076,41.54336166381836,95154000,-0.0848380535414805,0.4985097910887361,-0.2915831618358524,False
2018-03-05, $176.82,27825140, $175.21, $177.74, $174.52,41.2000498848644,41.79497067660836,41.03779810746997,41.5786361694336,113605600,0.3461889615592683,0.7571725691383904,0.3785862845692023,True
2018-03-02, $176.21,38426060, $172.8, $176.3, $172.45,40.63334118343101,41.45635444518084,40.55103842203479,41.4351921081543,153816000,0.6914363694158432,0.9053160231460496,0.8018509247232899,True
2018-03-01, $175,48706170, $178.54, $179.775, $172.66,41.9830789846112,42.27466210614424,40.6004191991454,41.15066146850586,195208000,-1.75162888899838,1.6742429069988418,-0.8324175161053375,False
2018-02-28, $178.12,37568080, $179.26, $180.615, $178.05,42.15238633749347,42.47218591856832,41.86786090603936,41.88431930541992,151128400,-0.1513954012646534,0.6043250125289603,-0.2680670320735459,False
2018-02-27, $178.39,38885510, $179.1, $180.48, $178.16,42.11478214797207,42.43928220604922,41.89374364049426,41.94782638549805,155712400,-0.3240718037679557,0.5455385655549634,-0.166955762474025,False
2018-02-26, $178.97,37353670, $176.35, $179.39, $176.21,41.46812617400968,42.1829706355602,41.43520577620251,42.08420944213867,152648800,1.9772287904611383,0.7477648593576944,0.616083268128989,True
2018-02-23, $175.5,33772050, $173.67, $175.65, $173.54,40.83792303213014,41.30351244871162,40.80735281589202,41.26824188232422,135249600,1.7391125254941908,0.4961596328196052,0.4303188501940767,True
2018-02-22, $172.5,30953760, $171.8, $173.95, $171.71,40.39820700493959,40.903771015106486,40.3770446613819,40.56280899047852,123967600,0.8359678005315008,0.5267263537245839,0.1646019855389298,True
2018-02-21, $171.07,37378070, $172.83, $174.12, $171.01,40.640384867164016,40.94372238419849,40.212416358608365,40.22652816772461,149886400,-0.4538938802866932,0.731306025590122,-0.4138566994394068,False
2018-02-20, $171.85,33690660, $172.05, $174.26, $171.42,40.45697504613058,40.97664704592334,40.308831533368085,40.40994644165039,135722000,-0.3364010152995811,0.6678155125552578,-0.0470286044801895,False
2018-02-16, $172.43,40113790, $172.36, $174.82, $171.77,40.52988635346286,41.10834882844967,40.3911506581798,40.54634475708008,160704400,-0.3237397691921662,0.7171981702698744,0.0164584036172215,True
2018-02-15, $172.99,50908540, $169.79, $173.09, $169,39.92556329964218,40.70154825718873,39.73979895428035,40.678035736083984,204588800,3.357862261281541,0.9617493029083805,0.7524724364418063,True
2018-02-14, $167.37,40382890, $163.045, $167.54, $162.88,38.33831316239398,39.39647322333067,38.30069242048141,39.35649871826172,162579600,1.8437372103909275,1.0957808028492622,1.0181855558677384,True
2018-02-13, $164.34,32483310, $161.95, $164.75, $161.65,38.08200439585714,38.74041582243797,38.0114596737139,38.644004821777344,130196800,1.0017930538306796,0.7289561487240661,0.5620004259202034,True
2018-02-12, $162.71,60774900, $158.5, $163.89, $157.51,37.27074272909962,38.53818298500872,37.03794626199481,38.26071166992188,243278000,4.027838899719982,1.5002367230139058,0.9899689408222656,True
2018-02-09, $156.41,70583530, $157.07, $157.89, $150.24,36.934498391741066,37.12731684344801,35.32844580447681,36.77930068969727,282690400,1.223153715582059,1.7988710389711997,-0.1551977020437931,False
2018-02-08, $155.15,54145930, $160.29, $161, $155.03,37.5386155259692,37.7048933359953,36.30676750219174,36.334869384765625,217562000,-2.7516723705597435,1.3981258338035616,-1.203746141203574,False
2018-02-07, $159.54,51467440, $163.085, $163.4, $159.0685,38.19435807665087,38.266956997625066,37.252909163167054,37.36297607421875,206434400,-2.140680115918747,1.0140478344580115,-0.8313820024321217,False
2018-02-06, $163.03,68171940, $154.83, $163.72, $154,36.259921731587134,38.34188697249856,36.06554208245456,38.180294036865234,272975200,4.179174605130798,2.276344890043994,1.9203723052781,True
2018-02-05, $156.49,72215320, $159.1, $163.88, $156,37.25992247449914,38.37935916282286,36.53392635472329,36.648681640625,290954000,-2.498423896209756,1.8454328080995663,-0.6112408338741417,False
2018-02-02, $160.5,85957050, $166, $166.8, $160.1,38.87583871051159,39.06319286477697,37.49410852308551,37.58778381347656,346375200,-4.339028578357606,1.5690843416914646,-1.2880548970350247,False
2018-02-01, $167.78,44453230, $167.165, $168.62, $166.76,39.14984837452473,39.48942581837823,39.05382886516062,39.29270553588867,188923200,0.2090309422415615,0.4355969532176118,0.142857161363942,True
2018-01-31, $167.43,32234520, $166.87, $168.4417, $166.5,39.07959607542636,39.44727902539494,38.99294622732507,39.21074295043945,129915600,0.2755248512821273,0.4543327980698706,0.1311468750130942,True
2018-01-30, $166.97,45635470, $165.525, $167.37, $164.7,38.76576769764181,39.19667974455292,38.57138807818574,39.103004455566406,184192800,-0.5894544474517982,0.6252916663671755,0.3372367579245932,True
2018-01-29, $167.96,50565420, $170.16, $170.16, $167.07,39.85008693678984,39.85008693678984,39.126434961888506,39.33486557006836,202561600,-2.0698634349610834,0.7236519749013368,-0.5152213667214838,False
2018-01-26, $171.51,39075250, $172, $172, $170.06,40.28100745555258,40.28100745555258,39.82667459040098,40.16625213623047,156572000,0.2337601165792513,0.4543328651516063,-0.1147553193221142,False
2018-01-25, $171.11,41438280, $174.505, $174.95, $170.53,40.86882950605092,40.97187451966688,39.93674669163519,40.07257843017578,166116000,-1.7850705030202807,1.0351278280316905,-0.7962510758751407,False
2018-01-24, $174.22,51368540, $177.25, $177.3, $173.2,41.510504321279925,41.52221462816889,40.56202663901651,40.8009033203125,204420400,-1.592856715028479,0.9601879891523808,-0.7096010009674245,False
2018-01-23, $177.04,32395870, $177.3, $179.44, $176.82,41.5222149513268,42.02338535811327,41.4098038659825,41.46132278442383,130756400,0.0226110259350376,0.613581492130777,-0.060892166902974,False
2018-01-22, $177,27052000, $177.3, $177.78, $176.6016,41.52220833043589,41.63461939785577,41.358274779306186,41.45195007324219,108434400,-0.8181260082362085,0.2763446185495866,-0.0702582571937,False
2018-01-19, $178.46,31306390, $178.61, $179.58, $177.41,41.82900399397506,42.056170360899095,41.5479745053168,41.79387664794922,129700400,-0.4462647678908915,0.5081958555822936,-0.0351273460258383,False
2018-01-18, $179.26,31087330, $179.37, $180.1, $178.25,42.00698530300974,42.17794790326898,41.74469161004063,41.981224060058594,124773600,0.0893290444720751,0.4332562932283466,-0.0257612429511482,False
2018-01-17, $179.1,34260230, $176.15, $179.25, $175.07,41.25288738047048,41.9788834468811,40.99996336127196,41.943756103515625,137547200,1.6515822169842045,0.9789200856091398,0.690868723045142,True
2018-01-16, $176.19,29512410, $177.9, $179.39, $176.14,41.66274188502376,42.01168913853004,41.25056538489396,41.26227569580078,118263600,-0.5081538615499204,0.7611237536360775,-0.4004661892229819,False
2018-01-12, $177.09,25302200, $176.18, $177.36, $175.65,41.25990707837129,41.536255243634926,41.13578571786198,41.4730224609375,101672400,1.0326103471800074,0.400469525772948,0.2131153825662082,True
2018-01-11, $175.28,18653380, $174.59, $175.4886, $174.49,40.887551806210006,41.0983266027859,40.86413476669079,41.04914474487305,74670800,0.5680182138164458,0.234191836095114,0.1615929386630412,True
2018-01-10, $174.29,23751690, $173.16, $174.3, $173,40.552660719700334,40.81963927994158,40.515189166880944,40.81729507446289,95839600,-0.0229479844129576,0.3044501130606392,0.2646343547625562,True
2018-01-09, $174.33,21532200, $174.55, $175.06, $173.41,40.87818646172054,40.99762301388554,40.61120790656991,40.82666397094727,86336000,-0.0115100418107916,0.3864151073156279,-0.0515224907732658,False
2018-01-08, $174.35,20523870, $174.35, $175.61, $173.93,40.83136367797852,41.126444217926,40.73299992451082,40.83136367797852,82271200,-0.3713747240681631,0.3934442934151789,0.0,False
2018-01-05, $175,23589930, $173.44, $175.37, $173.05,40.618227636489486,41.07021610938013,40.52689297456693,40.98356628417969,94640000,1.1384719081661387,0.5433231348131997,0.3653386476902014,True
2018-01-04, $173.03,22342650, $172.54, $173.47, $172.08,40.40747671588122,40.62527708347144,40.29975042207205,40.52223205566406,89738400,0.4645368600229016,0.3255266613993868,0.114755339782846,True
2018-01-03, $172.23,29461040, $172.53, $174.55, $171.96,40.40512002581769,40.87818856844172,40.27163252810483,40.33486175537109,118071600,-0.0174083529646318,0.6065560403368906,-0.070258270446601,False
2018-01-02, $172.26,25400540, $170.16, $172.3, $169.26,39.85008389872191,40.3512542876815,39.63930910102925,40.34188461303711,102223600,1.7904557409951671,0.711945186652251,0.4918007143151968,True
2017-12-29, $169.23,25938760, $170.52, $170.59, $169.22,39.93439556169126,39.95078713310234,39.629945439714064,39.632286071777344,103999600,-1.0813637818207322,0.3208416933882745,-0.3021094899139172,False
2017-12-28, $171.08,16412270, $171, $171.85, $170.48,40.04680453775048,40.24586903063577,39.92502378068592,40.0655403137207,65920800,0.2813488628510496,0.3208452499498477,0.0187357759702209,True
2017-12-27, $170.6,21477380, $170.1, $170.78, $169.71,39.83603669973451,39.99528544879973,39.744702017539055,39.95313262939453,85992800,0.0175903813273814,0.2505834312606723,0.1170959296600244,True
2017-12-26, $170.57,33113340, $170.8, $171.47, $169.679,39.9999690824779,40.156877194680966,39.7376717779659,39.94610595703125,132742000,-2.537002942886557,0.4192054167150658,-0.0538631254466466,False
2017-12-22, $175.01,16339690, $174.68, $175.424, $174.5,40.90863620257095,41.08193948157864,40.86648337911435,40.98591995239258,65397600,0.0,0.2154561024642873,0.0772837498216247,True
2017-12-21, $175.01,20848660, $174.17, $176.02, $174.1,40.789199629292725,41.222456040069694,40.772808055776665,40.98591995239258,83799600,0.378523420459298,0.4496479842930299,0.1967203230998535,True
2017-12-20, $174.35,23451420, $174.87, $175.42, $173.25,40.95314090644149,41.081947180282334,40.573751130296834,40.83136367797852,93902400,-0.1088437532663189,0.5081960499855,-0.1217772284629674,False
2017-12-19, $174.54,27393660, $175.03, $175.39, $174.09,40.99060981480351,41.074919045534976,40.77046884714441,40.8758544921875,109745600,-1.065593477547122,0.3044501983905689,-0.1147553226160127,False
2017-12-18, $176.42,29385650, $174.88, $177.2, $174.86,40.95546253852708,41.49878564850216,40.95077770201914,41.31611633300781,117684400,1.4082571148083425,0.5480079464830183,0.3606537944807328,True
2017-12-15, $173.97,40122100, $173.63, $174.17, $172.46,40.66273478467583,40.78919681981972,40.38873073062717,40.74235916137695,160677200,1.0161518171692752,0.4004660891925553,0.0796243767011262,True
2017-12-14, $172.22,20442740, $172.4, $173.13, $171.65,40.37467234776361,40.54563496624817,40.19902846532238,40.33251953125,81906000,-0.0290185407579079,0.3466065009257946,-0.0421528165136066,False
2017-12-13, $172.27,23402510, $172.5, $173.54, $172,40.39808995652481,40.64164788306032,40.28099404360734,40.3442268371582,95273600,0.3319702753172171,0.3606538394529792,-0.0538631193666034,False
2017-12-12, $171.7,19088170, $172.15, $172.39, $171.461,40.316124751462965,40.37233208080657,40.15453537988255,40.21073913574219,77636800,-0.5617630927591266,0.2177967009240191,-0.1053856157207775,False
2017-12-11, $172.67,34260890, $169.2, $172.89, $168.79,39.625258391774615,40.48942684830083,39.529238880275294,40.43790435791016,141095200,1.948381807896604,0.9601879680255364,0.8126459661355483,True
2017-12-08, $169.37,23285760, $170.49, $171, $168.82,39.92737454264423,40.046811113897945,39.53627453543775,39.665077209472656,93420800,0.0295241134276258,0.5105365784601972,-0.2622973331715741,False
2017-12-07, $169.32,25656110, $169.03, $170.44, $168.91,39.58545225881169,39.9156636594759,39.55735037738816,39.65336990356445,102693200,0.1834160862972389,0.3583132820877353,0.0679176447527609,True
2017-12-06, $169.01,28397810, $167.5, $170.2047, $166.46,39.22714391139447,39.85946133735878,38.98358590362124,39.58077239990234,114240000,-0.3713654892804841,0.8758754337375407,0.3536284885078657,True
2017-12-05, $169.64,27315530, $169.06, $171.52, $168.4,39.59247791469007,40.16859150096301,39.43791041916752,39.728309631347656,109400800,-0.0942216116864957,0.7306810817954883,0.1358317166575844,True
2017-12-04, $169.8,32512580, $172.48, $172.62, $169.63,40.393410042348286,40.426196759021686,39.72596540146465,39.76577758789063,130169600,-0.7307805848910887,0.7002313575570369,-0.6276324544576539,False
2017-12-01, $171.05,39735110, $169.95, $171.67, $168.5,39.80090498652369,40.20371526243537,39.46132751194856,40.05851745605469,159037200,-0.4655072334091459,0.7423877504868059,0.2576124695309971,True
2017-11-30, $171.85,41484540, $170.43, $172.14, $168.44,39.91330934594225,40.31377892223367,39.44726992076248,40.24586486816406,166108800,1.398404876559778,0.8665090014711936,0.3325555222218099,True
2017-11-29, $169.48,41459120, $172.63, $172.92, $167.16,40.42853275152802,40.49644680316754,39.14750328244924,39.690826416015625,166665600,-2.0743495081558816,1.3489435207182936,-0.7377063355123923,False
2017-11-28, $173.07,26387240, $174.3, $174.87, $171.86,40.81964835544334,40.95313587850049,40.24821955509472,40.53159332275391,105715200,-0.5858866970092302,0.7049163234057687,-0.288055032689428,False
2017-11-27, $174.09,20591090, $175.05, $175.08, $173.34,40.99528780501954,41.00231327528309,40.594818132575305,40.77046203613281,82867200,-0.502943792156163,0.4074951427077877,-0.2248257688867241,False
2017-11-24, $174.97,14026670, $175.1, $175.5, $174.6459,41.00699714198535,41.10067245893679,40.901607943559625,40.9765510559082,56106800,0.0057070271099579,0.1990645153771666,-0.0304460860771484,False
2017-11-22, $174.96,25558680, $173.36, $175, $173.05,40.59950421138276,40.98357874929391,40.52690530078438,40.974212646484375,102355600,1.0511873237731173,0.4566734485095338,0.374708435101617,True
2017-11-21, $173.14,25047130, $170.78, $173.7, $170.78,39.995284529281854,40.67912431395637,39.995284529281854,40.547977447509766,100525200,1.8590453082341751,0.6838397846745181,0.5526929182279119,True
2017-11-20, $169.98,16041550, $170.29, $170.56, $169.56,39.88052889502063,39.943761695620736,39.709569843677855,39.80792999267578,65049600,-0.0998961788155949,0.2341918519428816,-0.0725989023448505,False
2017-11-17, $170.15,21884010, $171.04, $171.39, $169.64,40.056166933489614,40.13813549909116,39.72829981805053,39.84773635864258,87598000,-0.5552651418184285,0.4098356810406329,-0.2084305748470356,False
2017-11-16, $171.1,23598650, $171.18, $171.87, $170.3,40.08896459722849,40.25055756737149,39.88287817128605,40.07023239135742,94550000,1.1947120650764642,0.3676793960854354,-0.0187322058710677,False
2017-11-15, $169.08,28998220, $169.97, $170.3197, $168.38,39.80559095298327,39.88755953383596,39.43322675113431,39.59716033935547,116632400,-1.3190438892558,0.4543327827016483,-0.2084306136278044,False
2017-11-14, $171.34,24683350, $173.04, $173.48, $171.18,40.52457134987867,40.62761637428181,40.08897420257428,40.12644577026367,99130000,-1.511727361377635,0.5386421717075294,-0.398125579614998,False
2017-11-13, $173.97,16956290, $173.5, $174.5, $173.4,40.6322886986201,40.8664805643182,40.608868082656585,40.74235916137695,67928400,-0.4007427537955021,0.2576124816616172,0.1100704627568518,True
2017-11-10, $174.67,25129510, $175.11, $175.38, $174.27,41.00933312803533,41.072565925229945,40.81261284063416,40.906288146972656,100582000,-0.3309525236907529,0.2599530845957858,-0.1030449810626734,False
2017-11-09, $175.88,29422610, $175.11, $176.095, $173.14,40.86243530363712,41.09345600647338,40.40272970630695,41.042118072509766,117930400,-0.2042859041705758,0.6907263001664319,0.1796827688726452,True
2017-11-08, $176.24,24358920, $174.66, $176.24, $174.33,40.75743480710038,41.12613296508789,40.68042789175957,41.12613296508789,97638000,0.8180396076417296,0.4457050733283196,0.3686981579875095,True
2017-11-07, $174.81,24332120, $173.91, $175.25, $173.6,40.58241843039198,40.89511057537708,40.51007957483256,40.79243469238281,97446000,0.3213550537102261,0.3850310005445223,0.2100162619908303,True
2017-11-06, $174.25,34770480, $172.365, $174.99, $171.72,40.223061210226,40.83444857873341,40.07138316285592,40.661766052246094,140105200,1.014481546386392,0.7630654158774846,0.4387048420200941,True
2017-11-03, $172.5,59332210, $174, $174.26, $171.12,40.60343229874321,40.66410281228549,39.931374348862015,40.25340270996094,237594400,2.611409967676792,0.7327284634234772,-0.3500295887822702,False
2017-11-02, $168.11,39668100, $167.64, $168.5, $165.28,38.87661163677941,39.31998091721016,38.56858396438262,39.22897338867188,165573600,0.7310209315105176,0.751396952827541,0.3523617518924737,True
2017-11-01, $166.89,33482970, $169.87, $169.94, $165.61,39.63967348374911,39.65600990308901,38.64559097272621,38.94428253173828,134551200,-1.2718597417713973,1.0104189303627962,-0.6953909520108255,False
2017-10-31, $169.04,35779520, $167.9, $169.6499, $166.94,39.17995785839023,39.58832551023456,38.95594102621831,39.44598007202149,144187200,1.3915427094028263,0.6323844840162494,0.2660222136312598,True
2017-10-30, $166.72,44651420, $163.89, $168.07, $163.72,38.24421655987855,39.21963378647606,38.204546983869406,38.90460586547852,178803200,2.2508276177852338,1.0150868026066533,0.6603893055999706,True
2017-10-27, $163.05,44387770, $159.29, $163.6, $158.7,37.17079679432446,38.17655118799871,37.03311938262583,38.0482063293457,177816800,3.583004347863094,1.1434318053728845,0.8774095350212434,True
2017-10-26, $157.41,16916650, $157.23, $157.8295, $156.78,36.69008842265107,36.83010163635278,36.58508029271675,36.73209381103516,68002000,0.6393338912389579,0.2450213436360258,0.0420053883840907,True
2017-10-25, $156.41,21175670, $156.91, $157.55, $155.27,36.6154214690112,36.76476725223068,36.23272267696854,36.49874496459961,84828400,-0.4391926272828028,0.532044575262141,-0.1166765044115933,False
2017-10-24, $157.1,17633730, $156.29, $157.42, $156.2,36.47073300118605,36.73442298865466,36.44973208909128,36.65975189208984,71028800,0.5955150517996666,0.2846908995633797,0.1890188909037888,True
2017-10-23, $156.17,21888930, $156.89, $157.69, $155.5,36.61074435961604,36.79742743265295,36.286383899979256,36.44272994995117,87937200,-0.0512129036010944,0.5110435326736962,-0.1680144096648703,False
2017-10-20, $156.25,23907540, $156.61, $157.75, $155.96,36.54541010775939,36.811432360839845,36.39373209599778,36.461402893066406,95896400,0.173104758614917,0.4177002648420682,-0.0840072146929813,False
2017-10-19, $155.98,42357420, $156.75, $157.08, $155.02,36.57807832357771,36.65508523154097,36.174378679422176,36.39839553833008,170336800,-2.366044463381256,0.4807065521187965,-0.1796827852476283,False
2017-10-18, $159.76,16252850, $160.42, $160.71, $159.6,37.43448179679161,37.50215614986297,37.24313421920023,37.28046798706055,65496800,-0.4424586737710512,0.2590219306627404,-0.1540138097310617,False
2017-10-17, $160.47,18969700, $159.78, $160.87, $159.23,37.28513761287271,37.539491498003954,37.156792766027294,37.44615173339844,75989200,0.3690316100133817,0.3826987319766601,0.1610141205257278,True
2017-10-16, $159.88,24093300, $157.9, $160, $157.65,36.84643026392048,37.33647289493997,36.78809202502214,37.3084716796875,96486000,1.8408571041506503,0.5483808699178354,0.4620414157670183,True
2017-10-13, $156.99,16367780, $156.73, $157.28, $156.41,36.57341636197733,36.70176122997098,36.498745250125616,36.634090423583984,65576800,0.6346114529553137,0.203015979845361,0.0606740616066545,True
2017-10-12, $156,16380570, $156.35, $157.37, $155.7299,36.484747341227305,36.72276486602361,36.34006604264477,36.40307235717773,64500400,-0.3513186615013985,0.3826988233788384,-0.0816749840495774,False
2017-10-11, $156.55,16861450, $155.97, $156.98, $155.75,36.39606886036616,36.63175411606719,36.34473091386742,36.53141403198242,67622400,0.416935408356478,0.2870232021997694,0.1353451716162652,True
2017-10-10, $155.9,15603520, $156.055, $158, $155.1,36.41707137670718,36.86977680080634,36.19305447367292,36.37973403930664,62468000,0.0385395867326998,0.6767223271334188,-0.0373373374005367,False
2017-10-09, $155.84,16243080, $155.81, $156.73, $155.485,36.35871853868354,36.573402801599386,36.28404745451774,36.365718841552734,65051600,0.3476727326851447,0.2893553470816457,0.0070003028691942,True
2017-10-06, $155.3,17223790, $154.97, $155.49, $154.56,36.16271628489837,36.28406084722537,36.06704069612739,36.239723205566406,69630400,-0.0579241645812134,0.2170201510979765,0.0770069206680332,True
2017-10-05, $155.39,21215870, $154.18, $155.44, $154.05,35.978368197738654,36.27239529226402,35.948034725322195,36.26072692871094,85135200,1.244475801315037,0.3243605669418272,0.2823587309722839,True
2017-10-04, $153.48,20088940, $153.63, $153.86, $152.46,35.8500227868572,35.90369298025103,35.57700020217874,35.81501770019531,80655200,-0.6473636083978773,0.3266927780722923,-0.03500508666189,False
2017-10-03, $154.48,16216800, $154.01, $155.09, $153.91,35.93870557599536,36.19072732271445,35.915372405051286,36.04838180541992,64921200,0.4356203926503488,0.2753549176631651,0.109676229424565,True
2017-10-02, $153.81,18631540, $154.26, $154.45, $152.72,35.99703695947117,36.04137460467565,35.63767486163443,35.89202880859375,74795200,-0.2010959245273502,0.4036997430412228,-0.105008150877417,False
2017-09-29, $154.12,26204670, $153.21, $154.13, $152,35.75200319846631,35.966687462139404,35.46964459257487,35.964351654052734,105199200,0.547957331444926,0.497042869564531,0.2123484555864223,True
2017-09-28, $153.28,21983410, $153.89, $154.28, $152.7,35.910701830563504,36.00170938044533,35.63301112278216,35.76835632324219,88022000,-0.61593685605843,0.3686982576631692,-0.1423455073213162,False
2017-09-27, $154.23,25402270, $153.8, $154.7189, $153.54,35.88969211516487,36.10437644790088,35.829018056321864,35.99003219604492,102016800,0.7117608290614807,0.2753583915790187,0.100340080880052,True
2017-09-26, $153.14,35907770, $151.78, $153.92, $151.69,35.41831939205828,35.91769468848052,35.39731847582978,35.735679626464844,146640000,1.7203949636541926,0.5203762126507456,0.3173602344065642,True
2017-09-25, $150.55,44366140, $149.99, $151.83, $149.16,35.00060574094943,35.42997425904203,34.80692239013219,35.131282806396484,177549200,-0.8822539568456023,0.6230518689098332,0.1306770654470526,True
2017-09-22, $151.89,46575410, $152.02, $152.27, $150.56,35.36231382169076,35.53266408390223,35.1336288672463,35.44398880004883,186581600,-0.9778769149281552,0.3990352166559319,0.0816749783580661,True
2017-09-21, $153.39,37350060, $155.8, $155.8, $152.75,36.35639164690989,36.35639164690989,35.644664411338915,35.79401016235352,150046800,-1.7171970460645336,0.7117272355709758,-0.5623814845563686,False
2017-09-20, $156.07,52126240, $157.9, $158.26, $153.83,36.84643591702304,36.93044313635267,35.89669109360044,36.41940307617188,211805600,-1.6757737483499846,1.0337520427522335,-0.4270328408511545,False
2017-09-19, $158.73,20565620, $159.51, $159.77, $158.44,37.22212655192404,37.28280059577159,36.97244075516808,37.04011154174805,83242400,0.0378109889448641,0.3103598406035104,-0.1820150101759949,False
2017-09-18, $158.67,28157630, $160.11, $160.5, $157.995,37.36214041553341,37.45314792226297,36.86976555587258,37.0261116027832,113077600,-0.7568256328710166,0.5833823663903885,-0.3360288127502073,False
2017-09-15, $159.88,48846060, $158.47, $160.97, $158,36.9794431577368,37.56282554672024,36.86976698375322,37.3084716796875,196458400,1.0108842771589188,0.6930585629670176,0.329028521950697,True
2017-09-14, $158.28,23637310, $158.99, $159.4, $158.09,37.10078269829304,37.19645469109048,36.89076293011516,36.93510055541992,95042800,-0.8581501584610352,0.3056917609753213,-0.1656821428731163,False
2017-09-13, $159.65,44866280, $159.87, $159.96, $157.91,37.30614064551257,37.327145120323486,36.848770788000856,37.25480270385742,179629600,-0.7521844965807878,0.4783743323226304,-0.0513379416551487,False
2017-09-12, $160.86,71574560, $162.61, $163.96, $158.77,37.94551895192495,38.260546822252046,37.04944458215784,37.53715133666992,286856000,-0.3962936607792677,1.2111022400942062,-0.408367615255031,False
2017-09-11, $161.5,31506890, $160.5, $162.05, $159.89,37.4531476047386,37.81484538097087,37.3108021661188,37.686500549316406,126323200,1.8092012040730632,0.504043214852075,0.2333529445778097,True
2017-09-08, $158.63,28411740, $160.86, $161.15, $158.53,37.53716855739872,37.604839369414,36.99345557008371,37.01679229736328,114446000,-1.630900434806759,0.6113837993302909,-0.5203762600354409,False
2017-09-07, $161.26,21905160, $162.09, $162.24, $160.36,37.82419186548098,37.859196956472616,37.42049211964045,37.63050842285156,87714000,-0.4014288236981467,0.4387048368321657,-0.193683442629414,False
2017-09-06, $161.91,21610300, $162.71, $162.99, $160.52,37.96886004348513,38.03419858459997,37.457816513514224,37.78217697143555,86606800,-0.104904076462875,0.5763820710857459,-0.1866830720495826,False
2017-09-05, $162.08,29491910, $163.75, $164.25, $160.56,38.21155270980482,38.32822920662865,37.46715609035932,37.82185363769531,117874000,-1.2008335792158875,0.8610731162693313,-0.3896990721095079,False
2017-09-01, $164.05,16564340, $164.8, $164.94, $163.63,38.45656606993318,38.48923533982436,38.18354355141044,38.281551361083984,66364400,0.0304618428039082,0.3056917884139238,-0.1750147088491971,False
2017-08-31, $164,26729940, $163.64, $164.52, $163.48,38.18588642019916,38.39123820845164,38.14854908402883,38.26989364624024,107140400,0.3979199918819009,0.2426891244228102,0.0840072260410806,True
2017-08-30, $163.35,27215770, $163.8, $163.89, $162.61,38.22322179054412,38.24422270580322,37.94553115317101,38.11821365356445,109078400,0.2701006588300636,0.2986915526322065,-0.10500813697967,False
2017-08-29, $162.91,29451050, $160.1, $163.12, $160,37.3598121669628,38.06453557730498,37.33647544553584,38.015533447265625,118067600,0.8917881503520464,0.7280601317691406,0.6557212803028278,True
2017-08-28, $161.47,25649890, $160.14, $162, $159.93,37.369152083341085,37.80318883835701,37.320146382960566,37.67951202392578,103864000,1.0071821499328504,0.4830424553964434,0.3103599405846964,True
2017-08-25, $159.86,25184600, $159.65, $160.56, $159.27,37.254789184976026,37.46714117924809,37.16611750394451,37.30379486083984,101920400,0.3704348049215156,0.3010236753035755,0.0490056758638104,True
2017-08-24, $159.27,19782170, $160.43, $160.74, $158.55,37.43680528875181,37.50914768114245,36.99810424335767,37.16611862182617,79275600,-0.4438241220464212,0.5110434377847781,-0.2706866669256413,False
2017-08-23, $159.98,19376940, $159.07, $160.47, $158.88,37.11945769174584,37.44615041706479,37.07512005887749,37.33180618286133,77596400,0.1251678547586454,0.3710303581873049,0.2123484911154847,True
2017-08-22, $159.78,21564890, $158.23, $160, $158.02,36.92343936170374,37.336475114651016,36.87443723209866,37.28513717651367,86418400,1.6347534533870167,0.4620378825523588,0.3616978148099292,True
2017-08-21, $157.21,26330070, $157.5, $157.89, $155.1101,36.753091782762446,36.844099296178136,36.19537834194661,36.68542098999024,105474000,-0.1841176210496287,0.6487209542315284,-0.0676707927722048,False
2017-08-18, $157.5,27391950, $157.86, $159.5, $156.72,36.837097109852,37.21979580833799,36.57107488725423,36.75308990478516,109712400,-0.2280713781397159,0.6487209210837648,-0.0840072050668396,False
2017-08-17, $157.86,27377960, $160.52, $160.71, $157.84,37.457824633190185,37.50216227298986,36.832436740362205,36.83710479736328,111762400,-1.9198632817400083,0.6697255326276519,-0.6207198358269039,False
2017-08-16, $160.95,27607370, $161.94, $162.51, $160.15,37.789191105392135,37.922200483954256,37.37148717823052,37.55817031860352,110686400,-0.4022190278400006,0.5507133057237397,-0.231020786788612,False
2017-08-15, $161.6,29377630, $160.66, $162.195, $160.14,37.49049410528858,37.84985616118254,37.36914954742076,37.70984649658203,117862000,1.0947746958359872,0.4807066137617752,0.219352391293448,True
2017-08-14, $159.85,22074760, $159.32, $160.21, $158.75,37.17780253158527,37.38548656397579,37.0447896093712,37.30147933959961,88490800,1.5049755646487029,0.3406969546045886,0.1236768080143377,True
2017-08-11, $157.48,26208970, $156.6, $158.5728, $156.07,36.543076338748016,37.00278197214367,36.41939955013738,36.7484245300293,105028400,1.3906592701654177,0.5833824220062951,0.2053481912812813,True
2017-08-10, $155.32,39636190, $159.9, $160, $154.63,37.31314215481408,37.33647887838671,36.08337444544976,36.244388580322266,163217200,-3.1851761956103397,1.2531044329369436,-1.068753574491815,False
2017-08-09, $161.06,26060430, $159.26, $161.27, $159.11,37.01842410962092,37.48563117062074,36.9835594991385,37.43681716918945,104526000,0.6121820883146389,0.5020716714822413,0.4183930595685297,True
2017-08-08, $160.08,36127490, $158.6, $161.83, $158.27,36.865019625255286,37.61580052880393,36.78831392847075,37.20903015136719,144823600,0.7997324717756049,0.8274866003331809,0.3440105261119015,True
2017-08-07, $158.81,21827400, $157.06, $158.92, $156.6701,36.50704811114128,36.93938691684847,36.41639659769082,36.913818359375,87481200,1.547409830271551,0.5229903191576497,0.4067702482337196,True
2017-08-04, $156.39,20514810, $156.07, $157.4, $155.69,36.27693554175151,36.58607781694372,36.18860715069363,36.35131454467773,82239600,0.5270632894753824,0.3974706662500935,0.0743790029262143,True
2017-08-03, $155.57,26604140, $157.05, $157.21, $155.02,36.50473515253736,36.541926436811416,36.03288181692307,36.16072463989258,108389200,-0.9990934706913256,0.5090446198883427,-0.344010512644779,False
2017-08-02, $157.14,69726440, $159.28, $159.75, $156.16,37.02307187157176,37.132319040752925,36.29785963935268,36.52565002441406,279747200,4.725073958478254,0.8344594014002453,-0.4974218471576961,False
2017-08-01, $150.05,33669020, $149.1, $150.22, $148.41,34.65683753402334,34.9171694403032,34.496453217920134,34.877655029296875,141474400,0.8875108592660164,0.4207162223830636,0.2208174952735362,True
2017-07-31, $148.73,19690420, $149.9, $150.33, $148.13,34.842789762511146,34.94274090774462,34.43137310076057,34.57083511352539,79383600,-0.515036356734444,0.5113678069840546,-0.2719546489857549,False
2017-07-28, $149.5,17192770, $149.89, $150.23, $149.19,34.84046079961032,34.919489614945064,34.6777533719341,34.74980926513672,68854800,-0.7040082668050229,0.2417362430109619,-0.0906515344736007,False
2017-07-27, $150.56,32429770, $153.75, $153.99, $147.3,35.737669882741635,35.79345679060988,34.23843175798736,34.996185302734375,129905200,-1.889773951773699,1.555025032622524,-0.7414845800072598,False
2017-07-26, $153.46,15649120, $153.35, $153.93, $153.06,35.644704264586665,35.7795164525424,35.577294623853,35.67027282714844,63124000,0.4713934084863647,0.202221828689403,0.0255685625617729,True
2017-07-25, $152.74,18798250, $151.8, $153.84, $151.8,35.284420091668906,35.75859649908012,35.284420091668906,35.50291442871094,75415600,0.4273967257664379,0.474176407411214,0.2184943370420313,True
2017-07-24, $152.09,21466370, $150.58, $152.44, $149.9,35.00083854639876,35.433177371392006,34.84277739857869,35.35182189941406,85972800,1.2111236621749732,0.5903999728133158,0.3509833530153017,True
2017-07-21, $150.27,25111310, $149.99, $150.44, $148.88,34.86370807164886,34.96830545588833,34.60569929892158,34.92879104614258,105010400,-0.046546981394413,0.3626061569667484,0.0650829744937198,True
2017-07-20, $150.34,17170490, $151.5, $151.74, $150.19,35.21468838383295,35.270475305629525,34.91019230588272,34.9450569152832,68974800,-0.450289842299667,0.3602829997468078,-0.2696314685497469,False
2017-07-19, $151.02,20859830, $150.48, $151.42, $149.95,34.97760300729341,35.196097379667826,34.854409975508894,35.10312271118164,83692000,0.6263123581297325,0.3416874041589324,0.12551970388823,True
2017-07-18, $150.08,17837130, $149.2, $150.13, $148.67,34.68008735403194,34.89625864807044,34.5568942954562,34.88463592529297,71475200,0.3477078244739973,0.3393643526142398,0.2045485712610286,True
2017-07-17, $149.56,23765710, $148.82, $150.9, $148.57,34.59175611582035,35.07522866447601,34.533646059353856,34.76375961303711,95174000,0.3488768506450856,0.5415826051221515,0.1720034972167567,True
2017-07-14, $149.04,20117070, $147.97, $149.33, $147.33,34.394189298620056,34.71030822848951,34.2454276579025,34.64289855957031,80528400,0.8594920568424813,0.464880570587006,0.2487092609502568,True
2017-07-13, $147.77,25080500, $145.5, $148.49, $145.44,33.82004280401538,34.5150401494659,33.80609696209252,34.34768295288086,100797600,1.3928278285396667,0.7089431873733787,0.5276401488654798,True
2017-07-12, $145.74,24833800, $145.87, $146.18, $144.82,33.90606550476529,33.978121430451395,33.6620060266046,33.875850677490234,99538000,0.1443239188984924,0.3161154038467941,-0.0302148272750528,False
2017-07-11, $145.53,18647220, $144.73, $145.85, $144.38,33.641077267678725,33.901412766269914,33.55972530610891,33.827030181884766,79127200,0.3240330936658209,0.3416874601610047,0.185952914206041,True
2017-07-10, $145.06,21080580, $144.11, $145.95, $143.37,33.496955966065755,33.92464506499715,33.32494894841133,33.7177734375,84362400,0.6103497311585881,0.5996961165858181,0.2208174714342448,True
2017-07-07, $144.18,18527000, $142.9, $144.75, $142.9,33.215702390068536,33.64571816878647,33.215702390068536,33.51322555541992,76806800,1.0159208926085128,0.4300157787179373,0.2975231653513859,True
2017-07-06, $142.73,24110330, $143.02, $143.5, $142.41,33.243591423255054,33.35516170275818,33.101802789129216,33.17618179321289,96515200,-0.9438929707924149,0.2533589136289649,-0.0674096300421638,False
2017-07-05, $144.09,21550270, $143.69, $144.79, $142.7237,33.399338707560744,33.65502084392385,33.173871390652444,33.492313385009766,86278400,0.4111456966540805,0.4811494532714064,0.0929746774490212,True
2017-07-03, $143.5,14277850, $144.88, $145.3001, $143.1,33.67594369003413,33.77356816691595,33.26220033940119,33.35517501831055,57111200,-0.3610488832428982,0.5113678275147606,-0.3207686717235845,False
2017-06-30, $144.02,22986960, $144.45, $144.96, $143.78,33.57598747388138,33.69453425037123,33.42025295949374,33.47603988647461,92096400,0.2366580984380695,0.2742812908774894,-0.0999475874067741,False
2017-06-29, $143.68,31450520, $144.71, $145.13, $142.28,33.636419820909026,33.73404427035426,33.07158834234401,33.397003173828125,125997600,-1.4742915881661878,0.6624559280102531,-0.2394166470809011,False
2017-06-28, $145.83,22052920, $144.49, $146.11, $143.1601,33.58527107922489,33.96182290349856,33.27612532288432,33.8967399597168,88329600,1.4610516027298903,0.6856975806142387,0.3114688804919083,True
2017-06-27, $143.73,24725210, $145.01, $146.16, $143.62,33.70614585864433,33.97345416700093,33.38305418258259,33.40862274169922,99047600,-1.4332901792763475,0.5903999844183403,-0.2975231169451078,False
2017-06-26, $145.82,25674500, $147.17, $148.28, $145.38,34.20822036352045,34.466229101408445,33.79215400799219,33.89442825317383,102769600,-0.314453236973411,0.6740750934162563,-0.3137921103466183,False
2017-06-23, $146.28,35421310, $145.13, $147.16, $145.11,33.734041820737275,34.20589506550318,33.72939202440925,34.001346588134766,141757600,0.4463443533106126,0.4765030410939275,0.2673047673974906,True
2017-06-22, $145.63,19082170, $145.77, $146.7, $145.1199,33.882799350448174,34.09896697278003,33.73171113518738,33.85025787353516,76425200,-0.16454276182295,0.3672558375926513,-0.0325414769130105,False
2017-06-21, $145.87,21247590, $145.52, $146.0693, $144.61,33.82469588633968,33.95253869431153,33.61317447194587,33.90604782104492,85063200,0.5930829846501728,0.3393642223656599,0.0813519347052391,True
2017-06-20, $145.01,24877950, $146.87, $146.87, $144.94,34.138481214993035,34.138481214993035,33.68987346053195,33.70614242553711,99600400,-0.908869062879003,0.4486077544610864,-0.4323387894559261,False
2017-06-19, $146.34,32203640, $143.66, $146.74, $143.66,33.39235892227018,34.10827514113461,33.39235892227018,34.01529693603516,130165600,2.8607874095315733,0.7159162188644288,0.6229380137649798,True
2017-06-16, $142.27,50264540, $143.78, $144.5, $142.2,33.42023912222331,33.587596287117485,33.05298331852524,33.06925582885742,201444400,-1.39996715192644,0.534612968592242,-0.3509832933658856,False
2017-06-15, $144.29,31642900, $143.32, $144.4798, $142.21,33.31332415824368,33.58295203798691,33.055315448651314,33.538787841796875,128661600,-0.5993439912520104,0.527636589335593,0.225463683553194,True
2017-06-14, $145.16,31454590, $147.5, $147.5, $143.84,34.28492166573498,34.28492166573498,33.43418987690974,33.74101257324219,126124800,-0.9755222125405804,0.8507317888252359,-0.5439090924927896,False
2017-06-13, $146.59,34089190, $147.16, $147.45, $145.15,34.20589882874218,34.27330492251512,33.73869178214807,34.07340621948242,136661600,0.8045276915275901,0.5346131403670569,-0.1324926092597564,False
2017-06-12, $145.42,72187710, $145.74, $146.09, $142.51,33.87584667062883,33.957198638140845,33.12506203502354,33.80146408081055,289229200,-2.38958414024939,0.8321366031173056,-0.0743825898182848,False
2017-06-09, $148.98,64782910, $155.19, $155.19, $146.02,36.07240773011959,36.07240773011959,33.940930781663866,34.62895202636719,259530800,-3.877656627075643,2.131476948455727,-1.4434557037524058,False
2017-06-08, $154.99,21144040, $155.25, $155.54, $154.4,36.08634642269079,36.15375253015387,35.88877080457249,36.02591323852539,85003200,-0.2445725109328278,0.2649817255813786,-0.0604331841653973,False
2017-06-07, $155.37,21017560, $155.02, $155.98, $154.48,36.03288678355155,36.25602742644051,35.9073670685145,36.11423873901367,84278400,0.5957027836051454,0.3486603579260077,0.0813519554621251,True
2017-06-06, $154.45,26591850, $153.9, $155.81, $153.78,35.77253639360547,36.21649791553174,35.74464471155945,35.9003791809082,106499600,0.3378260595606308,0.4718532039722873,0.1278427873027325,True
2017-06-05, $153.93,25277680, $154.34, $154.45, $153.46,35.87480798567305,35.900376541253614,35.67026308778339,35.77950668334961,101326800,-0.9778499905774952,0.2301134534702242,-0.0953013023234419,False
2017-06-02, $155.45,27715140, $153.58, $155.45, $152.89,35.69816949603981,36.13283157348633,35.53778517638667,36.13283157348633,111082800,1.4819006718565395,0.595046397099658,0.4346620774465179,True
2017-06-01, $153.18,16383610, $153.17, $153.33, $152.22,35.602874780688644,35.640066074118366,35.3820572394297,35.60519790649414,65616400,0.274964963292712,0.2580088346886668,0.0023231258054963,True
2017-05-31, $152.76,24452750, $153.97, $154.17, $152.38,35.78881875413772,35.83530608592491,35.4192396783089,35.507564544677734,97804800,-0.5921690112385858,0.4160664076160145,-0.2812542094599877,False
2017-05-30, $153.67,20118620, $153.42, $154.43, $153.33,35.660971833916435,35.89573513785693,35.64005306902935,35.71908187866211,80507600,0.0390389245000566,0.255682068827582,0.0581100447456748,True
2017-05-26, $153.61,21895020, $154, $154.24, $153.31,35.79579452040507,35.851581451035386,35.635410198254704,35.70514297485352,87710400,-0.1689894539445458,0.2161712527806827,-0.0906515455515446,False
2017-05-25, $153.87,19217810, $153.73, $154.35, $153.03,35.7330415425565,35.87715692105981,35.5703340636886,35.76558303833008,76942400,0.34569734700296,0.306822857371209,0.0325414957735787,True
2017-05-24, $153.34,19201820, $153.84, $154.17, $152.67,35.75858838045589,35.83529404817811,35.4866338567616,35.64236831665039,76712000,-0.2991314272494771,0.3486601914165135,-0.1162200638054997,False
2017-05-23, $153.8,19906170, $154.9, $154.9, $153.31,36.00498783317736,36.00498783317736,35.63540874307871,35.749305725097656,79675600,-0.1233608592352997,0.3695790900986466,-0.2556821080797036,False
2017-05-22, $153.99,22930630, $154, $154.58, $152.91,35.79578397067189,35.930599686561685,35.54242505223062,35.793460845947266,91865600,0.607588693356198,0.3881746343310652,-0.0023231247246258,False
2017-05-19, $153.06,26892850, $153.38, $153.98, $152.63,35.65167977873809,35.79114177368789,35.47734962498381,35.57729721069336,107843200,0.3409043594680749,0.3137921487040813,-0.0743825680447329,False
2017-05-18, $152.54,33520150, $151.27, $153.34, $151.13,35.161228228070684,35.642377572865925,35.128686743624414,35.456424713134766,134272800,1.5241252658475313,0.5136908292415114,0.295196485064082,True
2017-05-17, $150.25,50674280, $153.6, $154.57, $149.71,35.70281313875219,35.928280397547645,34.79862097859771,34.92413711547852,203070800,-3.357548609918404,1.1296594189499345,-0.7786760232736682,False
2017-05-16, $155.47,19994270, $155.94, $156.06, $154.72,36.24671739912144,36.274609082037145,35.963140133627775,36.13747024536133,80194000,-0.1477458455242941,0.3114689484093702,-0.1092471537601085,False
2017-05-15, $155.7,25912270, $156.01, $156.65, $155.05,36.26299675628336,36.41175835238627,36.03985613550709,36.1909408569336,104038800,-0.2562342232282244,0.3719022168791852,-0.0720558993497562,False
2017-05-12, $156.1,32493770, $154.7, $156.42, $154.67,35.95849428633321,36.3582916702196,35.95152136483856,36.283912658691406,130108000,1.3965841424676162,0.4067703053810376,0.3254183723581931,True
2017-05-11, $153.95,27236290, $152.45, $154.07, $152.31,35.4354966092352,35.81205202631621,35.402955133364486,35.784156799316406,109020400,0.8647901786794421,0.4090968929517231,0.3486601900812047,True
2017-05-10, $153.26,25779060, $153.63, $153.94, $152.11,35.5630039032327,35.63476361185649,35.211146087985654,35.477352142333984,103222800,-0.4740343246824818,0.4236175238708384,-0.0856517608987132,False
2017-05-09, $153.99,38907940, $153.87, $154.88, $153.45,35.61854740828749,35.85234920110843,35.521324264291295,35.64632797241211,156521600,0.6404736756681739,0.3310249368171369,0.0277805641246189,True
2017-05-08, $153.01,48670440, $149.03, $153.7, $149.03,34.4981673635165,35.579200576555564,34.4981673635165,35.41947555541992,195009600,2.7188458321717235,1.0810332130390634,0.921308191903421,True
2017-05-05, $148.96,27254850, $146.76, $148.98, $146.76,33.9726949212894,34.48659126238202,33.9726949212894,34.481964111328125,109310800,1.6583741772317584,0.5138963410926181,0.5092691900387223,True
2017-05-04, $146.53,23345970, $146.52, $147.14, $145.81,33.91713909182939,34.06065847493561,33.75278340135599,33.91945266723633,93487600,-0.3604012262292566,0.3078750735796163,0.0023135754069372,True
2017-05-03, $147.06,45579740, $145.59, $147.49, $144.27,33.701858153687134,34.141681222939226,33.39630017256143,34.04214096069336,182788000,-0.305108088766115,0.7453810503777945,0.3402828070062256,True
2017-05-02, $147.51,44182930, $147.54, $148.09, $146.84,34.15326841966558,34.28058577572571,33.991229753851776,34.146324157714844,181408800,0.6344930986213582,0.2893560218739353,-0.0069442619507356,False
2017-05-01, $146.58,33498270, $145.1, $147.2, $144.96,33.58843765714753,34.07455349864762,33.55602993438086,33.931034088134766,134411600,2.039676871150209,0.5185235642667578,0.3425964309872356,True
2017-04-28, $143.65,20783460, $144.09, $144.3, $143.27,33.354638589679055,33.403251943974794,33.16482292111123,33.252784729003906,83441600,-0.097346723034708,0.2384290228635635,-0.1018538606751491,False
2017-04-27, $143.79,14198660, $143.923, $144.16, $143.31,33.31528091186604,33.37083851697221,33.174075089542335,33.285186767578125,56985200,0.0765583758476129,0.1967634274298788,-0.030094144287915,False
2017-04-26, $143.68,19998050, $144.47, $144.6, $143.3762,33.44259857448812,33.47269271909866,33.19028107142358,33.25972366333008,80164800,-0.5881134272178845,0.2824116476750831,-0.182874911158045,False
2017-04-25, $144.53,18325720, $143.91, $144.9, $143.87,33.31296635455001,33.54213396298466,33.30370498788361,33.456485748291016,75486000,0.6196014184738807,0.2384289751010442,0.143519393741009,True
2017-04-24, $143.64,17117710, $143.5, $143.95, $143.18,33.218057673208875,33.32222509188119,33.143980866576484,33.250465393066406,68537200,0.96298356370752,0.1782442253047023,0.0324077198575309,True
2017-04-21, $142.27,17290900, $142.44, $142.68, $141.85,32.972674874043584,33.02822893073666,32.83609977510572,32.93332290649414,69283600,-0.1193601269842692,0.192129155630937,-0.0393519675494431,False
2017-04-20, $142.44,23294040, $141.22, $142.92, $141.16,32.690267539552906,33.08379079811462,32.67637902358353,32.972679138183594,93278400,1.251079445805603,0.4074117745310914,0.2824115986306879,True
2017-04-19, $140.68,17302160, $141.88, $142, $140.45,32.8430462719314,32.8708233021722,32.51202135546686,32.56526184082031,69313600,-0.3683091229042312,0.3588019467053414,-0.2777844311110868,False
2017-04-18, $141.2,14676420, $141.41, $142.04, $141.11,32.734259408881314,32.88009239978457,32.66481327731086,32.685646057128906,58790000,-0.4441836619096473,0.21527912247371,-0.0486133517524081,False
2017-04-17, $141.83,16529130, $141.48, $141.88, $140.87,32.7504570543777,32.84305306128152,32.6092512345038,32.831478118896484,66328400,0.5530163246951547,0.2338018267777215,0.0810210645187865,True
2017-04-13, $141.05,17775510, $141.91, $142.38, $141.05,32.84999019496731,32.958788271870205,32.65091323852539,32.65091323852539,71291600,-0.5289516634754077,0.3078750333448141,-0.199076956441921,False
2017-04-12, $141.8,20320420, $141.6, $142.15, $141.01,32.778242939696646,32.905556730054954,32.6416642488803,32.82453918457031,81400000,0.1200543886639149,0.2638924811746506,0.0462962448736661,True
2017-04-11, $141.63,30341520, $142.94, $143.35, $140.06,33.08842352954414,33.18333310411267,32.42174646432778,32.785179138183594,121517600,-1.0756695727421106,0.7615866397848876,-0.3032443913605434,False
2017-04-10, $143.17,18904680, $143.6, $143.8792, $142.9,33.24121432941416,33.30602978233185,33.07917216494268,33.14167404174805,75733600,-0.1185761889953118,0.2268576173891645,-0.099540287666116,False
2017-04-07, $143.34,16658660, $143.73, $144.18, $143.27,33.27129772861994,33.37546514590922,33.16481673572033,33.1810188293457,66688800,-0.22275564993397,0.2106484101888881,-0.0902788992742387,False
2017-04-06, $143.66,21131040, $144.29, $144.52, $143.45,33.40092941039191,33.45417344029997,33.20648308914748,33.255096435546875,84596000,-0.2499693917365708,0.2476903511524852,-0.1458329748450353,False
2017-04-05, $144.02,27649500, $144.22, $145.46, $143.81,33.38472855228239,33.67177089344331,33.28981896381265,33.33843231201172,110871600,-0.5180659448135505,0.3819519296306595,-0.0462962402706708,False
2017-04-04, $144.77,19865300, $143.25, $144.89, $143.17,33.16018901999621,33.53982385248082,33.141669816926616,33.512046813964844,79565600,0.7446634175251488,0.3981540355542066,0.3518577939686338,True
2017-04-03, $143.7,19970040, $143.71, $144.12, $143.05,33.26665655383155,33.36156256431881,33.113875855717886,33.264339447021484,79942800,0.0277942705489531,0.2476867086009235,-0.002317106810068,False
2017-03-31, $143.66,19576480, $143.72, $144.27, $143.01,33.26898495389625,33.396302259059844,33.1046292450166,33.255096435546875,78646800,-0.1875885618607187,0.2916730140432406,-0.0138885183493755,False
2017-03-30, $143.93,21189000, $144.19, $144.5, $143.5,33.37778472764183,33.44954443082265,33.218059694277166,33.317596435546875,84829200,-0.1318500780798093,0.2314847365454824,-0.0601882920949563,False
2017-03-29, $144.12,29174040, $143.68, $144.49, $143.19,33.25972984641685,33.44723547595207,33.1463045704324,33.3615837097168,116760000,0.2225157979684144,0.3009309055196709,0.1018538632999437,True
2017-03-28, $143.8,33348400, $140.91, $144.04, $140.62,32.61852282658592,33.34306782229113,32.55139025901376,33.28751373291016,133499200,2.072704320354579,0.7916775632773749,0.6689909063242467,True
2017-03-27, $140.88,23531670, $139.39, $141.22, $138.62,32.26665872124432,32.690276231829365,32.0884144771652,32.611572265625,94300400,0.1706747381936768,0.6018617546641636,0.344913544380681,True
2017-03-24, $140.64,22355140, $141.5, $141.74, $140.35,32.75508436437389,32.810641962794406,32.488878377816576,32.556007385253906,89582400,-0.1986703621451147,0.3217635849778304,-0.1990769791199866,False
2017-03-23, $140.92,20299310, $141.26, $141.5844, $140.61,32.69951920753767,32.77359598830901,32.549055603336946,32.62081527709961,81385200,-0.3535782096168893,0.2245403849720659,-0.0787039304380599,False
2017-03-22, $141.42,25804820, $139.845, $141.6, $139.76,32.373135507438455,32.77823371741696,32.35229920075717,32.73656463623047,103440800,1.1298737952689208,0.4259345166597867,0.3634291287920135,True
2017-03-21, $139.84,39461130, $142.11, $142.8, $139.73,32.896286464931364,33.05601145174801,32.345351822213246,32.37081527709961,158119600,-1.1452420771181804,0.7106596295347671,-0.5254711878317551,False
2017-03-20, $141.46,21258100, $140.4, $141.5, $140.23,32.50045754809698,32.75509218644544,32.4611055643844,32.74583435058594,86168000,1.050086404580619,0.2939866220610412,0.2453768024889555,True
2017-03-17, $139.99,43700570, $141, $141, $139.89,32.63934639760594,32.63934639760594,32.38239821021006,32.405548095703125,175540000,-0.4975520644580511,0.2569481873958779,-0.2337983019028158,False
2017-03-16, $140.69,19173780, $140.72, $141.02, $140.26,32.574533065814535,32.643979194613266,32.468048530699576,32.567588806152344,76928000,0.1637484203856232,0.1759306639136895,-0.0069442596621911,False
2017-03-15, $140.46,25676720, $139.41, $140.7501, $139.025,32.27128740089075,32.58147609467358,32.1833220722569,32.514347076416016,102767200,1.0576416100235295,0.3981540224166835,0.2430596755252665,True
2017-03-14, $138.99,15281850, $139.3, $139.65, $138.84,32.2458205158316,32.3268380442881,32.13933599604356,32.1740608215332,61236400,-0.1508704707634645,0.1875020482445393,-0.0717596942984002,False
2017-03-13, $139.2,17048800, $138.85, $139.43, $138.82,32.14165778323444,32.2759158250435,32.13471352356076,32.22267532348633,69686800,0.0431345940273164,0.1412023014827355,0.0810175402518851,True
2017-03-10, $139.14,19578920, $139.25, $139.3571, $138.64,32.234245655264324,32.25970911448372,32.09303984180699,32.20878219604492,78451200,0.3316884968152633,0.166669272676728,-0.0254634592194022,False
2017-03-09, $138.68,22117750, $138.74, $138.79, $137.05,32.116194602915954,32.12776601435599,31.724984821031654,32.10230255126953,88623600,-0.2301880699128733,0.402781193324337,-0.0138920516464224,False
2017-03-08, $139,18695500, $138.95, $139.8, $138.82,32.16479377359363,32.36155715341623,32.134703168762755,32.176368713378906,74828800,-0.3727087213132085,0.2268539846534736,0.0115749397852766,True
2017-03-07, $139.52,17439210, $139.06, $139.98, $138.79,32.19025698542041,32.40322245359531,32.12775513679197,32.2967414855957,69785200,0.1291233766886446,0.2754673168033434,0.1064845001752914,True
2017-03-06, $139.34,21229890, $139.365, $139.77, $138.5959,32.262036882584674,32.35463292601534,32.08379612181418,32.25509262084961,87000000,-0.314718844484918,0.2708368042011599,-0.0069442617350645,False
2017-03-03, $139.78,21555370, $138.78, $139.83, $138.59,32.125441300977805,32.36850090395948,32.08145864978795,32.35692596435547,84432400,0.5900561381088965,0.2870422541715314,0.2314846633776639,True
2017-03-02, $138.96,26170690, $140, $140.2786, $138.76,32.4078644691054,32.472679915469456,32.12082211222392,32.16712188720703,104844000,-0.5937320334611917,0.3518578032455366,-0.2407425818983668,False
2017-03-01, $139.79,36362440, $137.89, $140.15, $137.595,31.91942953729377,32.442583759753184,31.85230051920705,32.359249114990234,145658400,2.043950634630254,0.5902832405461353,0.4398195776964648,True
2017-02-28, $136.99,23446340, $137.08, $137.435, $136.7,31.73192286301284,31.815257495677876,31.643957547373027,31.711090087890625,93931600,0.0437765957862712,0.1712999483048491,-0.0208327751222157,False
2017-02-27, $136.93,20222210, $137.14, $137.435, $136.28,31.745827492054847,31.815273643218475,31.54675040921403,31.69721412658692,81029600,0.197604019608466,0.2685232340044443,-0.0486133654679292,False
2017-02-24, $136.66,21754600, $135.91, $136.66, $135.28,31.46108914249746,31.63470268249512,31.315252638602946,31.63470268249512,87106400,0.0952509584842609,0.319450043892175,0.1736135399976603,True
2017-02-23, $136.53,20762360, $137.38, $137.48, $136.3,31.80136236450006,31.824508710207315,31.55135851850376,31.60459899902344,83152800,-0.4230630064546159,0.2731501917035537,-0.1967633654766203,False
2017-02-22, $137.11,20769030, $136.43, $137.12, $136.11,31.581462967593552,31.74118801135725,31.50738968380831,31.738874435424805,83347600,0.2999237156183776,0.2337983275489392,0.1574114678312526,True
2017-02-21, $136.7,24487200, $136.23, $136.75, $135.98,31.535168552660775,31.65554161949223,31.47729736140028,31.643966674804688,98028800,0.7220786014048075,0.1782442580919507,0.1087981221439129,True
2017-02-17, $135.72,22163280, $135.1, $135.83, $135.1,31.27359102891189,31.4425739068136,31.27359102891189,31.41711044311523,88792800,0.2734023985214717,0.1689828779017084,0.1435194142033431,True
2017-02-16, $135.345,22539860, $135.67, $135.9, $134.8398,31.405522761633943,31.458763243345395,31.213390073868105,31.331449508666992,90338400,-0.1180764681181223,0.2453731694772898,-0.0740732529669507,False
2017-02-15, $135.51,35578640, $135.52, $136.27, $134.62,31.37080541920422,31.54441893250592,31.1624670839366,31.368488311767575,142492400,0.3628989564984142,0.3819518485693187,-0.0023171074366459,False
2017-02-14, $135.02,33054500, $133.47, $135.09, $133.25,30.896262032643676,31.271266102280745,30.845335117979864,31.25506401062012,132904800,1.2979290637462393,0.42593098430088,0.3588019779764444,True
2017-02-13, $133.29,22989980, $133.08, $133.82, $132.75,30.805983469306774,30.977283414271827,30.729593096505177,30.85459327697754,92141600,0.8855546194605379,0.2476903177666507,0.0486098076707648,True
2017-02-10, $132.12,20046250, $132.46, $132.94, $132.05,30.6624648828812,30.77357654975128,30.56755530826191,30.58375740051269,80262000,-0.2265804772302426,0.2060212414893705,-0.0787074823685074,False
2017-02-09, $132.42,28321440, $131.65, $132.445, $131.12,30.474967338846795,30.660155853876027,30.35228069822757,30.65321159362793,113399600,0.7226207430007792,0.3078751556484569,0.1782442547811342,True
2017-02-08, $132.04,22941650, $131.35, $132.22, $131.22,30.2742623055273,30.474783502012865,30.24429807453851,30.43329429626465,92016400,0.387726706339464,0.2304854274743561,0.1590319907373469,True
2017-02-07, $131.53,38158410, $130.54, $132.09, $130.45,30.087570159753724,30.444823323275603,30.066827312582973,30.315752029418945,152735200,0.9517324351651092,0.3779960106926303,0.2281818696652209,True
2017-02-06, $130.29,26784530, $129.13, $130.5, $128.9,29.76258683577543,30.07835077210367,29.70957265088489,30.02994728088379,107383600,0.9373947189165176,0.3687781212187779,0.2673604451083591,True
2017-02-03, $129.08,24460160, $128.31, $129.19, $128.16,29.57358761144041,29.7764159334382,29.539016200613,29.75106239318848,98029200,0.4279388312607324,0.2373997328252031,0.1774747817480708,True
2017-02-02, $128.53,33671250, $127.975, $129.39, $127.78,29.49752264241954,29.822506146168404,29.451424506752417,29.62428855895996,134841600,-0.1708868724662138,0.371081639415987,0.1267659165404211,True
2017-02-01, $128.75,111837300, $127.03, $130.49, $127.01,29.278564014442228,30.07604515303821,29.273955079547164,29.674999237060547,447940000,6.098066942607305,0.8020900734910441,0.3964352226183187,True
2017-01-31, $121.35,47767760, $121.15, $121.39, $120.62,27.923309746058493,27.978625755996777,27.801152751481997,27.969406127929688,196804000,-0.2302103843688785,0.1774730045147805,0.0460963818711945,True
2017-01-30, $121.63,30327110, $120.93, $121.63, $120.66,27.872604073139428,28.03394317626953,27.8103737786362,28.03394317626953,121510000,-0.2624091288790486,0.2235693976333301,0.1613391031301034,True
2017-01-27, $121.95,20495340, $122.14, $122.35, $121.6,28.151493146769283,28.199894880983315,28.027030790877003,28.10770034790039,82251600,0.0082115624228107,0.1728640901063123,-0.0437927988688926,False
2017-01-26, $121.94,26320740, $121.67, $122.44, $121.6,28.04316040840509,28.220635165146643,28.02702649947078,28.105392456054688,105350400,0.0492461094860674,0.193608665675864,0.0622320476495978,True
2017-01-25, $121.88,32417410, $120.42, $122.1, $120.28,27.75505000095624,28.142265523135183,27.722782187313324,28.0915584564209,129510400,1.5920522377224078,0.4194833358218588,0.33650845546466,True
2017-01-24, $119.97,23191150, $119.55, $120.1, $119.5,27.55453131295245,27.6812972326566,27.54300633913202,27.65133476257324,92844000,-0.0916022853708953,0.1382908935245801,0.0968034496207899,True
2017-01-23, $120.08,21982000, $120, $120.81, $119.77,27.65824798657816,27.84494059777907,27.605235570879703,27.676687240600582,88200800,0.0666441806920437,0.2397050268993652,0.0184392540224216,True
2017-01-20, $120,29922650, $120.45, $120.45, $119.7346,27.761972374865096,27.761972374865096,27.59602432423477,27.65825462341309,130391600,0.1836910557973192,0.1659480506303268,-0.103717751452006,False
2017-01-19, $119.78,25554290, $119.4, $120.09, $119.37,27.519958215498,27.678991952121173,27.513043934574924,27.607542037963867,102389200,-0.1750038862932013,0.1659480175462491,0.0875838224658664,True
2017-01-18, $119.99,23687350, $120, $120.5, $119.71,27.65824635575437,27.773489048903343,27.59140538271229,27.655941009521484,94852000,-0.0083650032263626,0.1820836661910547,-0.0023053462328839,False
2017-01-17, $120,34412090, $118.34, $120.24, $118.22,27.275647923726257,27.71357064028986,27.247990794520103,27.65825462341309,137759200,0.8064717393213128,0.4655798457697564,0.382606699686832,True
2017-01-13, $119.04,26083030, $119.11, $119.62, $118.81,27.4531170167003,27.570665066846857,27.38397069109312,27.436983108520508,104447600,-0.1761037172269941,0.1866943757537384,-0.0161339081797926,False
2017-01-12, $119.25,27057550, $118.895, $119.3, $118.21,27.40471635076029,27.49691086897648,27.24568085079896,27.48538589477539,108344800,-0.4175339952972368,0.2512300181775231,0.0806695440151017,True
2017-01-11, $119.75,27453130, $118.74, $119.93, $118.6,27.367837142264168,27.64211534338616,27.335569325480893,27.60062789916992,110354400,0.5373109690098854,0.3065460179052657,0.2327907569057501,True
2017-01-10, $119.11,24432660, $118.77, $119.38, $118.3,27.374753318580197,27.51534956935505,27.266426645287005,27.4531192779541,97848400,0.1008565434246877,0.2489229240680437,0.0783659593739045,True
2017-01-09, $118.99,33420290, $117.95, $119.43, $117.94,27.185753866605072,27.5268730529074,27.183450278560223,27.42545890808105,134247600,0.9159458103586982,0.3434227743471751,0.2397050414759789,True
2017-01-06, $117.91,31714820, $116.78, $118.16, $116.47,26.916086911538507,27.2341579147274,26.844636994457726,27.176536560058597,127007600,1.114834622763472,0.3895209202696748,0.2604496485200904,True
2017-01-05, $116.61,22115100, $115.92, $116.8642, $115.81,26.717868039905976,26.934524885863468,26.692514504380565,26.876903533935547,88774400,0.5085256052752785,0.2420103814829026,0.1590354940295704,True
2017-01-04, $116.02,21081620, $115.85, $116.51, $115.75,26.701737011653545,26.85385824121325,26.67868882008931,26.74091911315918,84472400,-0.1119363586477684,0.1751694211239396,0.0391821015056343,True
2017-01-03, $116.15,28769220, $115.8, $116.33, $114.76,26.690215911425863,26.81237291902027,26.45051083152964,26.770885467529297,115127600,0.2849359896111458,0.361862087490632,0.0806695561034338,True
2016-12-30, $115.82,30555900, $116.65, $117.2, $115.43,26.886125639466677,27.012891570314174,26.60493313478548,26.694822311401367,122345200,-0.7795903256985648,0.4079584355286947,-0.1913033280653095,False
2016-12-29, $116.73,14979680, $116.45, $117.1095, $116.4,26.84003031451712,26.99215155765104,26.8285070969389,26.90456771850586,60158000,-0.0257063232239507,0.1636444607121419,0.0645374039887407,True
2016-12-28, $116.76,20686510, $117.52, $118.0166, $116.2,27.08665337418372,27.201896116474003,26.78241260487596,26.91148567199707,83623600,-0.4263790575242288,0.4194835115980417,-0.1751677021866484,False
2016-12-27, $117.26,18131970, $116.52, $117.8, $116.49,26.85616147042896,27.15118429728592,26.849247188898552,27.026721954345703,73187600,0.6350830134789209,0.3019371083873672,0.1705604839167414,True
2016-12-23, $116.52,14244050, $115.59, $116.52, $115.59,26.641811492731268,26.856163024902344,26.641811492731268,26.856163024902344,56998000,0.1977787552185361,0.2143515321710758,0.2143515321710758,True
2016-12-22, $116.29,26043820, $116.35, $116.51, $115.64,26.816980648070743,26.853859162610323,26.653336196346185,26.803152084350582,104343600,-0.6577937198935291,0.2005229662641383,-0.0138285637201605,False
2016-12-21, $117.06,23724430, $116.8, $117.4, $116.78,26.920704010265048,27.05899494268281,26.91609331605451,26.98062896728516,95132800,0.0940609426883565,0.1429016266282978,0.0599249570201116,True
2016-12-20, $116.95,21337310, $116.74, $117.5, $116.68,26.906872844999217,27.082042291767102,26.8930442797291,26.95527458190918,85700000,0.265791851556707,0.1889980120380023,0.0484017369099625,True
2016-12-19, $116.64,27756760, $115.8, $117.38, $115.75,26.690212668950327,27.054378300614168,26.67868769442234,26.883819580078125,111117600,0.5777263177664471,0.3756906061918279,0.193606911127798,True
2016-12-16, $115.97,44284660, $116.47, $116.5, $115.645,26.844639540335297,26.85155382219702,26.65564154943609,26.72939682006836,177404400,0.1295176580075052,0.1959122727609283,-0.1152427202669379,False
2016-12-15, $115.82,46286150, $115.38, $116.73, $115.23,26.59340815995195,26.904564895814616,26.558836752379893,26.694822311401367,186098000,0.5469248676959859,0.345728143434723,0.1014141514494184,True
2016-12-14, $115.19,33962370, $115.04, $116.2, $114.98,26.515042695595305,26.782404866052342,26.501214133224963,26.54961585998535,136127200,0.0,0.2811907328273797,0.0345731643900464,True
2016-12-13, $115.19,43293350, $113.84, $115.92, $113.75,26.23845913893912,26.717869230371825,26.217716295383603,26.54961585998535,174935200,1.6681451043019768,0.5001529349882219,0.3111567210462311,True
2016-12-12, $113.3,26176690, $113.29, $115, $112.49,26.11169115936893,26.505820982086885,25.92730213610792,26.113996505737305,105497600,-0.5704294077721661,0.5785188459789659,0.0023053463683737,True
2016-12-09, $113.95,34324350, $112.31, $114.7, $112.31,25.885817069046983,26.436677084543792,25.885817069046983,26.263813018798828,137610400,1.6321531852542923,0.5508600154968093,0.3779959497518455,True
2016-12-08, $112.12,27049830, $110.86, $112.43, $110.6,25.551619294880005,25.91348141173336,25.49169258042718,25.84203147888184,108273200,0.981735935773176,0.4217888313061806,0.2904121840018341,True
2016-12-07, $111.03,29976030, $109.26, $111.19, $109.16,25.18283898036046,25.6276759377741,25.15979078868156,25.590797424316406,119994800,0.9822874258915482,0.4678851490925417,0.4079584439559447,True
2016-12-06, $109.95,26160560, $109.5, $110.36, $109.19,25.2381497267504,25.4363672990714,25.166699819912807,25.34186744689941,104782000,0.7698407894950243,0.269667479158592,0.1037177201490102,True
2016-12-05, $109.11,34113880, $110, $110.03, $108.25,25.35339773415864,25.36031201582276,24.95004822475157,25.148265838623047,137298000,-0.7188563056190977,0.4102637910711912,-0.2051318955355938,False
2016-12-02, $109.9,26481320, $109.17, $110.09, $108.85,25.16209951585036,25.374145736145948,25.08834423233603,25.33035469055176,106112000,0.3744959130371983,0.2858015038099175,0.1682551747014038,True
2016-12-01, $109.49,37034520, $110.365, $110.94, $109.03,25.43867576277433,25.570052378346286,25.1298243937763,25.23584747314453,148347600,-0.931988011970064,0.4402279845699866,-0.2028282896297994,False
2016-11-30, $110.52,36151450, $111.6, $112.2, $110.27,25.72217990456277,25.86047084457013,25.41563378592891,25.473255157470703,144649200,-0.8433200375264294,0.4448370586412196,-0.2489247470920652,False
2016-11-29, $111.46,28507780, $110.78, $112.03, $110.07,25.53317311214173,25.82127987095984,25.369528684148737,25.689903259277344,114115200,-0.0985966608864519,0.451751186811105,0.1567301471356152,True
2016-11-28, $111.57,27054320, $111.43, $112.465, $111.39,25.682989827276327,25.92269486955125,25.673770199673733,25.71525764465332,108776000,-0.1967978469715969,0.2489246698775176,0.0322678173769936,True
2016-11-25, $111.79,11475920, $111.13, $111.87, $110.95,25.61384329154509,25.78440376311213,25.572355846902315,25.76596450805664,45903600,0.5034552190458008,0.2120479162098156,0.1521212165115493,True
2016-11-23, $111.23,27420550, $111.36, $111.51, $110.33,25.6668566978442,25.70142986278753,25.429456994878407,25.63689422607422,109705600,-0.509844710538776,0.271972867909124,-0.0299624717699806,False
2016-11-22, $111.8,25931710, $111.95, $112.42, $111.4,25.802843808466104,25.91117224453741,25.67607787398223,25.768272399902344,103862000,0.062629892590027,0.2350943705551813,-0.0345714085637602,False
2016-11-21, $111.73,29164190, $110.12, $111.99, $110.01,25.381062090539515,25.81206881951288,25.35570854666289,25.75214385986328,117058400,1.5173763262766204,0.4563602728499916,0.3710817693237658,True
2016-11-18, $110.06,28310840, $109.72, $110.54, $109.66,25.28886334695961,25.477861341821512,25.275034782946232,25.36722755432129,113715600,0.1000719756545809,0.2028265588752802,0.0783642073616803,True
2016-11-17, $109.95,27623150, $109.81, $110.35, $108.83,25.30959963358799,25.434061952845173,25.083724940408025,25.34186744689941,110528000,-0.0363922976834407,0.3503370124371479,0.0322678133114209,True
2016-11-16, $109.99,58724080, $106.7, $110.23, $106.6,24.59279597647149,25.40641106445219,24.569747783947065,25.351093292236328,235362000,2.6888296696996994,0.8366632805051246,0.7582973157648389,True
2016-11-15, $107.11,32230590, $106.57, $107.68, $106.1593,24.5628316658626,24.818670628226737,24.468333556037276,24.687294006347656,129058000,1.3243935587341715,0.3503370721894576,0.1244623404850564,True
2016-11-14, $105.71,50901380, $107.71, $107.809, $104.08,24.825581457788623,24.848629645385405,23.98892011462399,24.36461067199707,204702000,-2.508547434502728,0.859709530761414,-0.4609707857915524,False
2016-11-11, $108.43,34117030, $107.12, $108.87, $106.55,24.689599836882564,25.09294933843888,24.55822321242851,24.991535186767575,136575600,0.5937619525877791,0.5347261260103693,0.3019353498850101,True
2016-11-10, $107.79,57097740, $111.09, $111.09, $105.83,25.6046215890325,25.6046215890325,24.39226968204097,24.84402084350586,228538000,-2.7868048987295113,1.2123519069915325,-0.7606007455266415,False
2016-11-09, $110.88,59118740, $109.88, $111.32, $108.05,25.325737494034183,25.657637063868663,24.90395050891112,25.55622291564941,236705600,-0.1620720785969642,0.7536865549575431,0.2304854216152279,True
2016-11-08, $111.06,24129630, $110.31, $111.72, $109.7,25.424845594318786,25.749830873894304,25.28424935033473,25.59770965576172,97016800,0.5887036505022758,0.4655815235595746,0.1728640614429331,True
2016-11-07, $110.41,32361930, $110.08, $110.51, $109.46,25.37183634410256,25.47094514851172,25.22893474565132,25.44789695739746,130240000,1.4424922899451964,0.2420104028604015,0.0760606132948993,True
2016-11-04, $108.84,30790930, $108.53, $110.25, $108.11,25.014582948234988,25.411018161450443,24.91777949155612,25.08603286743164,123348000,-0.9014055217247852,0.4932386698943212,0.0714499191966524,True
2016-11-03, $109.83,26538700, $110.98, $111.46, $109.55,25.579275224776797,25.68990725262013,25.24968097111685,25.31421661376953,107730400,-1.0718679008290155,0.440226281503282,-0.2650586110072659,False
2016-11-02, $111.59,28174980, $111.4, $112.35, $111.23,25.54492408808244,25.762766095213102,25.50594212882445,25.588491439819336,113326800,0.0897139404794744,0.2568239663886515,0.0435673517368968,True
2016-11-01, $111.49,43403760, $113.46, $113.77, $110.53,26.017292738630605,26.08837767865594,25.345420040947253,25.56555557250977,175303200,-1.805551943473238,0.7429576377086882,-0.4517371661208358,False
2016-10-31, $113.54,26378910, $113.65, $114.23, $113.2,26.06086665557682,26.193865777232485,25.95767695795487,26.035642623901367,105677600,-0.1582745347471936,0.2361888192776149,-0.025224031675453,False
2016-10-28, $113.72,36792100, $113.87, $115.21, $113.45,26.111312303659133,26.41858429821849,26.01500157822421,26.0769157409668,151446800,-0.6638941983422741,0.4035827199942794,-0.0343965626923328,False
2016-10-27, $114.48,31396130, $115.39, $115.86, $114.1,26.459865399464192,26.567640502186865,26.16405769714522,26.251195907592773,138248000,-0.9602615195006604,0.4035828050416441,-0.2086694918714187,False
2016-10-26, $115.59,66028640, $114.31, $115.7, $113.31,26.212206075943968,26.53094416731892,25.982897995847928,26.505720138549805,264536800,-2.2494822362890465,0.5480461714709897,0.293514062605837,True
2016-10-25, $118.25,46820600, $117.95, $118.36, $117.31,27.046889472701864,27.14090663267976,26.90013242986774,27.11568260192871,192516000,0.5099723952307178,0.2407742028120196,0.0687931292268473,True
2016-10-24, $117.65,23492650, $117.1, $117.74, $117,26.85198155958697,26.998738622207984,26.82905109658035,26.97810173034668,94154800,0.9005313004126547,0.1696875256276335,0.1261201707597088,True
2016-10-21, $116.6,22527690, $116.81, $116.91, $116.28,26.785478251419725,26.80841046070586,26.66394523992373,26.737323760986328,92770800,-0.3929552004638514,0.1444652207821306,-0.0481544904333972,False
2016-10-20, $117.06,24100150, $116.86, $117.38, $116.33,26.79694303772596,26.916182472530696,26.67541003220906,26.842803955078125,96503200,-0.0512479034948554,0.2407724403216349,0.0458609173521651,True
2016-10-19, $117.12,19977160, $117.25, $117.76, $113.8,26.8863768083088,27.00332443822551,26.09526450180172,26.8565673828125,80138400,-0.2979468306736121,0.9080599364237898,-0.0298094254962997,False
2016-10-18, $117.47,24308210, $118.18, $118.21, $117.45,27.09963335180484,27.106512315401456,26.932237656531512,26.936824798583984,98214000,-0.0680499262998957,0.1742746588699439,-0.1628085532208558,False
2016-10-17, $117.55,23583810, $117.33, $117.84, $116.78,26.9047197086266,27.021665579633385,26.778599554228744,26.955167770385746,94499600,-0.068003649866255,0.2430660254046408,0.0504480617591447,True
2016-10-14, $117.63,35626020, $117.88, $118.17, $117.13,27.03083776627149,27.09733732414676,26.85885669401951,26.9735107421875,142608800,0.5556415133836312,0.238480630127249,-0.0573270240839889,False
2016-10-13, $116.98,35041820, $116.79, $117.44, $115.72,26.78089379084409,26.92994440897911,26.53553418849209,26.824462890625,140769600,-0.306783387734133,0.3944102204870212,0.0435690997809103,True
2016-10-12, $117.34,37512930, $117.35, $117.98, $116.75,26.909302695398605,27.05376790470084,26.7717181980246,26.90700912475586,150347200,0.8942144370977623,0.2820497066762399,-0.0022935706427453,False
2016-10-11, $116.3,63963010, $117.7, $118.69, $116.2,26.989565203085945,27.216581503017665,26.645603020806263,26.668535232543945,256164000,0.21542528467553,0.5709784822114017,-0.3210299705419999,False
2016-10-10, $116.05,36087910, $115.02, $116.75, $114.72,26.375019129437028,26.771722945858716,26.306227743291117,26.611207962036133,144944000,1.7446975400599918,0.4654952025675989,0.2361888325991046,True
2016-10-07, $114.06,24336440, $114.31, $114.56, $113.51,26.21221136998116,26.269538401583414,26.028765918543243,26.154884338378903,97433600,0.1492741917637596,0.2407724830401711,-0.0573270316022558,False
2016-10-06, $113.89,28508710, $113.7, $114.34, $113.13,26.07233093971981,26.21908798752984,25.941625389342697,26.11590003967285,115117200,0.7430286479567005,0.2774625981871423,0.0435690999530429,True
2016-10-05, $113.05,21400410, $113.4, $113.66, $112.69,26.003540112167048,26.063160710824405,25.840731563452227,25.923282623291016,85812400,0.0442465010778159,0.2224291473721784,-0.0802574888760325,False
2016-10-04, $113,29707270, $113.06, $114.31, $112.63,25.925575478019944,26.212210627916612,25.826972916476205,25.91181755065918,118947200,0.4266036131017392,0.3852377114404071,-0.0137579273607642,False
2016-10-03, $112.52,21634520, $112.71, $113.05, $112.28,25.845315466780058,25.92328112968327,25.7467129148472,25.801746368408203,86807200,-0.4688304974680091,0.1765682148360738,-0.0435690983718544,False
2016-09-30, $113.05,36340670, $112.46, $113.37, $111.8,25.787989928201096,25.996661148760825,25.636647484818017,25.923282623291016,145516400,0.7755659144274896,0.3600136639428086,0.1352926950899196,True
2016-09-29, $112.18,35850010, $113.16, $113.8, $111.8,25.948500435464,26.095257451225304,25.63664133960083,25.723777770996097,143548000,-1.5533234327033796,0.458616111624476,-0.2247226644679045,False
2016-09-28, $113.95,29608390, $113.69, $114.64, $113.43,26.070036994964525,26.28787897802316,26.010416402434487,26.12965583801269,118564400,0.7604400534712896,0.2774625755886717,0.0596188430481667,True
2016-09-27, $113.09,24587490, $113, $113.18, $112.34,25.911818171330747,25.953093703883837,25.760473968808707,25.93245506286621,98429600,0.1860313765651211,0.1926197350751302,0.0206368915354637,True
2016-09-26, $112.88,29800240, $111.64, $113.39, $111.55,25.5999605363513,26.00124978020245,25.57932364356187,25.884302139282227,119477600,0.1508591599634678,0.4219261366405789,0.284341602930926,True
2016-09-23, $112.71,52411070, $114.42, $114.79, $111.55,26.23742870463257,26.322273319554085,25.5793156695435,25.845312118530277,209924800,-1.6663842528473305,0.7429576500105846,-0.3921165861022935,False
2016-09-22, $114.62,31048170, $114.35, $114.94, $114,26.22137860905008,26.356671286037106,26.14112113091294,26.283292770385746,124296000,0.9422930826255672,0.2155501551241663,0.0619141613356646,True
2016-09-21, $113.55,35951900, $113.85, $113.989, $112.441,26.106730461521728,26.13883346002252,25.78340690534032,26.037939071655277,144012800,-0.0175921966230285,0.3554265546822037,-0.0687913898664511,False
2016-09-20, $113.57,34494150, $113.05, $114.12, $112.51,25.923281082326604,26.16864067629524,25.79945449992908,26.04252052307129,138057200,-0.0088026473559099,0.3691861763661599,0.1192394407446855,True
2016-09-19, $113.58,46937190, $115.19, $116.18, $113.25,26.413999319201167,26.64101383734844,25.96914106691821,26.04481315612793,188092000,-1.16604667675394,0.6718727704302303,-0.3691861630732376,False
2016-09-16, $114.92,79763890, $115.12, $116.13, $114.04,26.39795351292414,26.629553472997596,26.1503003036655,26.35209083557129,319547600,-0.5623990857785088,0.4792531693320967,-0.0458626773528507,False
2016-09-15, $115.57,90398170, $113.86, $115.73, $113.49,26.1090163844229,26.537823095187903,26.02417177067789,26.50113296508789,359934400,3.399837632002134,0.5136513245100147,0.3921165806649895,True
2016-09-14, $111.77,111186900, $108.73, $113.03, $108.6,24.932667644437544,25.918691312499448,24.902856475162796,25.629762649536133,443554800,3.538630260186215,1.0158348373366517,0.6970950050985891,True
2016-09-13, $107.95,62080160, $107.51, $108.79, $107.24,24.652922198023937,24.94643637989127,24.59100801153105,24.753816604614254,248704800,2.3805166244016407,0.3554283683602257,0.1008944065903172,True
2016-09-12, $105.44,45114590, $102.65, $105.72, $102.53,23.53847947781556,24.2424553544774,23.510961872888977,24.17824935913086,181171200,2.2398807741261573,0.7314934815884264,0.6397698813152992,True
2016-09-09, $103.13,46461610, $104.64, $105.72, $103.13,23.994805846819244,24.242459080778744,23.648550033569336,23.648550033569336,186228000,-2.2649565272159,0.593909047209408,-0.3462558132499076,False
2016-09-08, $105.52,52955310, $107.25, $107.27, $105.24,24.593296152867563,24.59788154554817,24.13238633651127,24.196592330932617,212008000,-2.6209028818371283,0.4654952090368986,-0.3967038219349454,False
2016-09-07, $108.36,42250480, $107.83, $108.76, $107.07,24.72629678626044,24.93955342325019,24.55202211261192,24.847829818725582,169457200,0.6128093819682157,0.3875313106382698,0.1215330324651411,True
2016-09-06, $107.7,26645130, $107.9, $108.3, $107.51,24.74235010713721,24.83407371841363,24.65292006725035,24.69648742675781,107521600,-0.0278573899293532,0.1811536511632816,-0.0458626803794004,False
2016-09-02, $107.73,26393770, $107.7, $108, $106.82,24.69648842617786,24.7652815747897,24.49469787278955,24.703369140625,107210000,0.9369867834900568,0.2705837020001489,0.0068807144471385,True
2016-09-01, $106.73,26675250, $106.14, $106.8, $105.62,24.338757853910355,24.49010201640468,24.219518430005916,24.474050521850582,106806000,0.5937574794917078,0.2705835863987644,0.1352926679402273,True
2016-08-31, $106.1,31639010, $105.66, $106.5699, $105.64,24.228697365586857,24.437366849936303,24.224110223369596,24.329591751098636,118649600,0.0943525850325199,0.2132566265667073,0.1008943855117792,True
2016-08-30, $106,24817940, $105.8, $106.5, $105.5,24.260796872456613,24.421311837322307,24.192003744953084,24.30665779113769,99455600,-0.7676599954182906,0.229308092369223,0.045860918681079,True
2016-08-29, $106.82,24900130, $106.62, $107.44, $106.29,24.448832831058173,24.63686542291551,24.373160730199427,24.49469375610352,99881200,-0.1122138564161878,0.2637046927160824,0.0458609250453463,True
2016-08-26, $106.94,27744300, $107.41, $107.95, $106.31,24.629986171859084,24.753811017933824,24.377745838605023,24.5222110748291,111065200,-0.5856359025266711,0.3760651793288012,-0.1077750970299824,False
2016-08-25, $107.57,25001730, $107.39, $107.88, $106.68,24.62539241746317,24.73775287698104,24.4625839048405,24.666667938232425,100344800,-0.4258092304119554,0.2751689721405377,0.0412755207692541,True
2016-08-24, $108.03,23606240, $108.565, $108.75, $107.68,24.895976604998776,24.937252126774084,24.691892566632447,24.77215003967285,94700400,-0.7533436046144648,0.2453595601416367,-0.123826565325924,False
2016-08-23, $108.85,21236850, $108.59, $109.32, $108.53,24.90056540957308,25.06796109012888,24.886807483589457,24.960186004638672,85030800,0.3133353008136996,0.1811536065394214,0.0596205950655921,True
2016-08-22, $108.51,25784420, $108.86, $109.1, $107.85,24.96247870316029,25.017512154653595,24.73087704346489,24.882221221923828,103280800,-0.7772497573709014,0.2866351111887049,-0.0802574812364618,False
2016-08-19, $109.36,25108890, $108.77, $109.69, $108.36,24.94184049417361,25.15280526924121,24.847825085818176,25.077133178710938,101472400,0.2566726501031624,0.3049801834230337,0.1352926845373261,True
2016-08-18, $109.08,21918340, $109.23, $109.6, $109.02,25.047328393929245,25.132171284339694,24.999172145961616,25.01293182373047,87938800,-0.12817943994472,0.1329991383780786,-0.0343965701987762,False
2016-08-17, $109.22,25328680, $109.1, $109.37, $108.34,25.017516802968903,25.079430978199323,24.843242133130595,25.045034408569336,101424000,-0.1462960328132645,0.2361888450687281,0.0275176056004333,True
2016-08-16, $109.38,33754680, $109.63, $110.23, $109.21,25.139055026299925,25.27664133324408,25.042746011025077,25.081727981567383,135177600,-0.0913154376652847,0.2338953222190021,-0.057327044732542,False
2016-08-15, $109.48,25704330, $108.14, $109.54, $108.08,24.797378630687337,25.118410331415117,24.783620704057384,25.10465240478516,103472800,1.2017044425719714,0.3347896273577326,0.3072737740978226,True
2016-08-12, $108.18,18648700, $107.78, $108.44, $107.78,24.71482738730841,24.866171577035363,24.71482738730841,24.806550979614254,74641600,0.2316326006084557,0.1513441897269523,0.0917235923058434,True
2016-08-11, $107.93,27460070, $108.52, $108.93, $107.85,24.884514650575184,24.97853181286932,24.73087864092973,24.749223709106445,109938000,-0.0648252506250335,0.2476531719395893,-0.1352909414687388,False
2016-08-10, $108,23839880, $108.71, $108.9, $107.76,24.92808642374439,24.971655527966504,24.71024440159817,24.765277862548828,96034000,-0.7443938454839594,0.2614111263683334,-0.1628085611955612,False
2016-08-09, $108.81,26296260, $108.23, $108.94, $108.01,24.81801430074646,24.980822827822333,24.767566243163152,24.951011657714844,105260800,0.4059984864091426,0.2132565846591809,0.1329973569683851,True
2016-08-08, $108.37,28010430, $107.52, $108.37, $107.16,24.655207251081908,24.850120544433597,24.572657940892707,24.850120544433597,112148800,0.8280461363096681,0.27746260354089,0.1949132933516892,True
2016-08-05, $107.48,39546610, $106.27, $107.65, $106.18,24.36857557038151,24.68502192717648,24.347938677276947,24.646039962768555,162213600,1.520758073107764,0.337083249899532,0.2774643923870457,True
2016-08-04, $105.87,26781730, $105.58, $106, $105.28,24.21034828408122,24.3066572608997,24.14155515807838,24.27684783935547,109634800,0.6177352784211942,0.1651021028213222,0.0664995552742482,True
2016-08-03, $105.79,30148360, $104.81, $105.84, $104.77,23.904289969174723,24.139204481737742,23.895166855864243,24.1278018951416,120810400,1.2538348640772412,0.2440376258734993,0.2235119259668785,True
2016-08-02, $104.48,33770220, $106.05, $106.07, $104,24.18709916975644,24.19165985598927,23.719549658353124,23.829025268554688,135266400,-1.4804423654998566,0.4721101976361446,-0.3580739012017524,False
2016-08-01, $106.05,38018910, $104.41, $106.15, $104.41,23.813062417100653,24.209908277480626,23.813062417100653,24.187101364135746,152671600,1.7656707289719575,0.3968458603799725,0.3740389470350926,True
2016-07-29, $104.21,27697970, $104.19, $104.55, $103.68,23.76288583136153,23.84499211029952,23.64656831285671,23.767446517944336,110934800,-0.124569902414362,0.1984237974428069,0.0045606865828062,True
2016-07-28, $104.34,38771840, $102.83, $104.45, $102.82,23.452702211047583,23.82217865167987,23.450420998188395,23.797090530395508,159479200,1.3501598658686609,0.3717576534914748,0.3443883193479244,True
2016-07-27, $102.95,92143920, $104.265, $104.35, $102.75,23.781127765258628,23.79937398974331,23.434458200328415,23.48007202148437,369379200,6.496304691589616,0.3649157894148942,-0.3010557437742562,False
2016-07-26, $96.67,53454620, $96.82, $97.97, $96.42,22.081992233524726,22.34427610920168,21.990762832412383,22.047780990600582,224959200,-0.6882770469760047,0.3535132767892968,-0.0342112429241439,False
2016-07-25, $97.34,40290580, $98.25, $98.84, $96.92,22.408129372362747,22.54269134965205,22.10479244517952,22.20058250427246,161531600,-1.3379622852366158,0.4378989044725294,-0.2075468680902865,False
2016-07-22, $98.66,28218240, $99.26, $99.3, $98.31,22.63848926900573,22.64761238282225,22.42181923098964,22.50164604187012,113254800,-0.7743947683207963,0.2257931518326081,-0.1368432271356106,False
2016-07-21, $99.43,32690080, $99.83, $101, $99.13,22.76848692122754,23.035331432084845,22.60883506528855,22.6772575378418,130808000,-0.5301943387763686,0.4264963667962966,-0.0912293833857411,False
2016-07-20, $99.96,26219110, $100, $100.46, $99.735,22.807255053577112,22.91216821801691,22.74795570322228,22.798131942749023,105104000,0.0900935753960663,0.1642125147946274,-0.0091231108280886,False
2016-07-19, $99.87,23766360, $99.56, $100, $99.34,22.706907090842087,22.80725958985531,22.656730841335477,22.777610778808597,95119600,0.0400762521064468,0.1505287485198323,0.0707036879665103,True
2016-07-18, $99.83,36464530, $98.7, $100.13, $98.6,22.51076289454818,22.836906752747325,22.48795598461548,22.76848602294922,145975600,1.062955338062932,0.3489507681318464,0.2577231284010395,True
2016-07-15, $98.78,30031410, $98.92, $99.3, $98.5,22.560942707018345,22.64761141454175,22.465152626124446,22.52901268005371,120548000,-0.0101160715510029,0.1824587884173034,-0.031930026964634,False
2016-07-14, $98.79,38885980, $97.39, $98.99, $97.32,22.211989979343457,22.576905784835496,22.196024967229924,22.53129196166992,155676000,1.9820431137931085,0.380880817605572,0.3193019823264613,True
2016-07-13, $96.87,25879680, $97.41, $97.67, $96.84,22.2165508202822,22.275848438154696,22.086547779420336,22.09339141845703,103568800,-0.5645602832020868,0.1893006587343606,-0.1231594018251662,False
2016-07-12, $97.42,24129530, $97.17, $97.7, $97.12,22.16181196420033,22.28269015200899,22.150409379345284,22.218830108642575,96670000,0.4536644252636668,0.1322807726637052,0.0570181444422459,True
2016-07-11, $96.98,23317990, $96.75, $97.65, $96.73,22.06602892919508,22.27129466259419,22.061468241811205,22.118486404418945,95179600,0.3103477775637353,0.2098264207829849,0.0524574752238642,True
2016-07-08, $96.68,28877500, $96.49, $96.89, $96.05,22.006720208172048,22.097949577617022,21.90636946783252,22.0500545501709,115648400,0.7712888734543455,0.1915801097845033,0.0433343419988503,True
2016-07-07, $95.94,24460850, $95.7, $96.5, $95.62,21.82654794220152,22.009006725063795,21.808303455960026,21.88128662109375,100558400,0.4292104738596203,0.2007032691037693,0.0547386788922317,True
2016-07-06, $95.53,30877540, $94.6, $95.66, $94.37,21.57566367606689,21.81742177120235,21.523207962067357,21.787771224975582,123796400,0.5684642458888112,0.2942138091349946,0.2121075489086941,True
2016-07-05, $94.99,27553750, $95.39, $95.4, $94.46,21.75584501845912,21.75812623165836,21.543737432381075,21.66461563110352,110820800,-0.9385914221360704,0.2143887992772839,-0.0912293873556002,False
2016-07-01, $95.89,25982080, $95.49, $96.465, $95.33,21.778655090373785,22.002167034823863,21.74216437417023,21.8698844909668,104106000,0.303338808874698,0.2600026606536332,0.0912294005930149,True
2016-06-30, $95.6,35783320, $94.44, $95.77, $94.3,21.539181897234005,21.84251720315586,21.507251865031705,21.80374526977539,143345600,1.2711962756745132,0.3352653381241559,0.2645633725413852,True
2016-06-29, $94.4,36505420, $93.97, $94.55, $93.63,21.431984702078932,21.56426724128149,21.35443910528377,21.53005599975586,146124000,0.8655009596472585,0.2098281359977214,0.0980712976769275,True
2016-06-28, $93.59,40387960, $92.9, $93.66, $92.14,21.187943220155887,21.36127886972703,21.014607570584744,21.345312118530277,161779600,1.6840194109407625,0.3466712991422866,0.1573688983743899,True
2016-06-27, $92.04,45595680, $93, $93.05, $91.5,21.2107555562408,21.222159884282743,20.86864659565627,20.99180603027344,181958400,-1.4560673172479557,0.3535132886264733,-0.2189495259673606,False
2016-06-24, $93.4,75219710, $92.91, $94.655, $92.65,21.19022209195291,21.589349066436508,21.130922739956947,21.301977157592773,301245600,-2.809569910953791,0.4584263264795609,0.111755065639862,True
2016-06-23, $96.1,32042290, $95.94, $96.29, $95.25,21.881281588943867,21.96110663556737,21.72391096841788,21.91777229309082,128960800,0.5755916544636586,0.2371956671494892,0.0364907041469528,True
2016-06-22, $95.55,29124140, $96.25, $96.89, $95.35,21.951987540053324,22.097953863452847,21.74672185400529,21.79233741760254,116876400,-0.3753409227547966,0.3512320094475569,-0.1596501224507847,False
2016-06-21, $95.91,35407050, $94.94, $96.35, $94.676,21.65321047429848,21.97479189497669,21.59391111854967,21.874441146850582,142185600,0.8517054774969113,0.3808807764270199,0.2212306725521031,True
2016-06-20, $95.1,34355970, $96, $96.57, $95.03,21.89497444313241,22.02497578428626,21.673743693787596,21.6897087097168,137647600,-0.2412459731660599,0.3512320904986623,-0.205265733415608,False
2016-06-17, $95.33,60793260, $96.62, $96.65, $95.3,22.036374652097685,22.043216551506703,21.73531889771012,21.74216079711914,244032800,-2.275763456533031,0.3078976537965836,-0.294213854978544,False
2016-06-16, $97.55,31251870, $96.45, $97.75, $96.07,21.99760239641242,22.294097483519963,21.910935431592268,22.24848365783692,125307200,0.4220794370598524,0.3831620519276946,0.2508812614244959,True
2016-06-15, $97.14,29373050, $97.82, $98.41, $97.03,22.31006151297956,22.444625250907382,22.12988395137957,22.154972076416016,117780800,-0.3283292927512615,0.3147412995278138,-0.1550894365635429,False
2016-06-14, $97.46,31890740, $97.32, $98.475, $96.75,22.196022935848493,22.460587958152097,22.06602163766294,22.22795295715332,127727600,0.1232870933705942,0.3945663204891581,0.0319300213048272,True
2016-06-13, $97.34,37708360, $98.69, $99.12, $97.1,22.508481857158543,22.606553129102917,22.145845576227288,22.20058250427246,152082000,-1.5076743970956707,0.460707552875629,-0.307899352886082,False
2016-06-10, $98.83,31672220, $98.53, $99.3457, $98.48,22.47199613929585,22.65901562782329,22.460593551736235,22.54041862487793,126851600,-0.8228708256201367,0.1984220760870556,0.0684224855820794,True
2016-06-09, $99.65,26575570, $98.5, $99.99, $98.46,22.46515221464897,22.8049799182945,22.45602910138961,22.727436065673828,106405600,0.7176255984263635,0.3489508169048889,0.2622838510248577,True
2016-06-08, $98.94,20839950, $99.02, $99.56, $98.68,22.58374474225539,22.70690413682509,22.50620090496461,22.56550025939941,83392400,-0.0908999935397281,0.20070323186048,-0.0182444828559802,False
2016-06-07, $99.03,22378380, $99.25, $99.87, $98.96,22.63620721418083,22.777612862996868,22.57006594651152,22.586030960083008,89638000,0.4055621305989465,0.2075469164853487,-0.0501762540978205,False
2016-06-06, $98.63,23265200, $97.99, $101.89, $97.55,22.3488342385744,23.23831775252681,22.24848347488571,22.494800567626957,93170000,0.7250837080141626,0.9898342776411012,0.1459663290525554,True
2016-06-03, $97.92,28487570, $97.79, $98.27, $97.45,22.303219764467705,22.41269363804458,22.22567417563289,22.332868576049805,114019600,0.2046908768100319,0.1870194624116905,0.0296488115820992,True
2016-06-02, $97.72,40170200, $97.6, $97.84, $96.63,22.25987928056889,22.314616202276127,22.038648641097303,22.287248611450195,160766400,-0.751607836868573,0.2759675611788239,0.0273693308813065,True
2016-06-01, $98.46,29139100, $99.02, $99.54, $98.33,22.58375000198343,22.702348738474537,22.426381077873,22.456029891967773,116693200,-1.4019542356847547,0.275967660601534,-0.1277201100156553,False
2016-05-31, $99.86,42268040, $99.6, $100.4, $98.82,22.716030227631464,22.898489000566585,22.538133881050424,22.77532958984375,169228800,-0.4882901045916821,0.3603551195161607,0.0592993622122861,True
2016-05-27, $100.35,36299460, $99.44, $100.47, $99.245,22.679539800682896,22.914454299236763,22.636205450056355,22.8870849609375,145364800,-0.0597588043041996,0.2782488491804074,0.2075451602546039,True
2016-05-26, $100.41,56293490, $99.68, $100.73, $98.64,22.73427642676213,22.973753348456786,22.49708071824189,22.90077018737793,225324800,0.7930233821264343,0.476672630214896,0.1664937606158005,True
2016-05-25, $99.62,38258300, $98.67, $99.74, $98.11,22.503920600732343,22.747958186847452,22.376200515305563,22.720590591430664,152675200,1.75691882943263,0.3717576715418893,0.2166699906983211,True
2016-05-24, $97.9,35074380, $97.22, $98.09, $96.84,22.173211089954307,22.371633072451875,22.08654241708845,22.32830047607422,140560800,1.5243755165020856,0.285090655363426,0.1550893861199114,True
2016-05-23, $96.43,37977020, $95.87, $97.19, $95.67,21.865323782862813,22.166379586489988,21.81970821258228,21.993043899536133,152074400,1.2707623397154366,0.3466713739077072,0.1277201166733199,True
2016-05-20, $95.22,31834020, $94.64, $95.43, $94.52,21.584789018049523,21.76496656660928,21.55741968179356,21.717071533203125,128104000,1.0828004498921515,0.20754688481572,0.1322825151536015,True
2016-05-19, $94.2,30417880, $94.64, $94.64, $93.57,21.58479044200801,21.58479044200801,21.340752832807443,21.484437942504883,121768400,-0.380690749634871,0.2440376092005678,-0.1003524995031277,False
2016-05-18, $94.56,42009830, $94.16, $95.21, $93.89,21.475312136477346,21.7147872698688,21.41373157356563,21.566539764404297,168249600,1.1444984150380977,0.3010556963031661,0.0912276279269512,True
2016-05-17, $93.49,46858910, $94.55, $94.7, $93.01,21.56426215058034,21.59847164397407,21.21303018460794,21.3225040435791,187667600,-0.4154281470987064,0.3854414593661275,-0.2417581070012389,False
2016-05-16, $93.88,61192340, $92.39, $94.39, $91.65,21.071625589084583,21.527770750428644,20.902852366602875,21.411453247070312,245039200,3.711911807761114,0.6249183838257686,0.3398276579857295,True
2016-05-13, $90.52,44223040, $90, $91.67, $90,20.52652748668164,20.90740819021013,20.52652748668164,20.645124435424805,177571200,0.1992322310760741,0.38088070352849,0.1185969487431641,True
2016-05-12, $90.34,76183460, $92.72, $92.78, $89.47,21.14688829098616,21.16057208792975,20.405652462245044,20.60407447814941,305258800,-2.345716411146659,0.7549196256847104,-0.5428138128367479,False
2016-05-11, $92.51,28641180, $93.48, $93.57, $92.46,21.32022782072207,21.3407535198872,21.087592789848767,21.098997116088867,114876400,-0.9741139529631182,0.2531607300384308,-0.2212307046332071,False
2016-05-10, $93.42,33653020, $93.33, $93.57, $92.11,21.28602146104716,21.340758411423,21.007772541547517,21.306547164916992,134747200,0.6789731125385723,0.3329858698754826,0.0205257038698327,True
2016-05-09, $92.79,32895650, $93, $93.77, $92.59,21.210752093520146,21.38636723232578,21.117241490999312,21.162857055664062,131745600,0.0755204784244512,0.2691257413264694,-0.0478950378560831,False
2016-05-06, $92.72,43665160, $93.37, $93.45, $91.85,21.295134329047688,21.313378810356333,20.948463083351843,21.146886825561523,174799600,-0.5577062255101017,0.3649157270044902,-0.1482475034861643,False
2016-05-05, $93.24,35850220, $94, $94.07, $92.68,21.438821402530515,21.454786412696137,21.137765682224863,21.265485763549805,143562000,-0.4059160243973236,0.3170207304712704,-0.1733356389807099,False
2016-05-04, $94.19,40984160, $95.2, $95.9, $93.82,21.581115670263795,21.73980138711214,21.268280782602496,21.35215759277344,164102000,-1.0401381004679355,0.4715206045096458,-0.2289580774903541,False
2016-05-03, $95.18,56770080, $94.2, $95.74, $93.68,21.354424537358057,21.70353105968799,21.236545244005825,21.576583862304688,227325200,1.6446122895309667,0.4669858156821647,0.2221593249466309,True
2016-05-02, $93.64,47844490, $93.965, $94.08, $92.4,21.30228311273725,21.327219412767505,20.946376147199317,21.227474212646484,192640400,-0.1066851350609021,0.3808432655681883,-0.0748089000907654,False
2016-04-29, $93.74,68388840, $93.99, $94.72, $92.51,21.30681805814076,21.472304270094504,20.971314276778763,21.250144958496097,274126000,-1.1494271230517603,0.5009899933157413,-0.0566730996446658,False
2016-04-28, $94.83,82107120, $97.61, $97.88, $94.25,22.12744464302586,22.18865082821076,21.365758063359937,21.49724006652832,328970800,-3.056636383974609,0.8228927648508204,-0.6302045764975404,False
2016-04-27, $97.82,114436300, $96, $98.71, $95.68,21.76247063225156,22.376806835264738,21.68992913265842,22.175050735473636,458408400,-6.2577466019771215,0.6868777026063171,0.4125801032220764,True
2016-04-26, $104.35,52979780, $103.91, $105.3, $103.91,23.555598662151777,23.870700833350465,23.555598662151777,23.65534210205078,224064800,-0.6947405944665808,0.3151021711986885,0.0997434398990044,True
2016-04-25, $105.08,27997990, $105, $105.65, $104.51,23.80269930848993,23.95004969773332,23.69162052931747,23.82083511352539,112126400,-0.5677496751866129,0.2584291684158515,0.0181358050354596,True
2016-04-22, $105.68,33655810, $105.01, $106.48, $104.62,23.80496657703028,24.13820464212083,23.716556689907343,23.956850051879883,134732400,-0.2736852686105351,0.4216479522134868,0.1518834748496011,True
2016-04-21, $105.97,31416910, $106.93, $106.93, $105.52,24.24022087794581,24.24022087794581,23.92058373111425,24.02259635925293,126210000,-1.082769741728018,0.3196371468315604,-0.2176245186928795,False
2016-04-20, $107.13,30576980, $106.64, $108.09, $106.06,24.174474201468847,24.50317744619985,24.04299221176624,24.285552978515625,122444000,0.2057769435225731,0.4601852344336095,0.111078777046778,True
2016-04-19, $106.91,32340620, $107.88, $108, $106.23,24.45557167471268,24.482775381098627,24.08153065667739,24.23568153381348,129539600,-0.5303491992664666,0.401244724421236,-0.2198901408991993,False
2016-04-18, $107.48,60784920, $108.89, $108.95, $106.94,24.684535982504062,24.69813697343318,24.242486482049816,24.364900588989254,243286000,-2.1574762006121073,0.4556504913833628,-0.3196353935148082,False
2016-04-15, $109.85,46873670, $112.11, $112.3, $109.73,25.414484023705413,25.457556131325564,24.874956757233623,24.902158737182617,187756000,-2.0071422132664996,0.5825993740919415,-0.5123252865227954,False
2016-04-14, $112.1,25364920, $111.62, $112.39, $111.33,25.303406708694705,25.47795909844938,25.2376657041174,25.41221809387207,101895600,0.0535663810093289,0.240293394331978,0.1088113851773648,True
2016-04-13, $112.04,32771760, $110.8, $112.34, $110.8,25.117514925595028,25.466619648378188,25.117514925595028,25.39861297607422,133029200,1.4487400832513986,0.34910472278316,0.2810980504791907,True
2016-04-12, $110.44,27150570, $109.34, $110.5, $108.66,24.786544736323343,25.04950873511771,24.632395573682636,25.035907745361328,108929200,1.3025056151930947,0.417113161435072,0.2493630090379852,True
2016-04-11, $109.02,29357940, $108.97, $110.61, $108.83,24.702672840869106,25.074448264636043,24.67093604100065,24.714006423950195,117630000,0.3313183066218306,0.4035122236353921,0.0113335830810896,True
2016-04-08, $108.66,23553790, $108.91, $109.77, $108.17,24.689067885533632,24.8840217407718,24.52131427941791,24.63239479064941,94326800,0.1105641258751788,0.3627074613538887,-0.0566730948842213,False
2016-04-07, $108.54,31735810, $109.95, $110.42, $108.121,24.924825622431,25.03137131404998,24.509979895896688,24.60519027709961,127207600,-2.180980494895668,0.5213914181532928,-0.3196353453313918,False
2016-04-06, $110.96,26178840, $110.23, $110.98, $109.2,24.988305030062563,25.15832433698267,24.754810395757257,25.153789520263672,105616400,1.0472562918014017,0.403513941225416,0.1654844902011092,True
2016-04-05, $109.81,26560420, $109.51, $110.73, $109.42,24.82508832565507,25.101653365108596,24.80468510773956,24.89309501647949,106314800,-1.178896157341447,0.2969682573690377,0.0680066908244185,True
2016-04-04, $111.12,37322930, $110.42, $112.19, $110.27,25.031373946976785,25.43262045636295,24.99736974167742,25.19005966186523,149424800,1.0273902393872936,0.4352507146855302,0.158685714888449,True
2016-04-01, $109.99,25820460, $108.78, $110, $108.2,24.65959375818387,24.93615870417239,24.52811177902123,24.93389129638672,103496000,0.917491392993708,0.408046925151158,0.2742975382028483,True
2016-03-31, $108.99,25763840, $109.72, $109.9, $108.88,24.87269103591645,24.91349573813298,24.68226851573072,24.707204818725582,103553600,-0.5202346009076098,0.2312272224022606,-0.1654862171908675,False
2016-03-30, $109.56,45547590, $108.65, $110.42, $108.6,24.63012329799475,25.03136798224244,24.61878798908748,24.83641242980957,182404400,1.7458987514682889,0.4125799931549601,0.2062891318148203,True
2016-03-29, $107.68,31154910, $104.89, $107.79, $104.88,23.7777625319558,24.43517075033608,23.775495123990456,24.410234451293945,124760400,2.3671230343429883,0.6596756263456243,0.6324719193381476,True
2016-03-28, $105.19,19354440, $106, $106.19, $105.06,24.029395906310253,24.07246801845852,23.81630448350413,23.845775604248047,77645600,-0.4541966671648412,0.2561635349543891,-0.1836203020622058,False
2016-03-24, $105.67,25568350, $105.47, $106.25, $104.89,23.90923872115492,24.086058449993207,23.777756763471285,23.95457649230957,104532000,-0.4334469049739331,0.3083016865219221,0.0453377711546494,True
2016-03-23, $106.13,25686350, $106.48, $107.07, $105.9,24.13820257886179,24.27195023734985,24.006720598652056,24.05885887145996,102814000,-0.5528664063470745,0.265229638697793,-0.0793437074018292,False
2016-03-22, $106.72,32345430, $105.25, $107.29, $105.21,23.85937361041647,24.32182628508781,23.850305707439503,24.192611694335938,129777600,0.7647826897966725,0.471520577648306,0.3332380839194684,True
2016-03-21, $105.91,35454230, $105.93, $107.65, $105.1401,24.01352814356544,24.40343938307577,23.834440924044944,24.008995056152344,142010800,-0.0094210622223811,0.5689984590308264,-0.0045330874130939,False
2016-03-18, $105.92,43607120, $106.34, $106.5, $105.19,24.10646755890895,24.142739170934316,23.8457726979607,24.01125717163086,176820800,0.1134115860818241,0.2969664729736152,-0.0952103872780902,False
2016-03-17, $105.8,34394830, $105.52, $106.47, $104.96,23.92058114834464,24.13593996481169,23.79363395852878,23.98405647277832,137682800,-0.1604318113589964,0.3423060062829108,0.0634753244336785,True
2016-03-16, $105.97,38236730, $104.61, $106.31, $104.59,23.71429452538987,24.099670952955726,23.7097597083921,24.02259635925293,153214000,1.329155011311367,0.3899112445636277,0.3083018338630587,True
2016-03-15, $104.58,40026250, $103.96, $105.18, $103.85,23.56693722237675,23.843502174596225,23.542000924748734,23.70748710632324,160270800,2.0093699360222983,0.3015012498474902,0.1405498839464876,True
2016-03-14, $102.52,25058280, $101.91, $102.91, $101.78,23.10221875093738,23.328911106160277,23.072747637862136,23.24049949645996,100304400,0.2542411580232384,0.2561634682981406,0.1382807455225823,True
2016-03-11, $102.26,27368840, $102.24, $102.28, $101.5,23.17702760773592,23.18609551015065,23.009275736877065,23.18156242370605,109632800,1.0774131373030291,0.1768197732735856,0.0045348159701319,True
2016-03-10, $101.17,33490630, $101.41, $102.24, $100.15,22.98887090754598,23.177024234308025,22.70323807639505,22.93446350097656,134054400,0.0494162040051149,0.4737861579129756,-0.0544074065694211,False
2016-03-09, $101.12,27148530, $101.31, $101.58, $100.27,22.96620613670517,23.027414052296557,22.73044583679451,22.92313575744629,108806800,0.0890933737365484,0.2969682155020479,-0.0430703792588822,False
2016-03-08, $101.03,31538710, $100.78, $101.76, $100.4,22.846057846606428,23.06821714064854,22.75991536458328,22.90273094177246,126247600,-0.8245905170562451,0.3083017760652602,0.0566730951660332,True
2016-03-07, $101.87,35890740, $102.39, $102.83, $100.96,23.211034191665604,23.310779398939523,22.88686399755109,23.09315490722656,143315600,-1.1066531263581925,0.4239154013884345,-0.117879284439045,False
2016-03-04, $103.01,46026600, $102.37, $103.75, $101.37,23.206492908208507,23.519327680266382,22.979800593217988,23.35157585144043,184220400,1.4876627296900091,0.5395270870483948,0.1450829432319231,True
2016-03-03, $101.5,36884490, $100.58, $101.7099, $100.45,22.800718872162477,23.05688062631293,22.771247757318044,23.009275436401367,147822800,0.7444247272941018,0.2856328689948846,0.20855656423889,True
2016-03-02, $100.75,33136130, $100.51, $100.89, $99.64,22.7848486992614,22.87099117007269,22.587625731123904,22.83925437927246,132678400,0.2188195345207644,0.2833654389487847,0.0544056800110617,True
2016-03-01, $100.53,50303500, $97.65, $100.77, $97.42,22.13651325835009,22.84379244112926,22.084373245235227,22.789386749267575,201628400,3.971472548096844,0.7594191958940328,0.6528734909174858,True
2016-02-29, $96.69,35131460, $96.86, $98.23, $96.65,21.957421562465143,22.26799071029583,21.909816375634232,21.91888427734375,140865200,-0.2270454340044136,0.358174334661598,-0.0385372851213929,False
2016-02-26, $96.91,28949760, $97.2, $98.0237, $96.58,22.03450263155408,22.220390347611303,21.89395443741686,21.96876335144043,115964400,0.1550069029636169,0.3264359101944443,-0.0657392801136502,False
2016-02-25, $96.76,27526040, $96.05, $96.76, $95.25,21.77381151535535,21.93476295471192,21.592456855207168,21.93476295471192,110330800,0.6868250449189484,0.34230609950475,0.160951439356566,True
2016-02-24, $96.1,36192150, $93.98, $96.38, $93.32,21.30455044212464,21.848610765619725,21.154932642495577,21.785137176513672,145022800,1.4890655454165458,0.6936781231241476,0.480586734389032,True
2016-02-23, $94.69,31851180, $96.4, $96.5, $94.55,21.853145543375017,21.87581443522661,21.43376499078097,21.46550178527832,127770400,-2.260519228547919,0.4420494444456402,-0.3876437580966971,False
2016-02-22, $96.88,34240470, $96.31, $96.9, $95.92,21.83274144338526,21.966490840071422,21.744331558086568,21.96195602416992,137123200,0.874637765084807,0.2221592819848545,0.1292145807846587,True
2016-02-19, $96.04,35290570, $96, $96.7599, $95.8,21.76246606432793,21.93475273827098,21.717128285170748,21.771533966064453,141496800,-0.2285611295040124,0.2176244531002318,0.0090679017365218,True
2016-02-18, $96.26,38866100, $98.84, $98.89, $96.091,22.40627425792121,22.417609568857365,21.78287020599631,21.821409225463867,156084000,-1.8956219838401789,0.6347393628610547,-0.5848650324573441,False
2016-02-17, $98.12,44811800, $96.67, $98.21, $96.15,21.91434849946308,22.263454917085824,21.796469241466266,22.243053436279297,179452800,1.5314474328709915,0.4669856756195578,0.3287049368162194,True
2016-02-16, $96.64,48032600, $95.02, $96.85, $94.61,21.54030854448596,21.95515600260538,21.44736557080993,21.907550811767575,196231600,2.819448517524248,0.5077904317954527,0.3672422672816147,True
2016-02-12, $93.99,40323020, $94.19, $94.5, $93.01,21.352155614340887,21.42242969799724,21.08465853940709,21.30681610107422,161405600,0.3094884344568838,0.3377711585901508,-0.0453395132666685,False
2016-02-11, $93.7,49979700, $93.79, $94.72, $92.59,21.261480638674737,21.47230464218728,20.989448717950868,21.241077423095703,200298800,-0.6046666470311601,0.4828559242364107,-0.0204032155790336,False
2016-02-10, $94.27,42288790, $95.92, $96.35, $94.1,21.744339366287495,21.84181718886711,21.331759176897855,21.370296478271484,169374400,-0.7579522719745824,0.5100580119692566,-0.3740428880160102,False
2016-02-09, $94.99,44282560, $94.29, $95.94, $93.93,21.37482622276702,21.748869022008886,21.293216821858767,21.533510208129883,177324800,-0.0210500438446836,0.4556522001501193,0.1586839853628632,True
2016-02-08, $95.01,53920550, $93.13, $95.7, $93.04,21.11186118527786,21.69446054534972,21.09145970080707,21.53804397583008,216085600,1.052998392496618,0.6030008445426489,0.4261827905522217,True
2016-02-05, $94.02,46315620, $96.52, $96.92, $93.69,21.880342806026064,21.971020083414807,21.23880483021804,21.31361198425293,185672400,-2.6708216652552186,0.7322152531967667,-0.5667308217731346,False
2016-02-04, $96.6,46418230, $95.86, $97.33, $95.19,21.73072950888564,22.063967550836807,21.578846044582523,21.898481369018555,185886800,0.8034787531570498,0.4851215062542842,0.1677518601329133,True
2016-02-03, $96.35,45870130, $95, $96.84, $94.08,21.419551418517077,21.834413483457404,21.21212038604691,21.723934173583984,183857200,1.9792735703550113,0.6222930974104948,0.3043827550669071,True
2016-02-02, $94.48,37190500, $95.42, $96.04, $94.28,21.514242919287195,21.65403426236576,21.257208500220127,21.302303314208984,149428800,-2.022185704565626,0.3968257621456317,-0.2119396050782107,False
2016-02-01, $96.43,40814360, $96.47, $96.71, $95.4,21.750985210044487,21.805097264768637,21.509733554168285,21.741966247558597,163774000,-0.9348788198103142,0.2953637106003519,-0.0090189624858894,False
2016-01-29, $97.34,64332440, $94.79, $97.34, $94.35,21.37220070584501,21.947145462036133,21.27299382328388,21.947145462036133,257666000,3.4541431556385005,0.674151638752253,0.5749447561911225,True
2016-01-28, $94.09,55622370, $93.79, $94.52, $92.39,21.1467310808786,21.31132243592467,20.83107423588885,21.214370727539062,222715200,0.7171717071102535,0.4802482000358203,0.0676396466604636,True
2016-01-27, $93.42,133059000, $96.04, $96.6289, $93.34,21.654039939872764,21.78706580558781,21.04527269284401,21.063310623168945,533478800,-6.570656144285669,0.7417931127438031,-0.5907293167038183,False
2016-01-26, $99.99,71937310, $99.93, $100.88, $98.07,22.53111390721268,22.745308737463677,22.111741491608417,22.544641494750977,300308000,0.5530984649850135,0.6335672458552608,0.0135275875382951,True
2016-01-25, $99.44,51529980, $101.52, $101.53, $99.21,22.88960743259229,22.891862603783903,22.368774699782417,22.42063331604004,207178000,-1.9522602695621336,0.5230879040014891,-0.4689741165522498,False
2016-01-22, $101.42,65648660, $98.63, $101.46, $98.37,22.23799929753143,22.876076763652687,22.179378615980323,22.86705780029297,263202000,5.316686005740334,0.6966981476723646,0.6290585027615343,True
2016-01-21, $96.3,52099200, $97.06, $97.88, $94.94,21.884018838261724,22.068903334658597,21.40602569743616,21.71266365051269,208646000,-0.5062225076910232,0.6628776372224365,-0.1713551877490324,False
2016-01-20, $96.79,72274300, $95.1, $98.1897, $93.42,21.442094252649422,22.13879411984888,21.06330639285927,21.823137283325195,289337600,0.134488662151555,1.075487726989607,0.381043030675773,True
2016-01-19, $96.66,52960810, $98.41, $98.65, $95.5,22.18839767456103,22.242509734760187,21.53228227890464,21.79382705688477,212350800,-0.4838701670356493,0.7102274558555486,-0.394570617676262,False
2016-01-15, $97.13,79356010, $96.2, $97.71, $95.36,21.69010747919335,22.030565999647063,21.50071442899628,21.89979362487793,319335600,-2.401548750140803,0.5298515706507843,0.2096861456845786,True
2016-01-14, $99.52,63000140, $97.96, $100.48, $95.74,22.086938192270384,22.655120911036093,21.58639684675493,22.43866920471192,252680400,2.1870854518935,1.068724064281163,0.3517310124415331,True
2016-01-13, $97.39,62285770, $100.32, $101.19, $97.3,22.619043858925934,22.81520245484089,21.93812842101598,21.958419799804688,249758400,-2.571016937906978,0.8770740338249112,-0.6606240591212469,False
2016-01-12, $99.96,49046150, $100.55, $100.69, $98.8399,22.67089986748918,22.702465377662215,22.285346512877528,22.537872314453125,196616800,1.4513414017023996,0.4171188647846868,-0.1330275530360545,False
2016-01-11, $98.53,49687870, $98.97, $99.06, $97.34,22.314657152634663,22.334948527801405,21.94714174727492,22.21545028686523,198957600,1.6192004924921344,0.3878067805264855,-0.0992068657694282,False
2016-01-08, $96.96,70722000, $98.55, $99.11, $96.76,22.21996579516317,22.346227857182512,21.8163761667038,21.861469268798828,283192000,0.5287939673458197,0.5298516904787114,-0.3584965263643411,False
2016-01-07, $96.45,80742460, $98.68, $100.13, $96.43,22.24927163523591,22.576200859718405,21.741966598506444,21.74647521972656,324377600,-4.220463159196419,0.8342342612119609,-0.5027964155093514,False
2016-01-06, $100.7,68384270, $100.56, $102.37, $99.87,22.67315403228967,23.08125394699571,22.517581647305203,22.70471954345703,273829600,-1.9569791565514971,0.5636722996905057,0.0315655111673613,True
2016-01-05, $102.71,55583140, $105.75, $105.85, $102.41,23.84334091401202,23.86588746445505,23.09027546402736,23.157915115356445,223164000,-2.5059236397309337,0.7756120004276887,-0.6854257986555758,False
2016-01-04, $105.35,67569090, $102.61, $105.368, $102,23.13536656617872,23.75766128175527,22.997830384109424,23.753150939941406,270597600,0.0855189859622962,0.7598308976458448,0.6177843737626851,True
2015-12-31, $105.26,40885480, $107.01, $107.03, $104.82,24.12742538401558,24.13193400474153,23.63364798525828,23.73285484313965,163649200,-1.9195093441644828,0.4982860194832526,-0.3945705408759323,False
2015-12-30, $107.32,25184090, $108.58, $108.7, $107.18,24.4814160775029,24.5084712473463,24.16575924119607,24.197324752807617,100855200,-1.305850901618022,0.3427120061502293,-0.2840913246952823,False
2015-12-29, $108.74,30912260, $106.96, $109.43, $106.86,24.1161522240276,24.673060656543264,24.09360567910691,24.517486572265625,123724800,1.7974128987602978,0.5794549774363524,0.4013343482380236,True
2015-12-28, $106.82,26639930, $107.59, $107.69, $106.1807,24.25819738800715,24.280745653474774,23.9402871431691,24.08458709716797,106816800,-1.1200680078206515,0.3404585103056732,-0.1736102908391821,False
2015-12-24, $108.03,13596680, $109, $109, $107.95,24.576111739027382,24.576111739027382,24.33936869016207,24.357406616210938,54281600,-0.5340194587400204,0.2367430488653141,-0.2187051228164449,False
2015-12-23, $108.61,32618140, $107.27, $108.85, $107.2,24.186049021736263,24.54229030947934,24.17026626697252,24.488178253173828,130629600,1.2869477792518014,0.3720240425068226,0.302129231437565,True
2015-12-22, $107.23,32728460, $107.4, $107.72, $106.451,24.21536177334121,24.28751175720932,24.001165272345258,24.177032470703125,131157600,-0.0931858323170442,0.2863464848640618,-0.0383293026380862,False
2015-12-21, $107.33,47507230, $107.28, $107.37, $105.57,24.18830891790171,24.208602018100272,23.802757216044903,24.199583053588867,190362400,1.2260772326134315,0.4058448020553697,0.0112741356871559,True
2015-12-18, $106.03,96197190, $108.91, $109.52, $105.81,24.555822895660437,24.69335736544567,23.856867810785342,23.906471252441406,385813200,-2.706953145024571,0.8364895546603321,-0.6493516432190312,False
2015-12-17, $108.98,44654830, $112.02, $112.25, $108.98,25.257037584077185,25.308896212934727,24.571613311767575,24.571613311767575,179091200,-2.119601947335348,0.737282901167152,-0.6854242723096107,False
2015-12-16, $111.34,56157370, $111.07, $111.99, $108.8,25.042836222258064,25.250267243532736,24.53102246234467,25.10371208190918,224954000,0.7693076269638999,0.7192447811880669,0.0608758596511158,True
2015-12-15, $110.49,53168580, $111.94, $112.8, $110.35,25.23899267317512,25.43289609134729,24.880496178576283,24.91206169128418,213292400,-1.7692093347527749,0.5523999127710049,-0.3269309818909391,False
2015-12-14, $112.48,64678220, $112.18, $112.68, $109.79,25.29310501557588,25.40583948226677,24.754234402408738,25.360746383666992,257274800,-0.6184804009721989,0.6516050798580331,0.0676413680911132,True
2015-12-11, $113.18,46810020, $115.19, $115.39, $112.851,25.971766795399063,26.016859893666684,25.444168600672462,25.518573760986328,187544800,-2.57380104030357,0.5726912929942216,-0.4531930344127346,False
2015-12-10, $116.17,29158640, $116.04, $116.94, $115.51,26.163411982131223,26.366334340975893,26.04391373753137,26.19272232055664,116850800,0.4756826331866026,0.3224206034445238,0.029310338425418,True
2015-12-09, $115.62,46301930, $117.64, $117.69, $115.08,26.524164432155672,26.535438566581163,25.94696452955152,26.06871795654297,185445600,-2.2075768486198633,0.5884740370296448,-0.4554464756127032,False
2015-12-08, $118.23,34275420, $117.52, $118.6, $116.86,26.497111568669016,26.74061845965999,26.34830294874675,26.657196044921875,137238000,-0.0422759071171618,0.3923155109132423,0.1600844762528588,True
2015-12-07, $118.28,32063100, $118.98, $119.86, $117.81,26.82629969905089,27.02471177997605,26.56249968803784,26.66847038269043,128336800,-0.6300861312681705,0.4622120919382126,-0.1578293163604591,False
2015-12-04, $119.03,57717870, $115.29, $119.25, $115.11,25.9943167567547,26.88717363715028,25.953732274909825,26.837570190429688,231108000,3.3246765682670043,0.9334413622404548,0.8432534336749882,True
2015-12-03, $115.2,41511380, $116.55, $116.79, $114.22,26.278402505713583,26.33251456319544,25.753059525428,25.974018096923828,166278000,-0.9287890109463182,0.5794550377674383,-0.3043844087897547,False
2015-12-02, $116.28,33316990, $117.05, $118.11, $116.08,26.456520059808778,26.63013207716251,26.17243048263372,26.2175235748291,133546400,-0.9033700775684884,0.4577015945287925,-0.2389964849796761,False
2015-12-01, $117.34,34806250, $118.75, $118.81, $116.86,26.774435917960403,26.787963503541896,26.348299770228813,26.456523895263672,139409600,-0.8115087738969518,0.4396637333130826,-0.3179120226967313,False
2015-11-30, $118.3,38063130, $117.99, $119.41, $117.75,26.60308090334649,26.9232481193852,26.548968837052,26.67297744750977,156721200,0.4159367279275683,0.3742792823331982,0.0698965441632779,True
2015-11-27, $117.81,13046450, $118.29, $118.41, $117.6,26.67072012199256,26.69777701305003,26.5151460087471,26.5624942779541,52185600,-0.1863979856087882,0.1826310043029302,-0.1082258440384578,False
2015-11-25, $118.03,21341960, $119.21, $119.23, $117.92,26.878152111664143,26.882662453768145,26.58729697285016,26.612098693847656,85553200,-0.7149921784721736,0.2953654809179831,-0.2660534178164866,False
2015-11-24, $118.88,42747950, $117.33, $119.35, $117.12,26.45426758455137,26.90971402520276,26.406919319943405,26.80374336242676,171212800,0.9596383612803904,0.5027947052593547,0.3494757778753907,True
2015-11-23, $117.75,32445680, $119.27, $119.73, $117.34,26.89168132115932,26.99539855351517,26.45652617219215,26.548969268798828,129930000,-1.299255864229798,0.5388723813230207,-0.3427120523604934,False
2015-11-20, $119.3,34135230, $119.2, $119.92, $118.85,26.875900670825235,27.03823860527076,26.79698687496748,26.8984489440918,137148400,0.4378016420695463,0.2412517303032793,0.0225482732665653,True
2015-11-19, $118.78,43233950, $117.64, $119.75, $116.76,26.524165955037567,26.99990555589241,26.32575390717344,26.781200408935547,173183200,1.2703490944670603,0.674151648718972,0.2570344538979796,True
2015-11-18, $117.29,46559730, $115.76, $117.49, $115.5,26.10028615365863,26.49034647415032,26.041663744960054,26.445253372192383,186698800,3.166494684424226,0.4486827291902671,0.3449672185337533,True
2015-11-17, $113.69,27584020, $114.92, $115.05, $113.32,25.910893680503573,25.94020574759523,25.55014367169333,25.633567810058597,110467600,-0.429130493055152,0.3900620759018984,-0.2773258704449759,False
2015-11-16, $114.175,37979570, $111.38, $114.24, $111,25.112729637200463,25.757570936007227,25.02705206022718,25.744043350219727,152426800,1.637887962794582,0.7305188757800458,0.6313137130192636,True
2015-11-13, $112.34,45555300, $115.2, $115.57, $112.27,25.974021066496764,26.05744519313716,25.31339700688268,25.329179763793945,183249600,-2.9208220224756554,0.7440481862544779,-0.6448413027028188,False
2015-11-12, $115.72,32461350, $116.26, $116.82, $115.65,26.21301240399981,26.339274426018584,26.0754762499332,26.091259002685547,130102400,-0.3358945875457375,0.263798176085384,-0.1217534013142618,False
2015-11-11, $116.11,45179400, $116.37, $117.42, $115.21,26.23781589096949,26.47455719824885,25.97627114747097,26.1791934967041,180872000,-0.5652135233379263,0.4982860507778781,-0.058622394265388,False
2015-11-10, $116.77,59029400, $116.9, $118.07, $116.061,26.35731498786991,26.621113190364337,26.16792021569025,26.3280029296875,236511600,-3.151706860572956,0.4531929746740886,-0.0293120581824091,False
2015-11-09, $120.57,33829290, $120.96, $121.81, $120.05,27.27272049186438,27.464368730775384,27.0675446681476,27.18478775024414,135485600,-0.404756452585675,0.3968240626277826,-0.0879327416202393,False
2015-11-06, $121.06,33009110, $121.11, $121.81, $120.62,27.30654123926184,27.464368796343848,27.19606194930443,27.29526710510254,132169200,0.115789598874505,0.268306847039419,-0.0112741341593007,False
2015-11-05, $120.92,39483400, $121.85, $122.69, $120.18,27.473384720633064,27.66277948837272,27.0968520759656,27.26369857788086,158210800,-0.4610092650313757,0.5659274124071203,-0.2096861427522043,False
2015-11-04, $122,44829060, $123.13, $123.82, $121.62,27.64366222941985,27.79857325722124,27.30465647090154,27.389968872070312,179544400,-0.4650204660296642,0.4939167863196978,-0.2536933573495368,False
2015-11-03, $122.57,45479260, $120.79, $123.49, $120.7,27.11830910887912,27.72447974618764,27.098102507443866,27.517932891845703,182076000,1.1470508023508683,0.6263772387437747,0.3996237829665823,True
2015-11-02, $121.18,32152870, $119.87, $121.36, $119.61,27.120555380781717,27.246279258408084,26.85339042796631,27.205867767333984,128813200,1.4058691048553396,0.3928888304417732,0.0853123865522675,True
2015-10-30, $119.5,49305220, $120.99, $121.22, $119.45,27.16320774193074,27.21484530764723,26.81746540347452,26.828691482543945,197461200,-0.8546010295896855,0.3973799041727126,-0.3345162593867954,False
2015-10-29, $120.53,51106100, $118.7, $120.69, $118.27,26.649096053212293,27.095868158496117,26.552557555064425,27.059946060180664,204909200,1.0564509689547474,0.5433106034316921,0.4108500069683707,True
2015-10-28, $119.27,85436210, $116.93, $119.3, $116.06,26.25171183088282,26.78379623162936,26.05638931881799,26.77705955505371,342205600,4.1204472074307,0.7274069128113716,0.5253477241708921,True
2015-10-27, $114.55,67673450, $115.4, $116.54, $113.99,25.90821958132692,26.16415852516625,25.59166252755416,25.71738815307617,279537600,-0.633233556212387,0.5724959976120907,-0.1908314282507532,False
2015-10-26, $115.28,66139770, $118.08, $118.13, $114.92,26.50990005092704,26.52112442109389,25.80045408256619,25.881277084350582,265335200,-3.191118598779852,0.7206703385277002,-0.628622966576458,False
2015-10-23, $119.08,59251740, $116.7, $119.228, $116.33,26.200073662689697,26.76808014090915,26.11700682825398,26.73440361022949,237467600,3.0995717880277107,0.6510733126551678,0.534329947539792,True
2015-10-22, $115.5,41430660, $114.33, $115.5, $114.1,25.66799021425185,25.9306640625,25.616352640382654,25.9306640625,166616400,1.529529487965453,0.3143114221173455,0.2626738482481485,True
2015-10-21, $113.76,42276880, $114, $115.58, $113.7,25.593903318484763,25.94862624924829,25.526550256187043,25.540021896362305,167180800,-0.0087742211441255,0.4220759930612452,-0.0538814221224583,False
2015-10-20, $113.77,48929200, $111.34, $114.17, $110.82,24.996708765455946,25.63206653358358,24.87996541110645,25.54226303100586,195871200,1.825823462950393,0.7521011224771286,0.5455542655499137,True
2015-10-19, $111.73,29723750, $110.8, $111.75, $110.11,24.875476153189293,25.0887579743149,24.72056515315236,25.08426856994629,119036800,0.621384657347468,0.3681928211625376,0.2087924167569959,True
2015-10-16, $111.04,38794930, $111.78, $112, $110.53,25.095496735919284,25.14488875574704,24.81486181677032,24.92936134338379,156930400,-0.7330698096696509,0.3300269389767187,-0.1661353925354944,False
2015-10-15, $111.86,37622200, $110.93, $112.1, $110.49,24.90466806947253,25.167341971566756,24.8058840189647,25.113460540771484,150694000,1.4971553601057508,0.3614579526020556,0.2087924712989526,True
2015-10-14, $110.21,44434220, $111.29, $111.52, $109.56,24.98548808286365,25.03712394828069,24.597088604901675,24.743019104003903,177849600,-1.4133586007585852,0.4400353433790158,-0.2424689788597476,False
2015-10-13, $111.79,32970790, $110.82, $112.45, $110.68,24.879967220431244,25.245914507438197,24.848536249172213,25.097740173339844,132197200,0.1702639098214886,0.3973782582659844,0.2177729529086001,True
2015-10-12, $111.6,30386830, $112.73, $112.75, $111.44,25.30877542810136,25.31326483228492,25.01916004177201,25.05508041381836,121868800,-0.4638074125532299,0.2941047905129075,-0.2536950142830001,False
2015-10-09, $112.12,52720620, $110, $112.28, $109.49,24.69587180494445,25.20774960102577,24.58137228333904,25.17182922363281,211064400,2.392695231616404,0.6263773176867318,0.4759574186883597,True
2015-10-08, $109.5,61747260, $110.19, $110.19, $108.21,24.73852918280042,24.73852918280042,24.29400273083314,24.5836181640625,247918400,-1.1554301798089917,0.4445264519672811,-0.1549110187379199,False
2015-10-07, $110.78,46717770, $111.74, $111.77, $109.41,25.086512410825627,25.093247373806907,24.56341030258716,24.87098503112793,187062400,-0.4761810991770088,0.5298370712197453,-0.215527379697697,False
2015-10-06, $111.31,48702200, $110.63, $111.74, $109.765,24.83731711068128,25.086521104505835,24.64424011163054,24.98998260498047,192787200,0.4784594325621061,0.4422809928752933,0.1526654942991889,True
2015-10-05, $110.78,52033100, $109.88, $111.3698, $109.07,24.66892757739279,25.00344558357738,24.48707672546084,24.87098503112793,208258800,0.3623866613261306,0.5163688581165395,0.20205745373514,True
2015-10-02, $110.38,57774940, $108.01, $111.0136, $107.55,24.24909870975108,24.92262240839427,24.14582528150224,24.78118133544922,232079200,0.7300177790650952,0.7767971268920277,0.5320826256981412,True
2015-10-01, $109.58,63849470, $109.07, $109.62, $107.31,24.48708583632217,24.610565913119785,24.09195130342979,24.601585388183597,255716400,-0.6527351292580197,0.518614609689994,0.114499551861428,True
2015-09-30, $110.3,66300930, $110.17, $111.54, $108.73,24.73403652296381,25.04161298237844,24.410746290912083,24.76322364807129,265892000,1.1369932034514862,0.6308666914663554,0.0291871251074802,True
2015-09-29, $109.06,73230280, $112.83, $113.51, $107.86,25.331228565945217,25.48389401729487,24.215423949694586,24.484832763671875,293461600,-3.00605502671184,1.2684700676002834,-0.8463958022733387,False
2015-09-28, $112.44,51861990, $113.85, $114.57, $112.44,25.560226698067176,25.72187267672953,25.243671417236328,25.243671417236328,208436000,-1.9788926901773471,0.4782012594932006,-0.3165552808308476,False
2015-09-25, $114.71,56005550, $116.44, $116.69, $114.02,26.141701050447217,26.19782802679197,25.598390617656875,25.7533016204834,224607600,-0.252188857739688,0.5994374091350956,-0.3883994299638189,False
2015-09-24, $115,50061580, $113.25, $115.5, $112.37,25.42552389061969,25.930666749373724,25.227957522492023,25.81841278076172,200878000,0.5948242759884703,0.7027092268817015,0.3928888901420286,True
2015-09-23, $114.32,35678360, $113.63, $114.72, $113.3,25.51083566782204,25.755550204113632,25.436749352118696,25.665746688842773,143026800,0.8112778932261921,0.3188008519949363,0.1549110210207338,True
2015-09-22, $113.4,50278030, $113.38, $114.18, $112.5201,25.45471069455325,25.63431773927507,25.26163372097819,25.45920181274414,201384800,-1.571041611007684,0.37268401829688,0.0044911181908915,True
2015-09-21, $115.21,46594220, $113.67, $115.37, $113.66,25.519818085510373,25.901482625535643,25.517574239285192,25.86556053161621,200888000,1.5513289397410146,0.3839083862504502,0.345742446105838,True
2015-09-18, $113.45,73991000, $112.21, $114.3, $111.87,25.19204095058616,25.661263532890064,25.11570905737634,25.470430374145508,297141200,-0.4125314952661552,0.5455544755137254,0.2783894235593465,True
2015-09-17, $113.92,63712340, $115.66, $116.49, $113.715,25.966584151945156,26.152924404414776,25.53103828427493,25.5759391784668,256450400,-2.139020651495815,0.6218861201398447,-0.3906449734783557,False
2015-09-16, $116.41,37080720, $116.25, $116.54, $115.44,26.0990495240165,26.164157035899155,25.91719863028686,26.134971618652344,148694000,0.1118291838076768,0.2469584056122933,0.0359220946358433,True
2015-09-15, $116.28,43218350, $115.93, $116.53, $114.42,26.027200319848728,26.161904714193977,25.688192919006728,26.10577774047852,173364800,0.8411914057650849,0.4737117951872491,0.0785774206297915,True
2015-09-14, $115.31,58279570, $116.58, $116.89, $114.86,26.17313606815512,26.242732981471587,25.78698213712246,25.88801002502441,233453600,0.963149359078197,0.4557508443491258,-0.2851260431307096,False
2015-09-11, $114.21,49793750, $111.79, $114.21, $111.76,25.097739695285533,25.641048431396484,25.09100473198109,25.641048431396484,199662000,1.4568700753306183,0.5500436994153937,0.5433087361109514,True
2015-09-10, $112.57,62800770, $110.27, $113.2825, $109.9,24.75648687238155,25.432256171737155,24.67342004060185,25.272855758666992,251571200,2.197016166794019,0.758836131135304,0.5163688862854414,True
2015-09-09, $110.15,84757780, $113.76, $114.02, $109.77,25.54001728158424,25.59838809797852,24.644229594036617,24.72954368591309,340043200,-1.9232357775335496,0.9541585039419048,-0.8104735956711515,False
2015-09-08, $112.31,54507300, $111.65, $112.56, $110.32,25.088753683929077,25.27060450479836,24.7677073714056,25.2144775390625,219374400,2.782062637461058,0.5028971333927608,0.1257238551334225,True
2015-09-04, $109.27,49904460, $108.97, $110.45, $108.51,24.464631066021123,24.7969018657635,24.36135761675743,24.531982421875,199985200,-0.996628589642956,0.4355442490060675,0.0673513558538765,True
2015-09-03, $110.37,53142590, $112.49, $112.78, $110.04,25.254892015721506,25.31999950923371,24.704848371471137,24.7789363861084,212935600,-1.7536171132169764,0.6151511377625738,-0.4759556296131073,False
2015-09-02, $112.34,61681250, $110.23, $112.34, $109.131,24.74750986033989,25.22122001647949,24.50054976722405,25.22122001647949,247555200,4.288901576157889,0.7206702492554378,0.4737101561395995,True
2015-09-01, $107.72,76562170, $110.15, $111.88, $107.36,24.729546676730013,25.117944402577248,24.103169401079747,24.183992385864254,307383600,-4.469667968318847,1.014775001497501,-0.5455542908657591,False
2015-08-31, $112.76,56111590, $112.03, $114.53, $112,25.151620180114747,25.712889939424137,25.144885217060533,25.31551170349121,224917200,-0.4678288810412101,0.5680047223636002,0.1638915233764635,True
2015-08-28, $113.29,53075960, $112.17, $113.31, $111.54,25.183052168971024,25.43899105254729,25.04161280052923,25.43450164794922,212657600,0.3276692418555882,0.3973782520180613,0.2514494789781949,True
2015-08-27, $112.92,83825220, $112.23, $113.24, $110.02,25.19652350705073,25.423275263018773,24.700359518356937,25.35143280029297,338464400,2.944654510868805,0.7229157446618366,0.1549092932422375,True
2015-08-26, $109.69,96531890, $107.085, $109.89, $105.05,24.042552150961185,24.67117500740738,23.584557504900065,24.62627410888672,387098400,5.7354967330838,1.086617502507316,0.5837219579255333,True
2015-08-25, $103.74,102731700, $111.11, $111.11, $103.5,24.945075030341155,24.945075030341155,23.236569628816785,23.290451049804688,414406400,0.6012145894081167,1.70850540152437,-1.654623980536467,False
2015-08-24, $103.12,161882500, $94.87, $108.8, $92,21.29907154680232,24.426467610439584,20.65473306183087,23.151262283325195,648825200,-2.4962018039995093,3.7717345486087126,1.852190736522875,True
2015-08-21, $105.76,127246600, $110.43, $111.9, $105.645,24.79241106083701,25.122437995754048,23.719263417269797,23.743959426879883,513102000,-6.116289594773572,1.4031745784842506,-1.0484516339571286,False
2015-08-20, $112.65,68176940, $114.08, $114.35, $111.63,25.611865582992177,25.67248197165876,25.06182011566237,25.29081916809082,274006400,-2.0519803605684173,0.610661855996387,-0.3210464149013532,False
2015-08-19, $115.01,48079330, $116.1, $116.52, $114.68,26.065366702875668,26.1596596092665,25.74656589772991,25.820653915405277,193146000,-1.2789834114644516,0.4130937115365931,-0.2447127874703909,False
2015-08-18, $116.5,34525630, $116.43, $117.44, $116.01,26.1394587685389,26.36621226099731,26.04516584754576,26.155174255371097,138242800,-0.56332860303413,0.3210464134515511,0.0157154868321924,True
2015-08-17, $117.16,40827260, $116.04, $117.65, $115.5,26.05189905602863,26.41335694167236,25.93066457455252,26.30334854125977,163538800,1.0348309138289655,0.4826923671198422,0.2514494852311379,True
2015-08-14, $115.96,42876370, $114.32, $116.31, $114.01,25.665748373713377,26.1125187076189,25.59615145841796,26.0339412689209,171718000,0.7034115459980894,0.5163672492009397,0.3681928952075211,True
2015-08-13, $115.15,48407640, $116.04, $116.4, $114.54,26.051906618614048,26.132729629726832,25.71514464326411,25.852094650268555,194143200,-0.0780638801250233,0.4175849864627174,-0.199811968345493,False
2015-08-12, $115.24,101593400, $112.53, $115.42, $109.63,25.263875322717197,25.912703058030736,24.612802028659956,25.872291564941406,404870000,1.5419791944422778,1.2999010293707798,0.6084162422242088,True
2015-08-11, $113.49,96820670, $117.81, $118.18, $113.33,26.449278636773293,26.53234718735069,25.443484071415615,25.47940444946289,388331200,-5.20381942456003,1.0888631159350766,-0.9698741873104026,False
2015-08-10, $119.72,54851010, $116.53, $119.99, $116.53,26.16191090980499,26.938708204443447,26.16191090980499,26.87809181213379,219806400,3.6357214057237464,0.776797294638456,0.7161809023287979,True
2015-08-07, $115.52,38610120, $114.58, $116.25, $114.5,25.724125250096066,26.09905317276029,25.70616420026712,25.93516159057617,154681600,0.3387573721070236,0.3928889724931679,0.2110363404801027,True
2015-08-06, $115.13,52828890, $115.97, $116.5, $114.115,26.036188514842937,26.15517746013189,25.620849129507224,25.84760093688965,211612000,0.2176131463010877,0.534328330624664,-0.1885875779532888,False
2015-08-05, $115.4,99202400, $112.95, $117.44, $112.1,25.243908296854705,26.2474079868436,25.053936768630475,25.791475296020508,397250400,0.6629516658321677,1.1934712182131264,0.5475669991658023,True
2015-08-04, $114.64,123601900, $117.42, $117.7, $113.25,26.2429358209001,26.305514513708847,25.310956634838035,25.62161636352539,496554400,-3.2083794812606703,0.9945578788708112,-0.6213194573747103,False
2015-08-03, $118.44,69639900, $121.5, $122.57, $117.52,27.154801556837057,27.39394253937885,26.2652854963179,26.470903396606445,279904000,-2.357786445436627,1.1286570430609473,-0.6838981602306085,False
2015-07-31, $121.3,42832890, $122.6, $122.6425, $120.91,27.40064586489844,27.409585921458618,27.02293827979416,27.1101016998291,171540000,-0.8743780980895455,0.3866476416644566,-0.2905441650693383,False
2015-07-30, $122.37,33400950, $122.32, $122.5699, $121.71,27.338061947167738,27.39393601112983,27.20172909468894,27.3492374420166,134513200,-0.5040965477282944,0.1922069164408917,0.0111754948488638,True
2015-07-29, $122.99,36912040, $123.15, $123.5, $122.27,27.52356272291417,27.601786067096366,27.326884937380648,27.487802505493164,148046800,-0.3161256085883246,0.2749011297157189,-0.0357602174210072,False
2015-07-28, $123.38,33570380, $123.38, $123.91, $122.55,27.574974060058597,27.69342853644598,27.389473419028683,27.574974060058597,134472400,0.4968457334141751,0.3039551174172956,0.0,False
2015-07-27, $122.77,44371580, $123.09, $123.61, $122.12,27.51016508078476,27.626384138415112,27.29337505220313,27.43864631652832,177822000,-1.3895497038859617,0.3330090862119803,-0.0715187642564387,False
2015-07-24, $124.5,42090320, $125.32, $125.74, $123.9,28.008559506396452,28.102427554083405,27.691195132707257,27.825292587280277,168649200,-0.5272948306464409,0.4112324213761518,-0.1832669191161748,False
2015-07-23, $125.16,50832950, $126.2, $127.09, $125.06,28.20522627291795,28.404137800452204,27.950440682477648,27.97279167175293,203998000,-0.0479253117547706,0.4536971179745563,-0.2324346011650213,False
2015-07-22, $125.22,115288400, $121.99, $125.5, $121.99,27.26431042059781,28.048782832229605,27.26431042059781,27.986204147338867,461802400,-4.229441826075064,0.7844724116317963,0.7218937267410581,True
2015-07-21, $130.75,73006780, $132.85, $132.92, $130.32,29.691480984672705,29.707123950305423,29.12603569151852,29.222137451171875,307025600,-0.999470840630623,0.5810882587869024,-0.4693435335008296,False
2015-07-20, $132.07,55204920, $130.97, $132.97, $130.7,29.27130553538304,29.7182980567629,29.21096059011771,29.517152786254883,235600800,1.8901523892732583,0.5073374666451897,0.2458472508718436,True
2015-07-17, $129.62,45970470, $129.08, $129.62, $128.31,28.84889703405364,28.96958351135254,28.67680396264912,28.96958351135254,184658800,0.8637473229949233,0.2927795487034181,0.1206864772989,True
2015-07-16, $128.51,35987630, $127.74, $128.57, $127.35,28.549410939177225,28.734914943921616,28.46224753674022,28.72150230407715,144889600,1.3325693297887575,0.2726674071813946,0.1720913648999236,True
2015-07-15, $126.82,33559770, $125.72, $127.15, $125.58,28.09795590249705,28.417555688730346,28.066666556024543,28.34380149841309,134596800,0.9632957960753252,0.3508891327058023,0.245845595916041,True
2015-07-14, $125.61,31695870, $126.04, $126.37, $125.04,28.16947536957432,28.243229561769542,27.945979057570536,28.07337188720703,127072400,-0.0397911193746436,0.2972505041990061,-0.0961034823672903,False
2015-07-13, $125.66,41365600, $125.03, $125.755, $124.32,27.943743276708435,28.10689633274658,27.78506110173518,28.08454704284668,165762000,1.9305863109833064,0.3218352310113985,0.1408037661382444,True
2015-07-10, $123.28,61292800, $121.94, $123.85, $121.21,27.253135750300856,27.68001273996736,27.08998272269413,27.55261993408203,245418000,2.6734092542554766,0.5900300172732287,0.2994841837811748,True
2015-07-09, $120.07,78291510, $123.85, $124.06, $119.22,27.68002095798934,27.726954984077167,26.645233532967115,26.835205078125,314380000,-2.039622726506518,1.0817214511100524,-0.8448158798643384,False
2015-07-08, $122.57,60609830, $124.48, $124.64, $122.54,27.82081676371209,27.856575280654905,27.387233449219742,27.393938064575195,243046400,-2.482301622824268,0.4693418314351625,-0.4268786991368962,False
2015-07-07, $125.69,46737090, $125.89, $126.15, $123.77,28.135946131868533,28.19405564123876,27.66213341150601,28.09124755859375,187787200,-0.246040599475894,0.5319222297327499,-0.0446985732747826,False
2015-07-06, $126,27972950, $124.94, $126.23, $124.85,27.923628371790983,28.211938804483257,27.903512818042405,28.160533905029297,112241600,-0.3479869142287262,0.3084259864408523,0.2369055332383141,True
2015-07-02, $126.44,27171180, $126.43, $126.69, $125.77,28.256635638181272,28.31474515025024,28.10912727026959,28.25887107849121,108844000,-0.1263807729733335,0.2056178799806503,0.0022354403099384,True
2015-07-01, $126.6,30206890, $126.9, $126.94, $125.99,28.361679619899824,28.37061967614133,28.158297176973544,28.29463005065918,120955200,0.9328020933173642,0.2123224991677865,-0.0670495692406447,False
2015-06-30, $125.425,44326050, $125.57, $126.12, $124.86,28.06442570824172,28.187349335086324,27.905743565950345,28.03313636779785,177482800,0.7227052120411415,0.2816057691359788,-0.0312893404438696,False
2015-06-29, $124.53,49043410, $125.46, $126.47, $124.48,28.039844723786928,28.265576457225944,27.820819311458745,27.831993103027344,196645600,-1.7514881552544217,0.4447571457671984,-0.2078516207595839,False
2015-06-26, $126.75,43986290, $127.67, $127.99, $126.51,28.533773621853992,28.605292373182664,28.27451878771564,28.32815742492676,176267200,-0.5882065123064439,0.3307735854670248,-0.205616196927231,False
2015-06-25, $127.5,31872390, $128.86, $129.2, $127.5,28.79972643951187,28.87571434479905,28.49577140808105,28.49577140808105,127752400,-0.4761758207323163,0.3799429367179989,-0.3039550314308172,False
2015-06-24, $128.11,55077520, $127.21, $129.8, $127.12,28.43096358842425,29.009819881307813,28.41084974026708,28.632110595703125,221123600,0.8501824295631177,0.5989701410407342,0.2011470072788732,True
2015-06-23, $127.03,30192140, $127.48, $127.61, $126.8792,28.49131190163484,28.52036580966712,28.35721274421417,28.390737533569336,121075600,-0.4544809792841886,0.1631530654529491,-0.1005743680655015,False
2015-06-22, $127.61,33976180, $127.49, $128.06, $127.08,28.493536967605955,28.62092976428129,28.40190439006669,28.520357131958008,136157200,0.7977735736239833,0.2190253742145991,0.0268201643520527,True
2015-06-19, $126.6,54361530, $127.71, $127.82, $126.4,28.54271106965163,28.567295798030447,28.249931474593,28.29463005065918,218867600,-1.000952783081588,0.3173643234374452,-0.2480810189924547,False
2015-06-18, $127.88,35363990, $127.23, $128.31, $127.22,28.435438210107023,28.67681294545484,28.433202769415,28.58070945739746,141628800,0.455648073187942,0.2436101760398408,0.145271247290438,True
2015-06-17, $127.3,32858900, $127.72, $127.88, $126.74,28.544940706610863,28.580699219165577,28.32591363607703,28.451072692871097,131672400,-0.2351369371522804,0.2547855830885481,-0.0938680137397689,False
2015-06-16, $127.6,31443650, $127.03, $127.85, $126.37,28.390736517876093,28.5740034273007,28.243229837188757,28.518129348754883,125976400,0.5357977717768136,0.3307735901119422,0.1273928308787901,True
2015-06-15, $126.92,43896960, $126.1, $127.24, $125.71,28.182877320017703,28.437662913452517,28.095713917271123,28.36614418029785,175955600,-0.1965932691618488,0.3419489961813937,0.183266860280149,True
2015-06-12, $127.17,36826260, $128.185, $128.33, $127.11,28.649987106463826,28.68127644753528,28.40861072807724,28.422019958496097,147544800,-1.1042816448467383,0.2726657194580397,-0.2279671479677318,False
2015-06-11, $128.59,35344520, $129.18, $130.18, $128.475,28.87124567447265,29.09474193791442,28.71479897211988,28.73938369750977,141563600,-0.2250276905966242,0.379942965794541,-0.131861976962881,False
2015-06-10, $128.88,39029190, $127.92, $129.34, $127.85,28.58964320073403,28.90700750324305,28.573998529628412,28.804201126098636,156349200,1.145813100862525,0.3330089736146391,0.2145579253646019,True
2015-06-09, $127.42,56002840, $126.7, $128.08, $125.62,28.316980038004523,28.62540601795868,28.07560533408828,28.47789764404297,224301600,-0.2973326603960879,0.5498006838704015,0.1609176060384456,True
2015-06-08, $127.8,52609900, $128.9, $129.21, $126.83,28.808668102346388,28.87795481131728,28.34603259256239,28.562824249267575,210699200,-0.6607076497342157,0.5319222187548895,-0.2458438530788136,False
2015-06-05, $128.65,35577760, $129.5, $129.69, $128.36,28.942769382577065,28.98523422306932,28.687983749906223,28.752796173095703,142507200,-0.5488542276289365,0.2972504731630963,-0.1899732094813622,False
2015-06-04, $129.36,38335980, $129.58, $130.58, $128.91,28.960647495537707,29.184143768776664,28.810905401701508,28.91147804260254,153800400,-0.5841018288254674,0.3732383670751567,-0.0491694529351676,False
2015-06-03, $130.12,30939810, $130.66, $130.94, $129.9,29.202032630617,29.264611333053782,29.03217322947415,29.081342697143555,123934000,0.1231264342998361,0.2324381035796321,-0.1206899334734465,False
2015-06-02, $129.96,33595980, $129.86, $130.655, $129.32,29.02322891673325,29.202026634245364,28.902542418325197,29.04557991027832,134670400,-0.4442735669224151,0.2994842159201667,0.0223509935450714,True
2015-06-01, $130.535,32016020, $131.2, $131.39, $130.05,29.117089806754823,29.36517076898995,29.065686626553163,29.17519760131836,128451200,0.1995513746039012,0.2994841424367891,0.0581077945635364,True
2015-05-29, $130.28,50474170, $131.23, $131.45, $129.9,29.329414816235555,29.37858426889238,29.03216436527658,29.117094039916992,203538000,-1.138250375319605,0.3464199036158,-0.2123207763185632,False
2015-05-28, $131.78,30678840, $131.86, $131.95, $131.1,29.470215466781788,29.49032931068124,29.300359545605133,29.452335357666016,122933200,-0.1969109044406281,0.1899697650761069,-0.0178801091157723,False
2015-05-27, $132.045,45771120, $130.34, $132.26, $130.05,29.13050168154005,29.55961409108794,29.06568926672743,29.51044464111328,183332800,1.866996567447332,0.4939248243605121,0.3799429595732313,True
2015-05-26, $129.62,70544670, $132.6, $132.91, $129.12,29.63560480733493,29.704888100810432,28.857835383738585,28.96958351135254,282790400,-2.2031394221652567,0.8470527170718469,-0.6660212959823895,False
2015-05-22, $132.54,45469340, $131.6, $132.97, $131.4,29.412118235115084,29.718307114290013,29.36741624112701,29.622201919555664,182384000,0.875264057216607,0.3508908731630029,0.2100836844405798,True
2015-05-21, $131.39,39589780, $130.07, $131.63, $129.83,29.07016571580792,29.418819402214933,29.01652537548264,29.36517906188965,158921600,1.022607268283937,0.4022940267322923,0.2950133460817277,True
2015-05-20, $130.06,36261170, $130, $130.98, $129.34,29.054519081816487,29.27354450155405,28.907010704933217,29.067928314208984,145819600,-0.0076897145081966,0.3665337966208355,0.0134092323924974,True
2015-05-19, $130.07,44395440, $130.69, $130.88, $129.64,29.2087303336458,29.25119517387914,28.974058549918123,29.07016372680664,178532800,-0.092165306540104,0.2771366239610167,-0.1385666068391593,False
2015-05-18, $130.19,50723240, $128.38, $130.72, $128.36,28.69245333007435,29.21543380338683,28.68798244962446,29.096981048583984,203531600,1.1027244693252891,0.5274513537623697,0.4045277185096338,True
2015-05-15, $128.77,38128470, $129.07, $129.49, $128.21,28.846670700094613,28.940538742139225,28.654463734874764,28.779621124267575,152832000,-0.139564145303972,0.2860750072644613,-0.0670495758270384,False
2015-05-14, $128.95,45123920, $127.41, $128.95, $127.16,28.475660537464663,28.819843292236328,28.419786470046493,28.819843292236328,180814000,2.333136770210298,0.4000568221898355,0.3441827547716656,True
2015-05-13, $126.01,34611600, $126.15, $127.19, $125.87,28.194056753833664,28.42649309534573,28.131478066722977,28.16276741027832,138776800,0.1112075470342199,0.2950150286227533,-0.0312893435553434,False
2015-05-12, $125.865,48073450, $125.6, $126.88, $124.82,28.071138115295525,28.357213138843044,27.89681125439261,28.13148307800293,192640000,-0.3562152384266048,0.4604018844504338,0.0603449627074041,True
2015-05-11, $126.32,41920740, $127.39, $127.56, $125.625,28.471190892738576,28.50918485099784,28.077836963604977,28.2320499420166,168143200,-1.0186667069678856,0.4313478873928638,-0.2391409507219748,False
2015-05-08, $127.62,55473820, $126.68, $127.62, $126.11,28.31251309338488,28.522600173950195,28.185120262756055,28.522600173950195,222201600,1.8840853223160312,0.3374799111941406,0.2100870805653159,True
2015-05-07, $125.26,42653920, $124.77, $126.08, $124.02,27.88563328767848,28.178414607387104,27.71801105854924,27.995147705078125,175763600,0.6185383825866975,0.4604035488378635,0.1095144173996445,True
2015-05-06, $125.01,72037370, $126.56, $126.75, $123.36,28.168028667666032,28.21031686551449,27.455816218919747,27.82305145263672,288564000,-0.6279720494091312,0.7545006465947424,-0.3449772150293135,False
2015-05-05, $125.8,49127770, $128.15, $128.4498, $125.78,28.52190599939661,28.5886766529222,27.99442428912783,27.998876571655277,197085600,-2.253308291173562,0.594252363794368,-0.5230294277413314,False
2015-05-04, $128.7,50905020, $129.5, $130.57, $128.26,28.822375405226374,29.06052330317985,28.546391591878752,28.64432144165039,203953200,-0.1938785729851178,0.514131711301097,-0.1780539635759837,False
2015-05-01, $128.95,57349000, $126.1, $130.13, $125.3,28.065650005792723,28.96259489680037,27.88759773139169,28.69996452331543,234050400,3.0363478121535614,1.0749971654086783,0.6343145175227072,True
2015-04-30, $125.15,82924980, $127.5, $127.88, $124.58,28.630970767541644,28.630970767541644,27.727350805104503,27.85421371459961,332781600,-2.7130127040545293,0.9036199624371406,-0.7767570529420347,False
2015-04-29, $128.64,63063240, $130.16, $131.59, $128.3,28.96927800584258,29.2875467074828,28.555303872035783,28.6309757232666,253544400,-1.4705821540633046,0.7322428354470176,-0.3383022825759774,False
2015-04-28, $130.56,118693700, $134.455, $134.54, $129.57,29.926313917585805,29.944116261415125,28.837963110770552,29.05830192565918,475696000,-1.575568077056111,1.1061531506445732,-0.8680119919266254,False
2015-04-27, $132.65,95084260, $132.31, $133.13, $131.15,29.44779235838264,29.630298638040404,29.18961423422666,29.52346420288086,387816800,1.8191790395127192,0.4406844038137443,0.0756718444982205,True
2015-04-24, $130.28,44209710, $130.49, $130.63, $129.23,29.04271597324572,29.07387516045413,28.762279892273376,28.99597549438477,178103600,0.4704031077786164,0.3115952681807528,-0.0467404788609506,False
2015-04-23, $129.67,45596690, $128.3, $130.42, $128.14,28.555300927111567,29.02714112271059,28.519689449229297,28.86021614074707,183083600,0.8163752647742495,0.5074516734812917,0.3049152136355033,True
2015-04-22, $128.62,37575420, $126.99, $128.87, $126.32,28.26373337851784,28.68215799476166,28.1146141570853,28.62651634216309,150618000,1.3473897366764298,0.5675438376763609,0.3627829636452482,True
2015-04-21, $126.91,32341380, $128.1, $128.2, $126.67,28.510788381771672,28.53304300845616,28.19251631569665,28.245933532714844,129740400,-0.5407561828722374,0.3405266927595072,-0.2648548490568281,False
2015-04-20, $127.6,46975110, $125.57, $128.12, $125.17,27.94769556491331,28.515239531858697,27.85866856086829,28.39950561523437,188217200,2.2845991386108766,0.6565709709904084,0.4518100503210611,True
2015-04-17, $124.75,51481310, $125.55, $126.14, $124.46,27.94323644885431,28.07454992374797,27.700637979338687,27.765182495117188,207828000,-1.1254698627305548,0.3739119444092829,-0.1780539537371233,False
2015-04-16, $126.17,28020240, $126.28, $127.1, $126.11,28.10571071871616,28.288215267615023,28.067874803248348,28.081228256225582,113476000,-0.4811532265609042,0.2203404643666751,-0.0244824624905781,False
2015-04-15, $126.78,28922420, $126.41, $127.13, $126.01,28.13464667828012,28.294893215067187,28.045619692477185,28.21699523925781,115881600,0.3800630201795441,0.249273522590002,0.0823485609776888,True
2015-04-14, $126.3,25418280, $127, $127.29, $125.91,28.26595484256325,28.330499352662446,28.02335809244218,28.11015892028809,102098400,-0.4335766315855749,0.3071412602202663,-0.1557959222751606,False
2015-04-13, $126.85,36248620, $128.37, $128.57, $126.61,28.57086917622061,28.615385206586744,28.179153240111305,28.232568740844727,145460400,-0.1967140560435787,0.4362319664754395,-0.3383004353758849,False
2015-04-10, $127.1,40125760, $125.95, $127.21, $125.26,28.032263697492382,28.312698100017467,27.878693892102373,28.28821563720703,160752000,0.4266746839145741,0.4340042079150947,0.2559519397146488,True
2015-04-09, $126.56,32244360, $125.85, $126.58, $124.66,28.010007694885584,28.172482068289785,27.74515458208895,28.16802978515625,129936000,0.7643213015159356,0.4273274862008307,0.1580220902706663,True
2015-04-08, $125.6,37272090, $125.85, $126.4, $124.97,28.01001024921249,28.132422575820524,27.81415222468828,27.954368591308597,149316800,-0.325367645308583,0.3182703511322451,-0.0556416579038909,False
2015-04-07, $126.01,34894810, $127.64, $128.1218, $125.98,28.4084029400596,28.51523396562088,28.038943237758097,28.04561996459961,140049200,-1.0521965106859432,0.4762907278627821,-0.3627829754599894,False
2015-04-06, $127.35,36917490, $124.47, $127.51, $124.33,27.702861871893177,28.37946446390211,27.67170268722584,28.34385299682617,148776000,1.619827910850402,0.7077617766762714,0.6409911249329916,True
2015-04-02, $125.32,32171410, $125.03, $125.56, $124.19,27.82750526345867,27.94546530476479,27.64055011075808,27.89204978942871,128880400,0.861186181541429,0.3049151940067105,0.0645445259700423,True
2015-04-01, $124.25,40463140, $124.82, $125.12, $123.1,27.780761124906427,27.847531779753435,27.3979463262866,27.653898239135746,162485600,-0.1446664001765185,0.4495854534668346,-0.1268628857706808,False
2015-03-31, $124.43,42019420, $126.09, $126.49, $124.355,28.06342177006601,28.15244874964755,27.678382503094827,27.69396209716797,168362400,-1.535196818226947,0.4740662465527272,-0.3694596728980421,False
2015-03-30, $126.37,46974980, $124.05, $126.4, $124,27.60939312960263,28.132424408359668,27.59826411807745,28.125747680664062,188398800,2.5314704200093407,0.5341602902822196,0.5163545510614327,True
2015-03-27, $123.25,39471720, $124.57, $124.7, $122.91,27.725119459155888,27.7540525039436,27.35565981059288,27.431331634521484,158184800,-0.7968441324813225,0.398392693350722,-0.2937878246344034,False
2015-03-26, $124.24,47409610, $122.76, $124.88, $122.6,27.322274764596163,27.794114843477228,27.286663295523013,27.65167236328125,190291600,0.6970228495496444,0.507451547954215,0.3293975986850874,True
2015-03-25, $123.38,51505600, $126.54, $126.82, $123.38,28.16357933072388,28.22589771049454,27.460268020629883,27.460268020629883,206620800,-2.61267269368084,0.7656296898646566,-0.7033113100939978,False
2015-03-24, $126.69,32747200, $127.23, $128.04, $126.56,28.317148521175582,28.497425221015355,28.1680276125766,28.196962356567383,131369200,-0.4087710279306655,0.3293976084387537,-0.1201861646081994,False
2015-03-23, $127.21,37597600, $127.12, $127.85, $126.52,28.292666278344058,28.455138942422373,28.15912496238312,28.31269645690918,150838800,1.0404974533640976,0.2960139800392518,0.020030178565122,True
2015-03-20, $125.9,68516180, $128.25, $128.4, $125.16,28.544168444485248,28.577552078379163,27.85643841749427,28.021137237548828,274780400,-1.2548793188798535,0.7211136608848925,-0.5230312069364196,False
2015-03-19, $127.495,45674520, $128.75, $129.2451, $127.4,28.655445528965373,28.766728812573003,28.354981002834396,28.37723731994629,183238000,-0.7550578892612902,0.4117478097386069,-0.278208209019084,False
2015-03-18, $128.47,65118170, $127, $129.16, $126.37,28.26595883797083,28.74670351988461,28.125742488103533,28.59313201904297,261083600,1.1256346898342209,0.620961031781075,0.327173181072137,True
2015-03-17, $127.04,50891230, $125.9, $127.32, $125.65,28.021134600076984,28.33717875688107,27.96549295142633,28.27486038208008,204092400,1.672669062137988,0.3716858054547387,0.253725782003098,True
2015-03-16, $124.95,35816300, $123.88, $124.95, $122.87,27.571550001661397,27.80969619750977,27.34675895658521,27.80969619750977,143497200,1.1003983956005214,0.4629372409245604,0.2381461958483726,True
2015-03-13, $123.59,51744670, $124.4, $125.3951, $122.58,27.687289634604028,27.90985626880816,27.282218428274447,27.507009506225582,207309200,-0.6910231377408649,0.627637840533712,-0.1802801283784454,False
2015-03-12, $124.45,48233270, $122.31, $124.9, $121.63,27.22211956625608,27.798567927648104,27.070774214428088,27.69841194152832,193450800,1.807914056464832,0.7277937132200165,0.4762923752722408,True
2015-03-11, $122.24,68812690, $124.75, $124.77, $122.11,27.765183710100228,27.76963429501665,27.177608014323543,27.206541061401367,275756000,-1.8231668496346831,0.5920262806931085,-0.5586426486988607,False
2015-03-10, $124.51,68720360, $126.41, $127.22, $123.8,28.13464987578879,28.314928311443243,27.55375080751476,27.71177291870117,275426400,-2.0685651819219775,0.7611775039284829,-0.4228769570876203,False
2015-03-09, $127.14,88410240, $127.96, $129.57, $125.06,28.47962177635552,28.83795583428651,27.834178300278573,28.297117233276367,354114000,0.426539889758426,1.0037775340079378,-0.1825045430791512,False
2015-03-06, $126.6,72699680, $128.4, $129.37, $126.26,28.577550244683295,28.793440119603357,28.10125955185688,28.176931381225582,291368400,0.1502916005509558,0.6921805677464761,-0.4006188634577121,False
2015-03-05, $126.41,56391280, $128.58, $128.75, $125.76,28.61761652931516,28.65545244734505,27.98997872615739,28.13464736938477,226068400,-1.657054711506989,0.6654737211876594,-0.4829691599303913,False
2015-03-04, $128.54,31588480, $129.1, $129.56, $128.32,28.733349484334305,28.835728218754888,28.55974780762392,28.60870933532715,126665200,-0.6338900957728044,0.2759804111309663,-0.1246401490071562,False
2015-03-03, $129.36,37749900, $128.96, $129.52, $128.09,28.70218871240452,28.826825458437774,28.508553471298843,28.79121398925781,151265200,0.2091296073804205,0.3182719871389317,0.0890252768532882,True
2015-03-02, $129.09,48042680, $129.25, $130.28, $128.3,28.76674017250741,28.99598355557924,28.555302529375822,28.731128692626957,192386800,0.4904311718226362,0.4406810262034177,-0.0356114798804547,False
2015-02-27, $128.46,61931350, $130, $130.57, $128.24,28.9336610638984,29.060525669459057,28.54194502901291,28.590909957885746,248059200,-1.502827464848877,0.5185806404461459,-0.3427511060126527,False
2015-02-26, $130.415,91171830, $128.785, $130.87, $126.61,28.664353084202308,29.12729205469109,28.17915948969113,29.027137756347656,365150000,1.2656324276155928,0.948132564999959,0.3627846721453487,True
2015-02-25, $128.79,74555120, $131.56, $131.6, $128.15,29.280862882102557,29.289767448381888,28.52190992139561,28.664352416992188,298846800,-2.5573516492572557,0.7678575269862762,-0.6165104651103697,False
2015-02-24, $132.17,69109410, $132.94, $133.6, $131.17,29.58801663206441,29.734911464117108,29.194072635595163,29.41663932800293,276912400,-0.6240351338069106,0.5408388285219452,-0.1713773040614796,False
2015-02-23, $133,73089250, $130.02, $133, $129.66,28.93811461207815,29.601362228393555,28.857990488247623,29.601362228393555,283896400,2.7027329290289837,0.7433717401459319,0.663247616315406,True
2015-02-20, $129.495,48878410, $128.62, $129.5, $128.05,28.62651086276628,28.822370529174805,28.499649685094425,28.822370529174805,195793600,0.8174290754082048,0.3227208440803792,0.195859666408527,True
2015-02-19, $128.45,37295460, $128.48, $129.03, $128.33,28.595355086126933,28.71776739221714,28.56197145541902,28.58867835998535,149449600,-0.2097773599703312,0.1557959367981212,-0.0066767261415812,False
2015-02-18, $128.715,44695980, $127.625, $128.78, $127.45,28.406178497331744,28.662130462538304,28.36611643583812,28.64877700805664,179566800,0.6962491842008367,0.2960140267001847,0.2425985107248962,True
2015-02-17, $127.83,63014110, $127.49, $128.88, $126.92,28.375015787666307,28.684384928549477,28.24815289166968,28.4506893157959,252609600,0.5901675383914062,0.4362320368797974,0.0756735281295917,True
2015-02-13, $127.08,53955650, $127.28, $127.28, $125.65,28.328280346900737,28.328280346900737,27.965497351910532,28.283767700195312,217088800,0.4902723160577604,0.362782994990205,-0.0445126467054244,False
2015-02-12, $126.46,74374630, $126.06, $127.48, $125.57,28.05674975412918,28.372795669606173,27.947692577307883,28.145776748657227,297898000,1.2652309663616412,0.4251030922982899,0.0890269945280479,True
2015-02-11, $124.88,73278020, $122.77, $124.92, $122.5,27.32450130228101,27.80301984182764,27.26440906617443,27.794116973876957,294247200,2.3438885997644654,0.5386107756532112,0.4696156715959461,True
2015-02-10, $122.02,61845390, $120.17, $122.15, $120.16,26.74582586117105,27.186508442480807,26.743601417936667,27.15757369995117,248034000,1.9211225991335956,0.4429070245441409,0.4117478387801192,True
2015-02-09, $119.72,37900780, $118.55, $119.84, $118.43,26.38527501352739,26.672384475729245,26.358566406277816,26.64567756652832,155559200,0.6642684519034381,0.313818069451429,0.2604025530009259,True
2015-02-06, $118.93,43633660, $120.02, $120.25, $118.45,26.71244351282826,26.76363457974789,26.363014006611284,26.469846725463867,174826400,-0.8421026458090841,0.4006205731366066,-0.2425967873643912,False
2015-02-05, $119.94,42197110, $120.02, $120.23, $119.25,26.712447061096544,26.7591875492115,26.541071497520225,26.694643020629883,168984800,0.7137483228684571,0.2181160516912754,-0.017804040466661,False
2015-02-04, $119.56,69975180, $118.5, $120.51, $118.309,26.27046806393836,26.716068881898615,26.228346097111075,26.505460739135746,280598800,0.7669866740842357,0.4877227847875396,0.2349926751973861,True
2015-02-03, $118.65,51842080, $118.5, $119.09, $117.61,26.27046066624386,26.401257928588027,26.07315523199289,26.303714752197266,207662800,0.0168547499136639,0.3281026965951383,0.0332540859534056,True
2015-02-02, $118.63,62542440, $118.05, $119.17, $116.08,26.17070219145008,26.41899577815114,25.73396933307641,26.29928207397461,250956400,1.2546832060208235,0.6850264450747297,0.1285798825245301,True
2015-01-30, $117.16,83646800, $118.4, $120, $116.85,26.248295420011285,26.603001772030364,25.904672637239905,25.973398208618164,334982000,-1.4634167167036471,0.698329134790459,-0.2748972113931209,False
2015-01-29, $118.9,84132130, $116.32, $119.19, $115.56,25.787177336812245,26.423433096590607,25.618691178673068,26.3591423034668,337745600,3.113356195710759,0.8047419179175392,0.571964966654555,True
2015-01-28, $115.31,146184300, $117.625, $118.12, $115.31,26.077591377548316,26.186221517154262,25.56326675415039,25.56326675415039,585908400,5.653290604856465,0.6229547630038716,-0.5143246233979255,False
2015-01-27, $109.14,92326640, $112.42, $112.48, $109.03,24.922577258846545,24.935879909246182,24.171042629136025,24.1954288482666,382274800,-3.501312183816341,0.7648372801101573,-0.7271484105799431,False
2015-01-26, $113.1,55457420, $113.74, $114.3626, $112.8,25.21520671810825,25.35265614411919,25.00681772616178,25.07332420349121,222460000,0.1061934260139008,0.3458384179574096,-0.1418825146170377,False
2015-01-23, $112.98,46420020, $112.3, $113.75, $111.53,24.89597581990433,25.217428072632536,24.725272282705173,25.04672622680664,185859200,0.5160329515238482,0.492155789927363,0.1507504069023113,True
2015-01-22, $112.4,53717440, $110.26, $112.47, $109.72,24.443720442092136,24.93365875835831,24.32400675479041,24.918140411376957,215185600,2.601517470704162,0.6096520035678985,0.4744199692848205,True
2015-01-21, $109.55,48482860, $108.95, $111.06, $108.27,24.153310983755837,24.621080624373143,24.00256055420087,24.286327362060547,194303600,0.7634516873110009,0.6185200701722735,0.1330163783047098,True
2015-01-20, $108.72,49742320, $107.84, $108.9667, $106.5,23.90722806464097,24.15774072566621,23.61016204884328,24.102317810058597,199599600,2.5757091666634313,0.5475786768229298,0.1950897454176257,True
2015-01-16, $105.99,78453330, $107.03, $107.58, $105.2,23.727660381621178,23.84959148289938,23.321964198866382,23.497100830078125,314053200,-0.7769749869419473,0.5276272840329987,-0.2305595515430525,False
2015-01-15, $106.82,59808470, $110, $110.06, $106.66,24.386076397794437,24.399377352772145,23.645627253574848,23.68109703063965,240056000,-2.7140701987065308,0.7537500991972976,-0.7049793671547882,False
2015-01-14, $109.8,48728190, $109.04, $110.49, $108.5,24.173263026705097,24.49471531323738,24.053549306454705,24.34174919128418,195826400,-0.3810426463335514,0.441166006782673,0.1684861645790825,True
2015-01-13, $110.22,66969980, $111.43, $112.8, $108.91,24.703103135568583,25.006821335803178,24.1444408650448,24.43485641479492,268367600,0.8878609184322706,0.862380470758378,-0.2682467207736643,False
2015-01-12, $109.25,49571170, $112.6, $112.63, $108.8,24.96248496859388,24.969135448943987,24.120057527235872,24.21981811523437,198603200,-2.4640610555916487,0.8490779217081155,-0.7426668533595091,False
2015-01-09, $112.01,53645730, $112.67, $113.25, $110.21,24.97800165194986,25.106583234710648,24.432640311803063,24.83168601989746,214798000,0.1072663947457197,0.6739429229075853,-0.1463156320523992,False
2015-01-08, $111.89,59168760, $109.23, $112.15, $108.7,24.215379598807612,24.862718808875904,24.097881603917656,24.805078506469727,237458000,3.842199840863181,0.7648372049582477,0.5896989076621146,True
2015-01-07, $107.75,39983350, $107.2, $108.2, $106.695,23.76535030250549,23.98704200939966,23.654504449058404,23.88728141784668,160423600,1.4022443715214994,0.3325375603412546,0.1219311153411908,True
2015-01-06, $106.26,65682250, $106.54, $107.43, $104.63,23.619028729260297,23.816334163580667,23.195596863475707,23.55695533752441,263188400,0.0094093129686889,0.6207373001049596,-0.0620733917358862,False
2015-01-05, $106.25,64210880, $108.29, $108.65, $105.41,24.006990190147395,24.0867993234754,23.368518814896508,23.55473899841309,257142000,-2.8171647560955693,0.7182805085788928,-0.4522511917343053,False
2015-01-02, $109.33,53143770, $111.39, $111.44, $107.35,24.69423503534699,24.70532029541843,23.79860048379208,24.237550735473636,212818400,-0.951245399566314,0.9067198116263526,-0.456684299873352,False
2014-12-31, $110.38,41304780, $112.82, $113.13, $110.21,25.01125172642441,25.079975596248364,24.43263638829107,24.47032356262207,165613600,-1.9018858056480292,0.6473392079572946,-0.540928163802338,False
2014-12-30, $112.52,29798660, $113.64, $113.92, $112.11,25.193039370946536,25.25511276331304,24.85385141167735,24.944744110107425,119526000,-1.2202834289025355,0.4012613516356893,-0.2482952608391109,False
2014-12-29, $113.91,27533430, $113.79, $114.77, $113.7,25.226297465726205,25.443554373531256,25.20634433422464,25.252901077270508,110395600,-0.0701557722312617,0.2372100393066176,0.0266036115443029,True
2014-12-26, $113.99,33681200, $112.1, $114.52, $112.01,24.85163281333604,25.388126182847177,24.831681377348115,25.2706298828125,134884000,1.7676764379322307,0.5564448054990621,0.4189970694764611,True
2014-12-24, $112.01,14479610, $112.58, $112.71, $112.01,24.9580502122318,24.986869522282326,24.83168601989746,24.83168601989746,57918400,-0.4709432480589304,0.1551835023848653,-0.1263641923343392,False
2014-12-23, $112.54,25991030, $113.23, $113.33, $112.46,25.10215031474068,25.12431914503488,24.931446769591275,24.949182510375977,104113600,-0.3541618801119695,0.1928723754436063,-0.1529678043647031,False
2014-12-22, $112.94,45097060, $112.16, $113.49, $111.97,24.86493782848625,25.159786455953792,24.82281587111668,25.037857055664062,180670000,1.0377595206977783,0.3369705848371112,0.172919227177811,True
2014-12-19, $111.78,86595830, $112.26, $113.24, $111.66,24.887105793356984,25.104362669218304,24.75409113793961,24.78069305419922,353719200,-0.7723389248507573,0.3502715312786932,-0.1064127391577649,False
2014-12-18, $112.65,58785590, $111.87, $112.65, $110.66,24.800654406175852,24.973573684692383,24.532407616249746,24.973573684692383,236024800,2.961344392965559,0.4411660684426373,0.172919278516531,True
2014-12-17, $109.41,53265930, $107.12, $109.84, $106.82,23.747616762430155,24.350616797404705,23.68110857238129,24.255290985107425,213647200,2.4918312045006275,0.6695082250234137,0.5076742226772701,True
2014-12-16, $106.745,60651790, $106.37, $110.16, $106.26,23.581342342804486,24.421553932170685,23.55695612503971,23.665584564208984,243162800,-1.3674910511910277,0.8645978071309735,0.084242221404498,True
2014-12-15, $108.225,67083260, $110.7, $111.6, $106.35,24.541273354403625,24.74079624577553,23.576914686041984,23.993696212768555,268872400,-1.366972584963877,1.1638815597335466,-0.5475771416350703,False
2014-12-12, $109.73,55873820, $110.46, $111.87, $109.58,24.488063076718035,24.800649161294523,24.29297500476759,24.326229095458984,224112400,-1.693220289599917,0.5076741565269316,-0.1618339812590505,False
2014-12-11, $111.62,41404690, $112.26, $113.8, $111.34,24.88710269126931,25.228508002155262,24.683145107587265,24.74522018432617,165606800,-0.29476689053477,0.5453628945679974,-0.1418825069431406,False
2014-12-10, $111.95,44475360, $114.41, $114.85, $111.54,25.363739422627628,25.46128258670384,24.727483855137944,24.81837654113769,178261200,-1.9015393388565391,0.7337987315658978,-0.5453628814899361,False
2014-12-09, $114.12,60112240, $110.19, $114.3, $109.35,24.42820725500621,25.339360213563022,24.241985360521905,25.299455642700195,240832000,1.5302716215096934,1.0973748530411171,0.8712483876939849,True
2014-12-08, $112.4,57445030, $114.1, $114.648, $111.62,25.29501551885156,25.41694659611432,24.745221204621007,24.918140411376957,230659600,-2.260879115387271,0.6717253914933146,-0.3768751074746035,False
2014-12-05, $115,38230970, $115.99, $116.08, $114.64,25.71401544033737,25.73396856946132,25.414732034463416,25.49454116821289,153275600,-0.4242877903988251,0.3192365349979056,-0.2194742721244793,False
2014-12-04, $115.49,42068020, $115.77, $117.2, $115.29,25.665245703608637,25.982264881744456,25.558834641665232,25.603172302246097,168178000,-0.379544353819472,0.4234302400792238,-0.062073401362543,False
2014-12-03, $115.93,42956200, $115.75, $116.35, $115.11,25.660813353802983,25.793828030753204,25.5189308062063,25.70071792602539,172253600,1.1340882613383618,0.2748972245469048,0.039904572222408,True
2014-12-02, $114.63,59205320, $113.5, $115.75, $112.75,25.162006549445675,25.66081284668138,24.99573778370044,25.412517547607425,237395600,-0.3823660608474832,0.6650750629809394,0.2505109981617508,True
2014-12-01, $115.07,83657780, $118.81, $119.25, $111.27,26.33918569501988,26.4367305670728,24.667630368568904,25.510059356689453,335256000,-3.245607568746234,1.769100198503896,-0.8291263383304255,False
2014-11-28, $118.93,24814400, $119.27, $119.4, $118.05,26.44116376662769,26.469984765149167,26.17070135990386,26.36578941345215,99257600,-0.0588226660737212,0.2992834052453084,-0.0753743531755404,False
2014-11-26, $119,40756950, $117.94, $119.1, $117.83,26.146314983016484,26.403476429706124,26.121928765049383,26.38130760192871,163073200,1.1904733163353498,0.2815476646567418,0.2349926189122264,True
2014-11-25, $117.6,68719930, $119.07, $119.75, $117.45,26.3968270427696,26.547577445816213,26.037685928971506,26.070940017700195,275361600,-0.8682444472519535,0.5098915168447071,-0.3258870250694023,False
2014-11-24, $118.625,46867340, $116.85, $118.77, $116.62,25.904671173933387,26.330318772312243,25.85368303725294,26.29928207397461,189803200,1.8545367432885485,0.476635735059304,0.3946109000412221,True
2014-11-21, $116.47,56759320, $117.51, $117.57, $116.03,26.050992234762184,26.06429319557077,25.722887773371728,25.820432662963867,228717200,0.137557127150889,0.3414054221990419,-0.2305595717983166,False
2014-11-20, $116.31,43148650, $114.91, $116.86, $114.85,25.474596550529835,25.90689473126355,25.46129389709476,25.78496360778809,173582000,1.4302236811254645,0.4456008341687898,0.3103670572582544,True
2014-11-19, $114.67,41815550, $115.44, $115.74, $113.8,25.592084513682277,25.65859099358932,25.228510344463302,25.4213809967041,167476800,-0.6928412489218605,0.4300806491260189,-0.1707035169781754,False
2014-11-18, $115.47,44163250, $113.94, $115.69, $113.89,25.259551610147568,25.647512066269996,25.248466349137583,25.59873962402344,176896000,1.2983837076182336,0.3990457171324131,0.3391880138758729,True
2014-11-17, $113.99,46687710, $114.27, $117.28, $113.3,25.33270327216116,25.999995590405263,25.11766379945273,25.2706298828125,186986800,-0.1664133230725006,0.8823317909525343,-0.0620733893486615,False
2014-11-14, $114.18,43789060, $113.15, $114.19, $113.05,25.084411539352335,25.314971067541336,24.654329179906213,25.312753677368164,176254400,1.2054200740404308,0.6606418876351228,0.2283421380158294,True
2014-11-13, $112.82,59418180, $111.8, $113.45, $111.6,24.785138055355453,25.150928085753996,24.740798691016312,25.01126289367676,238091600,1.411293939902003,0.4101293947376838,0.2261248383213079,True
2014-11-12, $111.25,46372630, $109.38, $111.43, $109.37,24.248628810325407,24.703097308317226,24.24641311191169,24.66319274902344,187769600,1.4129213513988992,0.4566841964055363,0.4145639386980342,True
2014-11-11, $109.7,27330410, $108.7, $109.75, $108.4,24.09788458667316,24.33066152381477,24.031378098470743,24.31957626342773,109769200,0.7994251083455639,0.2992834253440257,0.2216916767545704,True
2014-11-10, $108.83,27066060, $109.02, $109.33, $108.67,24.168821616041555,24.237547173913903,24.091229881062745,24.12670135498047,108782000,-0.1651662115723318,0.1463172928511582,-0.0421202610610862,False
2014-11-07, $109.01,33655280, $108.75, $109.32, $108.55,24.10897611529239,24.23534033624173,24.064638444963173,24.166616439819336,134766000,0.2852251157984931,0.1707018912785578,0.0576403245269467,True
2014-11-06, $108.7,34733740, $108.6, $108.79, $107.8,24.07571439633964,24.11783635378142,23.89836207978517,24.097883224487305,139874000,0.2860011747709778,0.2194742739962514,0.022168828147663,True
2014-11-05, $108.86,37365530, $109.1, $109.3, $108.125,24.082135358197345,24.12628327183869,23.868022608231264,24.02915954589844,149743600,0.239407497276245,0.2582606636074267,-0.0529758122989036,False
2014-11-04, $108.6,41423660, $109.36, $109.49, $107.72,24.139528045208,24.1682229274974,23.777523555087363,23.971769332885746,166297600,-0.7312632309097733,0.3906993724100367,-0.1677587123222537,False
2014-11-03, $109.4,52154490, $108.22, $110.3, $108.01,23.887890584283795,24.347018800832352,23.84153653608477,24.148357391357425,209130400,1.2962975112400077,0.505482264747581,0.2604668070736302,True
2014-10-31, $108,44550790, $108.01, $108.04, $107.21,23.841536582665057,23.848158348982032,23.664948288548825,23.83932876586914,178557200,0.9534489801044989,0.1832100604332076,-0.0022078167959165,False
2014-10-30, $106.98,40572000, $106.959, $107.35, $105.9,23.609763977741284,23.695850305526225,23.3757859262305,23.61417961120605,162619200,-0.3353889386292108,0.3200643792957258,0.0044156334647666,True
2014-10-29, $107.34,52545580, $106.65, $107.37, $106.36,23.54133978496458,23.7002689283275,23.477326564217243,23.69364547729492,210751600,0.5621291596153322,0.2229423641102563,0.1523056923303372,True
2014-10-28, $106.74,47689070, $105.4, $106.74, $105.35,23.26541766091509,23.56120109558105,23.25438026180101,23.56120109558105,192243600,1.5507448525877043,0.3068208337800406,0.2957834346659602,True
2014-10-27, $105.11,34086120, $104.85, $105.48, $104.7,23.14401502979962,23.283078860880728,23.11090451363408,23.20140647888184,136750800,-0.104566397239636,0.1721743472466492,0.0573914490822211,True
2014-10-24, $105.22,46937880, $105.18, $105.49, $104.53,23.21686316374555,23.28529034456019,23.073385350104456,23.22569274902344,188215600,0.3720465262579298,0.211904994455736,0.0088295852778905,True
2014-10-23, $104.83,70760150, $104.08, $105.051, $103.63,22.974051753065304,23.18816453028396,22.87472019778225,23.13960266113281,284298800,1.7865864018206112,0.3134443325017102,0.1655509080675052,True
2014-10-22, $102.99,68140010, $102.84, $104.11, $102.6,22.70033941790541,22.980673228423367,22.647363599535677,22.73344993591309,273052400,0.5074587874199343,0.3333096288876902,0.0331105180076782,True
2014-10-21, $102.47,93786680, $103.02, $103.02, $101.27,22.74007250141877,22.74007250141877,22.35378704059352,22.61866950988769,378495600,2.7165359138977996,0.386285460825249,-0.1214029915310774,False
2014-10-20, $99.76,75705040, $98.315, $99.96, $98.22,21.702617151406308,22.06462161634279,21.680544037021537,22.02047538757324,310069200,2.139854389894391,0.3840775793212572,0.3178582361669306,True
2014-10-17, $97.67,67723910, $97.5, $99, $96.81,21.52161669310305,21.85271848838156,21.369309328372275,21.559141159057617,272718800,1.4648180999348392,0.483409160009284,0.0375244659545686,True
2014-10-16, $96.26,72017830, $95.55, $97.72, $95.41,21.09117684828017,21.57017018872913,21.060274160771858,21.24789810180664,288618000,-1.3123050334275188,0.5098960279572715,0.1567212535264701,True
2014-10-15, $97.54,99942790, $97.97, $99.15, $95.18,21.62535909327149,21.88582586893387,21.009509640203557,21.53044319152832,403734400,-1.2253300742567697,0.8763162287303139,-0.0949159017431711,False
2014-10-14, $98.75,63287170, $100.39, $100.52, $98.57,22.159539438847197,22.18823432162009,21.757802659672496,21.797534942626957,254754400,-1.0620334762952766,0.4304316619475941,-0.3620044962202406,False
2014-10-13, $99.81,53437060, $101.33, $101.78, $99.81,22.36703452035973,22.466364403844494,22.031517028808597,22.031517028808597,214333600,-0.9133479255802102,0.434847375035897,-0.3355174915511334,False
2014-10-10, $100.73,66249770, $100.69, $102.03, $100.3,22.225766666649307,22.521550212363813,22.13968031026545,22.234596252441406,265326400,-0.2870440146130915,0.3818699020983622,0.0088295857920996,True
2014-10-09, $101.02,77283330, $101.54, $102.38, $100.61,22.4133859646651,22.59880217463452,22.20810276987272,22.298603057861328,309506000,0.2182431150636432,0.3906994047617971,-0.1147829068037715,False
2014-10-08, $100.8,57329820, $98.76, $101.11, $98.31,21.799745173689995,22.31847104232388,21.70041361326797,22.250043869018555,229618800,2.0759637618778637,0.6180574290559093,0.4502986953285592,True
2014-10-07, $98.75,42003200, $99.43, $100.12, $98.73,21.9476344911137,22.09994185645092,21.793120992996823,21.797534942626957,168376800,-0.8733034327394362,0.3068208634540958,-0.1500995484867431,False
2014-10-06, $99.62,36780620, $99.95, $100.65, $99.42,22.062411719871783,22.216926874140505,21.945422708997352,21.98957061767578,148204800,0.0,0.2715041651431527,-0.0728411021960013,False
2014-10-03, $99.62,43419580, $99.44, $100.21, $99.04,21.949838341900456,22.11980315911848,21.861544208614117,21.98957061767578,173878400,-0.2802892034467152,0.2582589505043628,0.0397322757753251,True
2014-10-02, $99.9,47697150, $99.27, $100.22, $98.04,21.91231442871939,22.1220132271262,21.640811920013505,22.05137825012207,191031200,0.7259572878357767,0.4812013071126948,0.1390638214026793,True
2014-10-01, $99.18,51400260, $100.59, $100.69, $98.7,22.203683203787584,22.225758001697383,21.78649512116611,21.89244842529297,205965200,-1.5583069838942754,0.4392628805312739,-0.3112347784946152,False
2014-09-30, $100.75,55119980, $100.81, $101.54, $100.53,22.252243851201733,22.41338077317458,22.190438462194244,22.23900032043457,221056400,0.6392515523607756,0.2229423109803363,-0.0132435307671627,False
2014-09-29, $100.11,49263260, $98.65, $100.435, $98.63,21.775467870619924,22.170582992987363,21.771052235693308,22.097740173339844,199065200,-0.6351910834990537,0.3995307572940554,0.3222723027199201,True
2014-09-26, $100.75,62276770, $98.53, $100.75, $98.4,21.748969473202987,22.23900032043457,21.72027459518395,22.23900032043457,249482000,2.94266155586822,0.5187257252506186,0.4900308472315835,True
2014-09-25, $97.87,99689300, $100.51, $100.71, $97.72,22.18602766401236,22.230173895552632,21.5701781348221,21.60328865051269,400368000,-3.8132723110573807,0.6599957607305313,-0.5827390134996691,False
2014-09-24, $101.75,59974260, $102.16, $102.85, $101.2,22.550241655779946,22.70254734483964,22.33833501313261,22.459739685058597,240687200,-0.867088812200445,0.36421233170703,-0.0905019707213483,False
2014-09-23, $102.64,63255860, $100.6, $102.94, $100.54,22.20589038236633,22.722409988529183,22.19264685125748,22.65618896484375,253608800,1.5634281066839506,0.5297631372717042,0.4502985824774193,True
2014-09-22, $101.06,52421660, $101.8, $102.14, $100.58,22.47077310492444,22.545822027677037,22.20147674150279,22.30742835998535,211153600,0.0990247559322199,0.3443452861742457,-0.1633447449390885,False
2014-09-19, $100.96,70747430, $102.29, $102.35, $100.88,22.578937696860123,22.592181231177527,22.183822643704627,22.28536033630371,283609600,-0.8154157515919191,0.4083585874729003,-0.2935773605564122,False
2014-09-18, $101.79,36971170, $101.93, $102.35, $101.56,22.499475322386168,22.592183439813223,22.41780292327881,22.46857261657715,149197600,0.2067337546892256,0.1743805165344127,-0.0309027058090194,False
2014-09-17, $101.58,60783090, $101.27, $101.8, $100.5922,22.353789459976166,22.47078019825064,22.2036898830186,22.422218322753903,243706000,0.7138736301629756,0.2670903152320392,0.0684288627777363,True
2014-09-16, $100.86,66754370, $99.8, $101.26, $98.89,22.02930850918142,22.351580746370537,21.82843926264747,22.26328659057617,267632400,-0.7576424879717769,0.5231414837230624,0.2339780813947491,True
2014-09-15, $101.63,61169670, $102.81, $103.05, $101.44,22.69371724871248,22.74669475021372,22.391312010312863,22.433250427246097,245266000,-0.0295113725882201,0.3553827399008575,-0.2604668214663874,False
2014-09-12, $101.66,62826040, $101.21, $102.19, $101.08,22.340541194467395,22.55686177113313,22.311846312327063,22.43987274169922,250504400,0.2267612331490198,0.2450154588060655,0.0993315472318236,True
2014-09-11, $101.43,62077230, $100.41, $101.44, $99.62,22.163954461305508,22.391310752580605,21.989573984485094,22.389102935791016,249412400,0.4257233365532631,0.4017367680955104,0.2251484744855076,True
2014-09-10, $101,100352500, $98.01, $101.11, $97.76,21.634195473916357,22.318472297671125,21.579011831934984,22.294191360473636,403478400,3.07175346397206,0.7394604657361405,0.6599958865572795,True
2014-09-09, $97.99,189419500, $99.08, $103.08, $96.14,21.870379441599525,22.75331763447084,21.221419330936403,21.629777908325195,759385200,-0.376164494372877,1.531898303534437,-0.2406015332743294,False
2014-09-08, $98.36,46176570, $99.3, $99.31, $98.05,21.918939668102684,21.92114580088835,21.643021503519677,21.711448669433597,185426800,-0.6163278691043494,0.2781242973686737,-0.2074909986690869,False
2014-09-05, $98.97,58280030, $98.8, $99.39, $98.31,21.80856776589229,21.938800303534777,21.70040665583919,21.846092224121097,233828000,0.8662668466828283,0.2383936476955881,0.0375244582288054,True
2014-09-04, $98.12,85537710, $98.85, $100.09, $97.79,21.81960732030009,22.09331765801492,21.585629264194733,21.658472061157227,342872000,-0.8287735041208499,0.5076883938201888,-0.1611352591428634,False
2014-09-03, $98.94,125000400, $103.1, $103.2, $98.58,22.757726454913755,22.779799567946124,21.760007262843605,21.8394718170166,501684000,-4.220715968189714,1.01979230510252,-0.918254637897153,False
2014-09-02, $103.3,53227770, $103.06, $103.74, $102.72,22.74889666907885,22.898996194053037,22.673847748627036,22.8018741607666,214256000,0.7804728444243958,0.2251484454260008,0.0529774916877521,True
2014-08-29, $102.5,44516120, $102.86, $102.9, $102.2,22.70475448459705,22.71358406811657,22.559068882631184,22.625289916992188,178380000,0.2445062571646783,0.154515185485387,-0.0794645676048624,False
2014-08-28, $102.25,68368740, $101.59, $102.78, $101.56,22.424419007903364,22.68709362477968,22.417797241775517,22.570104598999023,273840000,0.1174853200459624,0.2692963830041641,0.1456855910956598,True
2014-08-27, $102.13,46807000, $101.02, $102.57, $100.7,22.29860366880341,22.6407428975217,22.22796867963156,22.54361915588379,209476000,1.2290673608633895,0.4127742178901421,0.24501548708038,True
2014-08-26, $100.889,33079170, $101.42, $101.5, $100.86,22.386896031234336,22.40455519812908,22.26328523111285,22.269906997680664,132608000,-0.6401037386912334,0.1412699670162318,-0.116989033553672,False
2014-08-25, $101.54,40087220, $101.79, $102.17, $101.28,22.468559466005885,22.552437949241444,22.35598442697829,22.413375854492188,161080000,0.2171145781292738,0.1964535222631553,-0.0551836115136978,False
2014-08-22, $101.32,44028280, $100.29, $101.47, $100.19,22.13746231659489,22.39792908348027,22.11538920429692,22.364818572998047,176736000,0.7357063635043515,0.2825398791833535,0.2273562564031586,True
2014-08-21, $100.58,33377530, $100.57, $100.94, $100.11,22.199273048496096,22.28094543613647,22.097735360226693,22.20148086547852,133912000,0.0099322834783865,0.183210075909777,0.0022078169824233,True
2014-08-20, $100.57,52565000, $100.44, $101.09, $99.95,22.170581082194253,22.314057207589062,22.062419928740955,22.199275970458984,210796000,0.0398137144493437,0.2516372788481078,0.0286948882647308,True
2014-08-19, $100.53,69189840, $99.41, $100.68, $99.32,21.943219545822338,22.22355164656328,21.92335256321115,22.1904411315918,277596000,1.3815879137330844,0.3001990833521297,0.2472215857694628,True
2014-08-18, $99.16,47285630, $98.49, $99.37, $97.98,21.740145207880925,21.934392688345397,21.627571800689157,21.888038635253903,190288000,1.2043398601737645,0.3068208876562401,0.1478934273729777,True
2014-08-15, $97.98,48938120, $97.9, $98.19, $96.86,21.609910032677902,21.67392324612289,21.38034592779372,21.6275691986084,195804000,0.4923106919158648,0.2935773183291701,0.0176591659304961,True
2014-08-14, $97.5,28056530, $97.33, $97.57, $96.8,21.484091517340858,21.537067331295333,21.36710248965895,21.521615982055664,112464000,0.2673850251056597,0.1699648416363821,0.0375244647148065,True
2014-08-13, $97.24,31866630, $96.15, $97.24, $96.04,21.22362404763749,21.464223861694336,21.199343116154772,21.464223861694336,127664000,1.3233289454965824,0.2648807455395641,0.2405998140568463,True
2014-08-12, $95.97,33485870, $96.04, $96.88, $95.61,21.199342644798463,21.38475882573938,21.104426737677564,21.18389129638672,135180000,-0.0208483814958526,0.2803320880618152,-0.0154513484117444,False
2014-08-11, $95.99,36459430, $95.27, $96.08, $94.8355,21.02937957237272,21.208175700786736,20.93446364970657,21.188308715820312,146340000,1.3194134975247351,0.2737120510801674,0.1589291434475939,True
2014-08-08, $94.74,41783300, $94.26, $94.82, $93.28,20.80643622191381,20.9300470135884,20.590115652412532,20.91238784790039,167460000,0.2751960302995515,0.3399313611758678,0.1059516259865809,True
2014-08-07, $94.48,46553350, $94.93, $95.95, $94.1,20.954325576179546,21.17947401899756,20.77111554204035,20.854995727539062,186844000,-0.0105988166818837,0.4083584769572113,-0.0993298486404832,False
2014-08-06, $94.96,38463700, $94.75, $95.48, $94.71,20.811081720770748,20.97142113520433,20.80229583874494,20.85720634460449,154232000,-0.1681729593292047,0.1691252964593914,0.0461246238337409,True
2014-08-05, $95.12,55861030, $95.36, $95.68, $94.36,20.945055209350546,21.015340562036886,20.72541327273884,20.89234161376953,223732000,-0.491681888549722,0.2899272892980455,-0.0527135955810145,False
2014-08-04, $95.59,39860740, $96.37, $96.58, $95.17,21.16689517119777,21.213019779274923,20.903323827668935,20.99557304382324,159832000,-0.5617568990831434,0.3096959516059883,-0.1713221273745304,False
2014-08-01, $96.13,48379730, $94.9, $96.62, $94.81,20.844024722622866,21.22180920513945,20.82425607258007,21.11418342590332,194044000,0.5543705024388057,0.3975531325593806,0.2701587032804546,True
2014-07-31, $95.6,56625420, $97.16, $97.45, $95.33,21.3404206485044,21.404115363181837,20.93847532748472,20.997777938842773,227372000,-2.5980298563347493,0.4656400356971168,-0.3426427096616251,False
2014-07-30, $98.15,32978480, $98.44, $98.7, $97.67,21.621553879383,21.67865957928628,21.452428641151933,21.55785751342773,132040000,-0.2337979486827457,0.2262309381343463,-0.0636963659552698,False
2014-07-29, $98.38,42957960, $99.33, $99.44, $98.25,21.81703834375833,21.841199095692662,21.57982460244052,21.60837745666504,172572000,-0.6463635505786547,0.2613744932521413,-0.2086608870932913,False
2014-07-28, $99.02,54926940, $97.82, $99.24, $97.55,21.485384986645617,21.797276291443243,21.42608237123485,21.74895477294922,221272000,1.382230843389043,0.3711939202083947,0.2635697863036021,True
2014-07-25, $97.671,43384590, $96.85, $97.84, $96.64,21.27232626875603,21.489771368345828,21.226201652220944,21.45243263244629,173876000,0.6595752202409821,0.2635697161248842,0.1801063636902604,True
2014-07-24, $97.03,45609040, $97.035, $97.32, $96.42,21.314061742303046,21.37556123955571,21.1778830871467,21.311864852905277,182916000,-0.1646178928677244,0.1976781524090114,-0.0021968893977692,False
2014-07-23, $97.19,90937230, $95.42, $97.88, $95.17,20.95823857794484,21.498557679844417,20.90332807967372,21.34700584411621,371672000,2.6076811968229308,0.5952296001706969,0.3887672661713708,True
2014-07-22, $94.72,54297530, $94.68, $94.89, $94.12,20.79570516177664,20.84182978187445,20.67270617484916,20.80449104309082,220788000,0.8303226104051653,0.1691236070252877,0.0087858813141785,True
2014-07-21, $93.939,38792960, $94.99, $95, $93.72,20.86379225934131,20.865989148457587,20.584847668048663,20.633169174194336,156316000,-0.5189186723634776,0.2811414804089232,-0.2306230851469735,False
2014-07-18, $94.43,49838110, $93.62, $94.74, $93.02,20.56288753407086,20.808885536183457,20.43110097495544,20.74079704284668,199952000,1.4394613801713252,0.3777845612280153,0.1779095087758193,True
2014-07-17, $93.0899,57111160, $95.03, $95.279, $92.57,20.87258400866579,20.92749452186368,20.33226475988681,20.44647789001465,229192000,-1.78305758583982,0.5952297619768672,-0.4261061186511412,False
2014-07-16, $94.78,53323940, $96.97, $97.1, $94.74,21.298685440802164,21.327238298117447,20.80888303352818,20.81766891479492,213585200,-0.5665484945213795,0.5183552645892675,-0.4810165260072452,False
2014-07-15, $95.32,45187420, $96.8, $96.85, $95.03,21.261354129050684,21.272335227668304,20.87258670694014,20.936283111572266,181911600,-1.1715830538265526,0.3997485207281634,-0.3250710174784181,False
2014-07-14, $96.45,42643760, $95.86, $96.89, $95.65,21.05488883625809,21.281119898864983,21.008764202926823,21.184476852416992,171240000,1.291768455310538,0.2723556959381596,0.1295880161589018,True
2014-07-11, $95.22,33960300, $95.36, $95.89, $94.8625,20.945062109868488,21.06147210650729,20.83524110538123,20.9143123626709,136072000,0.189375440236672,0.2262310011260595,-0.0307497471975892,False
2014-07-10, $95.035,39633800, $93.76, $95.55, $93.52,20.593639098731103,20.98679856973035,20.540923800146192,20.874780654907227,158744000,-0.3668830950108948,0.445874769584158,0.2811415561761237,True
2014-07-09, $95.39,36267350, $95.44, $95.95, $94.76,20.96263148164839,21.07464768691861,20.813274865552746,20.951648712158203,145744000,0.0419304242750717,0.2613728213658639,-0.0109827694901873,False
2014-07-08, $95.35,65111960, $96.27, $96.8, $93.92,21.1449375449943,21.26134922881078,20.62877910831795,20.94286727905273,260888000,-0.6460215451510876,0.6325701204928293,-0.2020702659415683,False
2014-07-07, $95.968,54809030, $94.14, $95.99, $94.1,20.67709718345022,21.083434537249293,20.66831130260097,21.079042434692383,225872000,2.063180879797244,0.4151232346483233,0.4019452512421644,True
2014-07-03, $94.03,22891750, $93.67, $94.1, $93.2,20.573863781535906,20.668309899584816,20.47063178323416,20.65293502807617,91567200,0.5883367690833197,0.1976781163506586,0.0790712465402627,True
2014-07-02, $93.48,28414310, $93.865, $94.06, $93.09,20.617797171482003,20.659528016087037,20.446474987010877,20.532136917114254,113860000,-0.0427694907375819,0.2130530290761605,-0.0856602543677489,False
2014-07-01, $93.52,38156280, $93.52, $94.07, $93.13,20.540922164916992,20.66172595322061,20.4552619062056,20.540922164916992,152892000,0.6348784805901175,0.2064640470150109,0.0,False
2014-06-30, $92.93,49474230, $92.1, $93.725, $92.09,20.22903169476355,20.587049295016804,20.226834805141685,20.41133499145508,197929200,1.0328436910847838,0.3602144898751191,0.1823032966915327,True
2014-06-27, $91.98,61758200, $90.82, $92, $90.77,19.94788742063958,20.20706506128109,19.93690464976857,20.202672958374023,256116000,1.1881175633387198,0.2701604115125171,0.2547855377344419,True
2014-06-26, $90.9,32528680, $90.37, $91.05, $89.8,19.849049821881383,19.99840646154176,19.723853938323096,19.9654598236084,130516000,0.5976282655316245,0.2745525232186629,0.1164100017270151,True
2014-06-25, $90.36,36835900, $90.21, $90.7, $89.65,19.813902809390104,19.921526910355308,19.690903836858443,19.84684944152832,147476000,0.0885703383438851,0.230623073496865,0.0329466321382163,True
2014-06-24, $90.28,38977670, $90.75, $91.74, $90.19,19.9325186203117,20.149963808781727,19.80951959260923,19.829286575317383,156144000,-0.6055017452882949,0.3404442161724965,-0.1032320449943178,False
2014-06-23, $90.83,43611710, $91.32, $91.62, $90.6,20.05770880475593,20.1236020797538,19.89956628534952,19.950084686279297,174776000,-0.0879756992205438,0.2240357944042834,-0.1076241184766324,False
2014-06-20, $90.91,100478600, $91.85, $92.55, $90.9,20.174113669872877,20.327864047154083,19.965454478383936,19.9676513671875,403592000,-1.0341930606523886,0.3624095687701469,-0.2064623026853773,False
2014-06-19, $91.86,35476080, $92.29, $92.3, $91.3389,20.270759523301347,20.27295641241432,20.062098626689856,20.176313400268555,142112000,-0.3471674323561879,0.210857785724464,-0.0944461230327924,False
2014-06-18, $92.18,33314720, $92.27, $92.29, $91.35,20.2663699910368,20.270763770183265,20.064299719428927,20.24660301208496,134056000,0.1085958495354866,0.206464050754338,-0.0197669789518393,False
2014-06-17, $92.08,29684620, $92.31, $92.7, $91.8,20.2751566244831,20.36081688791833,20.16314038813599,20.224639892578125,118904000,-0.1301548266964824,0.1976764997823394,-0.0505167319049739,False
2014-06-16, $92.2,35371460, $91.51, $92.75, $91.45,20.09944565932777,20.371801348309344,20.08626599604405,20.25099754333496,142244000,1.0079239622322822,0.2855353522652919,0.1515518840071905,True
2014-06-13, $91.28,54406640, $92.2, $92.44, $90.88,20.25098989727332,20.303705179032864,19.961062550537125,20.04891967773437,218100000,-1.0943744727818006,0.3426426284957387,-0.2020702195389496,False
2014-06-12, $92.29,54628650, $94.04, $94.12, $91.9,20.65513112386138,20.672702883692263,20.18509744066441,20.2707576751709,218996000,-1.6727188416609806,0.4876054430278529,-0.3843734486904822,False
2014-06-11, $93.86,45528740, $94.13, $94.76, $93.47,20.674901282486456,20.81327681780668,20.52993843088373,20.615598678588867,182724000,-0.4137957595309549,0.2833383869229529,-0.0593026038975885,False
2014-06-10, $94.25,62563070, $94.73, $95.05, $93.57,20.80668851602928,20.876973892778867,20.55190297797729,20.70125961303711,251108000,0.5869646290187935,0.3250709148015787,-0.1054289029921697,False
2014-06-09, $93.7,75295450, $92.7, $93.88, $91.75,20.36081754280531,20.61999523110182,20.15215826377448,20.58045959472656,301660000,1.600156457315216,0.4678369673273401,0.2196420519212445,True
2014-06-06, $92.2243,87403076, $92.8428, $93.0371, $92.0671,20.39219196338809,20.43486624523424,20.22181322576047,20.25632667541504,349938400,-0.274972411674157,0.2130530194737687,-0.1358652879730506,False
2014-06-05, $92.4785,75796583, $92.3143, $92.7671, $91.8014,20.276095950444656,20.375562589309023,20.163451326708596,20.312179565429688,303805600,0.3923428891516201,0.2121112626004269,0.0360836149850314,True
2014-06-04, $92.1171,83735285, $91.0628, $92.5557, $90.8728,20.001232714654048,20.329127297236955,19.95950018938398,20.232797622680664,335482000,1.141918877564252,0.369627107852974,0.2315649080266162,True
2014-06-03, $91.0771,73043412, $89.78, $91.2485, $89.75,19.719457163374585,20.042017787227653,19.712868171936165,20.004364013671875,292709200,1.4141543458734862,0.3291496152914881,0.2849068502972898,True
2014-06-02, $89.8071,92179668, $90.5657, $90.69, $88.9285,19.89203117149841,19.919328896032297,19.532445234028803,19.72541618347168,369350800,-0.6872228200652253,0.3868836620034948,-0.1666149880267298,False
2014-05-30, $90.4285,140860202, $91.14, $92.0243, $89.8428,20.01817074733195,20.212396857714367,19.733263892052992,19.86191177368164,564020800,-0.3746178313572046,0.4791329656613747,-0.1562589736503099,False
2014-05-29, $90.7685,93737728, $89.6928, $90.9814, $89.6814,19.700325735377596,19.983350861596055,19.69781548268318,19.93659782409668,376474000,1.8221083085228071,0.2855353789128756,0.2362720887190832,True
2014-05-28, $89.1443,78793704, $89.4314, $89.9757, $89.1114,19.642900065582907,19.76244872568526,19.572614683394924,19.579832077026367,315481600,-0.2589068644568426,0.1898340422903359,-0.0630679885565399,False
2014-05-27, $89.3757,86840486, $87.9828, $89.4085, $87.9471,19.324726612777507,19.637872911497222,19.31688249665298,19.63065719604492,348866000,1.8725447731233524,0.3209904148442426,0.3059305832674113,True
2014-05-23, $87.7328,57918367, $86.75, $87.8184, $86.6385,19.053944532898942,19.28864805605904,19.02947041497981,19.269821166992188,232209600,1.1296300281729232,0.2591776410792299,0.2158766340932452,True
2014-05-22, $86.7528,50142667, $86.6571, $87.1214, $86.3,19.033552859682995,19.135529767305908,18.95510998690777,19.054574966430664,200760000,0.1583270112478052,0.180419780398136,0.0210221067476688,True
2014-05-21, $86.6157,49184983, $86.2614, $86.6714, $86.0085,18.946637967211625,19.03669034061804,18.891100726856656,19.02445411682129,196859600,0.2645966700144164,0.1455896137613841,0.0778161496096636,True
2014-05-20, $86.3871,58232373, $86.3585, $86.6285, $85.8185,18.96797325564661,19.027275868840796,18.849366353522477,18.9742488861084,234836000,0.0198672933175547,0.1779095153183192,0.0062756304617899,True
2014-05-19, $86.37,78819884, $85.4071, $86.7614, $85.3328,18.758995447480576,19.056453572877757,18.74267881132696,18.97047996520996,317755200,1.184940751436403,0.3137747615507962,0.2114845177293851,True
2014-05-16, $85.3585,68960136, $84.09, $85.3614, $83.6285,18.469690590822704,18.748950165470102,18.368342133438173,18.74832344055176,276256400,1.4757753751612368,0.3806080320319296,0.2786328497290569,True
2014-05-15, $84.1171,57427744, $84.9571, $85.2285, $84.0057,18.660164359044,18.71978034650656,18.45119001306619,18.475664138793945,230846000,-0.8503380471181932,0.2685903334403718,-0.1845002202500545,False
2014-05-14, $84.8385,41505203, $84.6328, $85.3428, $84.5343,18.588934261157952,18.744879913656728,18.567283754175605,18.634117126464844,166404000,0.0185404480195439,0.1775961594811228,0.0451828653068915,True
2014-05-13, $84.8228,39854512, $84.5714, $84.9343, $84.3857,18.575439050162363,18.655137037074137,18.53464996901393,18.63066291809082,159737200,0.1568720498692721,0.120487068060207,0.0552238679284577,True
2014-05-12, $84.69,53184042, $83.9271, $84.8085, $83.9143,18.433927269201583,18.627524997578345,18.43110197906012,18.601482391357425,213208800,1.2449898049427863,0.1964230185182245,0.1675551221558429,True
2014-05-09, $83.6489,72767192, $83.5057, $83.75, $82.9043,18.34136545412967,18.395020837996327,18.20926552703661,18.372743606567383,291597600,-0.4166583961479286,0.1857553109597169,0.0313781524377141,True
2014-05-08, $83.9985,57243511, $84.0357, $84.9157, $83.7714,18.45777295917314,18.65105900045503,18.39972547972033,18.449615478515625,230297200,-0.1782628321066237,0.2513335207347005,-0.0081574806575162,False
2014-05-07, $84.6185,70532231, $85.0357, $85.3271, $83.9614,18.573676644839093,18.637330867669696,18.33902856215009,18.482563018798828,282864400,-0.34992034830994,0.2983023055196057,-0.0911136260402649,False
2014-05-06, $84.9157,93468228, $85.9714, $86.3442, $84.9157,18.778054667380136,18.859494666135024,18.54746437072754,18.54746437072754,374564400,-1.0898793992247024,0.3120302954074851,-0.230590296652597,False
2014-05-05, $85.8514,71523851, $84.3057, $85.8571, $84.2857,18.414220266737377,18.75308659722855,18.409850894286333,18.7518367767334,287067200,1.4141025075002922,0.3432357029422164,0.3376165099960211,True
2014-05-02, $84.6543,47673150, $84.62, $84.8857, $84.2443,18.482876812782333,18.540915174303244,18.400811889402902,18.49036407470703,191514400,0.1859495014769452,0.1401032849003414,0.0074872619246981,True
2014-05-01, $84.4971,60958860, $84.5714, $84.9714, $83.7657,18.47226949824892,18.559638676007985,18.29628465424227,18.45604515075684,244048000,0.2355819486342225,0.2633540217657142,-0.0162243474920806,False
2014-04-30, $84.2985,114029614, $84.6628, $85.6328, $84.2571,18.492236840790397,18.70410651933555,18.40361952314312,18.41266822814941,456640800,-0.3781661156968652,0.3004869961924292,-0.0795686126409869,False
2014-04-29, $84.6185,84049445, $84.82, $85.14, $84.2157,18.52656005506181,18.59645505134916,18.394570612701013,18.482563018798828,337377600,-0.2962348815106819,0.2018844386481468,-0.0439970362629829,False
2014-04-28, $84.87,167001640, $81.8285, $85.1071, $81.7928,17.87316272851693,18.589275067658686,17.865360513698146,18.537477493286133,669485600,3.872778363459606,0.7239145539605403,0.6643147647692018,True
2014-04-25, $81.7057,97435199, $80.6471, $81.7128, $80.5657,17.61511187588451,17.847886845359504,17.59732775823238,17.846328735351562,390275200,0.7344105836946557,0.2505590871271224,0.2312168594670538,True
2014-04-24, $81.11,189588407, $81.1728, $81.4285, $80.1043,17.729948653517987,17.785802340571937,17.496548665190378,17.716218948364258,759911600,8.19821177790596,0.2892536753815591,-0.0137297051537288,False
2014-04-23, $74.9643,93473618, $75.58, $75.8757, $74.9214,16.50834134883415,16.57293210730182,16.364493596984623,16.373855590820312,394940000,-1.307138221598092,0.2084385103171975,-0.1344857580138381,False
2014-04-22, $75.957,50607747, $75.4728, $75.9751, $75.2144,16.48493934935819,16.594775309675878,16.428462425458893,16.59071922302246,202563200,0.0997854457558844,0.1663128842169854,0.1057798736642716,True
2014-04-21, $75.8814,45546494, $75.0485, $76.02, $74.8514,16.392264960788374,16.60444627329111,16.34920445425739,16.574180603027344,182548800,1.186833947349486,0.2552418190337207,0.1819156422389696,True
2014-04-17, $74.9914,70978621, $74.2857, $75.3943, $74.1714,16.225636900857925,16.467773874787323,16.200673810835955,16.379779815673828,284334400,1.1425544927862852,0.2671000639513678,0.1541429148159032,True
2014-04-16, $74.1443,52515794, $74.0071, $74.4414, $73.4479,16.164790310001845,16.259648383845633,16.042786126098587,16.194746017456055,214765600,0.2027135313317885,0.2168622577470458,0.02995570745421,True
2014-04-15, $73.9942,66461884, $74.3243, $74.52, $73.0471,16.23406316618569,16.276810376935348,15.95510645384078,16.161983489990234,266490000,-0.7131028533605144,0.3217039230945673,-0.0720796761954538,False
2014-04-14, $74.5257,51252748, $74.5571, $74.5943, $73.8871,16.28492683842322,16.293039011176013,16.13858444179119,16.27806282043457,205674000,0.3983988286843765,0.1544545693848249,-0.0068640179886507,False
2014-04-11, $74.23,67920698, $74.1428, $74.69, $73.8771,16.19443294578185,16.313942488758123,16.136396261454294,16.213468551635742,271717600,-0.7393061990882632,0.1775462273038286,0.0190356058538938,True
2014-04-10, $74.7828,59701814, $75.8114, $76.0343, $74.7385,16.558889712921015,16.60756774990634,16.324554899360585,16.334228515625,239652000,-1.2897807656247815,0.2830128505457558,-0.2246611972960153,False
2014-04-09, $75.76,51357706, $74.6628, $75.7843, $74.5743,16.308016305775794,16.552961253897013,16.288670740813078,16.547657012939453,206169600,1.3143706092568763,0.2642905130839352,0.2396407071636588,True
2014-04-08, $74.7771,60880929, $75.0271, $75.16, $74.1,16.3875866345605,16.41660581825584,16.18507725933318,16.33298110961914,243888400,-0.0057218418819227,0.2315285589226583,-0.0546055249413583,False
2014-04-07, $74.7814,72146992, $75.4314, $75.8428, $74.5557,16.475890406274807,16.56575588770944,16.284616094250243,16.33391571044922,289850400,-1.570053820137873,0.2811397934591966,-0.1419746958255885,False
2014-04-04, $75.9743,68615246, $77.1157, $77.1428, $75.7971,16.843771908802566,16.849699392946068,16.555766502686925,16.594457626342773,275251200,-1.2936364770883668,0.2939328902591427,-0.2493142824597924,False
2014-04-03, $76.97,40472773, $77.3414, $77.5, $76.8057,16.893071423062114,16.92770645753846,16.776059865333785,16.81194305419922,162344000,-0.6930071734298049,0.1516465922046741,-0.0811283688628954,False
2014-04-02, $77.5071,44803807, $77.4828, $77.64, $77.18,16.923959829735267,16.958283237831193,16.857809322002304,16.929264068603516,180420800,0.1661308220693769,0.1004739158288892,0.0053042388682484,True
2014-04-01, $77.3785,50069657, $76.8228, $77.41, $76.6814,16.77980504086826,16.908051672707057,16.74891446517996,16.901185989379883,200760000,0.9147837249697144,0.1591372075270953,0.1213809485116215,True
2014-03-31, $76.6771,41787976, $77.0328, $77.2585, $76.5614,16.825673742707743,16.874975010764288,16.72270183276182,16.74797821044922,168669200,-0.0223051552462716,0.1522731780024671,-0.0776955322585237,False
2014-03-28, $76.6943,49703046, $76.9028, $76.9914, $76.3214,16.79727149395409,16.816617047632953,16.670274741407564,16.7517147064209,200564000,-0.1116514681764324,0.1463423062253888,-0.0455567875331901,False
2014-03-27, $76.78,55330425, $77.145, $77.3571, $76.4457,16.850319347231327,16.89650105084466,16.697424629715243,16.77043914794922,222031600,-0.4298850087894212,0.1990764211294156,-0.0798801992821083,False
2014-03-26, $77.1114,74394902, $78.0743, $78.4285, $76.98,17.053153987550743,17.130537940954863,16.814138107180508,16.842844009399414,299768000,-0.9559618884910416,0.316399833774355,-0.2103099781513293,False
2014-03-25, $77.8557,70284361, $77.3571, $77.9643, $77.0843,16.896511473275137,17.029124184233485,16.836911659160545,17.005409240722656,282293200,1.0757361853056535,0.1922125250729394,0.1088977674475195,True
2014-03-24, $77.0271,88674487, $76.9171, $77.2143, $76.4371,16.80039628343669,16.865298638445143,16.695552992159914,16.82442283630371,355700800,1.1859883417809414,0.1697456462852287,0.0240265528670207,True
2014-03-21, $76.1243,93431688, $75.99, $76.25, $75.19,16.59789506974377,16.654685282882074,16.42315838794434,16.627225875854492,374046400,0.7887402758741002,0.2315268949377333,0.0293308061107211,True
2014-03-20, $75.5285,52017415, $75.6985, $76.0957, $75.3357,16.534237902941733,16.620983817438457,16.45498258273303,16.497106552124023,208398400,-0.4818599779038646,0.1660012347054262,-0.0371313508177095,False
2014-03-19, $75.8943,56077605, $76.0371, $76.6057, $75.5714,16.608188267125556,16.732375470255672,16.506464511497473,16.576984405517578,224756000,-0.0263533103542323,0.2259109587581989,-0.0312038616079775,False
2014-03-18, $75.9143,52279152, $75.1285, $75.9957, $75.0286,16.409737047468123,16.59913992792057,16.387895174884672,16.58135414123535,209647200,0.8846754926878031,0.2112447530358991,0.1716170937672281,True
2014-03-17, $75.2485,49725201, $75.3857, $75.71, $75.1214,16.465905038248824,16.536734900958045,16.40817830019805,16.435949325561523,199544800,0.3907203395112635,0.1285566007599961,-0.0299557126873004,False
2014-03-14, $74.9557,59166181, $75.5414, $75.8414, $74.7143,16.499912335328844,16.565439612358077,16.319246556906485,16.371980667114258,237199200,-1.1231594574719228,0.2461930554515916,-0.1279316682145861,False
2014-03-13, $75.8071,64314038, $76.7771, $77.0943, $75.5943,16.76982254939367,16.839092632621874,16.511459536891255,16.557952880859375,257742800,-1.110639638166977,0.3276330957306186,-0.2118696685342946,False
2014-03-12, $76.6585,49819071, $76.3585, $76.7643, $76,16.678391867282624,16.767007485425143,16.600071438580734,16.74391746520996,199326400,0.0969654843240075,0.166936046844409,0.065525597927337,True
2014-03-11, $76.5843,69791288, $76.4928, $76.9628, $76.0843,16.70772856397573,16.810385536988353,16.618486337529863,16.727697372436523,279224400,0.9737779505806898,0.19189919945849,0.019968808460792,True
2014-03-10, $75.8457,44638950, $75.48, $76.19, $75.477,16.486497412217393,16.64157687099116,16.485872501706652,16.566377639770508,178584000,0.0905078638934187,0.155704369284507,0.0798802275531151,True
2014-03-07, $75.7771,55164427, $75.87, $75.9971, $75.15,16.571679416129278,16.59945043509736,16.41441529359369,16.5513973236084,220729600,-0.0584375521506808,0.1850351415036684,-0.0202820925208797,False
2014-03-06, $75.8214,46363282, $76.1128, $76.3485, $75.4428,16.624729441776175,16.67621541296069,16.478387034426298,16.56107521057129,185488800,-0.3024189265701138,0.1978283785343926,-0.063654231204886,False
2014-03-05, $76.0514,50000910, $75.8457, $76.3928, $75.59,16.566379056084564,16.685885285947816,16.510523716645174,16.611310958862305,200062800,0.2108670275470014,0.1753615693026411,0.0449319027777406,True
2014-03-04, $75.8914,64772440, $75.8571, $76.0914, $75.3957,16.56886962863698,16.620042287197386,16.46808242131667,16.576356887817383,259140000,0.659369347832528,0.1519598658807162,0.0074872591804044,True
2014-03-03, $75.3943,59671581, $74.7743, $75.8071, $74.6871,16.33235117736869,16.557950514774912,16.31331723833934,16.4677734375,238781200,0.2888375988356451,0.2446332764355716,0.1354222601313104,True
2014-02-28, $75.1771,92930208, $75.5828, $76.1071, $74.5885,16.508960941155475,16.623477864273323,16.291787062059324,16.420345306396484,371968800,-0.2710027728145547,0.3316908022139984,-0.088615634758991,False
2014-02-27, $75.3814,75444623, $73.8771, $75.54, $73.7214,16.136396232680525,16.49960085763736,16.10238443938759,16.4649658203125,301882000,1.9947643756359712,0.3972164182497728,0.3285695876319749,True
2014-02-26, $73.9071,69024270, $74.8014, $75, $73.6571,16.33828401761201,16.381656145347907,16.088346444847538,16.14295196533203,276217200,-0.9021956162610922,0.2933097005003695,-0.1953320522799799,False
2014-02-25, $74.58,57961606, $75.6257, $75.6521, $74.4285,16.518326214266146,16.524253699371606,16.256843632633363,16.289918899536133,231952000,-1.0406330167013866,0.2674100667382433,-0.2284073147300134,False
2014-02-24, $75.3643,72208942, $74.7357, $75.7028, $74.6314,16.32392779197937,16.53517252506289,16.301149388977603,16.461219787597656,288909600,0.4378668407660102,0.2340231360852875,0.1372919956182876,True
2014-02-21, $75.0357,69688045, $76.1133, $76.3671, $74.9428,16.624727120206117,16.680269170307884,16.36917369832473,16.389455795288086,278784800,-1.1108122767301554,0.3110954719831547,-0.2352713249180311,False
2014-02-20, $75.8785,76457383, $76.1414, $76.7143, $75.5714,16.63097035743962,16.75609579973719,16.50646982578933,16.573556900024414,305858000,-1.157492378916658,0.2496259739478574,-0.0574134574152047,False
2014-02-19, $76.7671,78415914, $77.8214, $78.1271, $76.3357,16.997919811271945,17.064695264400605,16.673407873336547,16.767641067504883,313768000,-1.5787572201754865,0.3912873910640577,-0.2302787437670623,False
2014-02-18, $77.9985,65048101, $78, $78.7414, $77.9443,17.036919364334608,17.198862831677868,17.024749441078715,17.03660774230957,260251600,0.367666516581111,0.1741133905991532,-0.0003116220250376,False
2014-02-14, $77.7128,68395257, $77.4957, $77.9971, $77.3157,16.926771091418527,17.03629539678647,16.887456725095106,16.974199295043945,272924400,-0.0808616469795131,0.1488386716913652,0.0474282036254187,True
2014-02-13, $77.7757,76790093, $76.38, $77.8357, $76.3143,16.683079609074813,17.001040812806117,16.668726661297317,16.98793601989746,307398000,1.5879716420518442,0.3323141515088004,0.3048564108226479,True
2014-02-12, $76.56,76994423, $76.7071, $77.08, $76.1771,16.754529613306932,16.835969604133805,16.638766210005155,16.722389221191406,308100800,-0.0074703441593215,0.1972033941286497,-0.0321403921155258,False
2014-02-11, $76.5657,70489461, $75.8014, $76.8214, $75.6428,16.556700806373673,16.77949052549612,16.522064106531797,16.7236385345459,282256800,1.317578732560043,0.2574264189643216,0.1669377281722255,True
2014-02-10, $75.57,86342646, $74.0943, $75.9985, $74,16.18382803456059,16.599766862648554,16.1632343140829,16.50615692138672,345559200,1.7914944505628585,0.4365325485656548,0.3223288868261278,True
2014-02-07, $74.24,93444918, $74.4828, $74.7042, $73.9114,16.26870011511132,16.317064860285782,16.1438879770113,16.215654373168945,370280400,1.3990191754327697,0.1731768832744826,-0.0530457419423733,False
2014-02-06, $73.2157,64415139, $72.8657, $73.3571, $72.5443,15.91547691099221,16.0228165242719,15.845268641743973,15.991924285888672,257765200,0.5828965118462204,0.1775478825279268,0.0764473748964622,True
2014-02-05, $73.2271,82072855, $72.3657, $73.6114, $72.3217,15.71221301488015,15.982684973813257,15.702596962983346,15.899248123168944,328344800,0.7468707052909807,0.2800880108299104,0.1870351082887928,True
2014-02-04, $72.6843,94166758, $72.2643, $72.78, $71.8228,15.690190618545854,15.802164207270817,15.594346487679566,15.781381607055664,376681200,1.4475172391427371,0.2078177195912509,0.0911909885098101,True
2014-02-03, $71.6471,100347900, $71.8014, $72.5328, $71.3286,15.589702547949043,15.748512435327594,15.48703519424144,15.55620288848877,401464000,0.1858108855095963,0.2614772410861548,-0.0334996594602738,False
2014-01-31, $71.5143,116191705, $70.74, $71.6471, $70.5071,15.359236913383832,15.556197884967762,15.308678500807714,15.527351379394531,464797200,0.1640608947187649,0.2475193841600482,0.1681144660106994,True
2014-01-30, $71.3974,169602001, $71.7914, $72.3571, $70.9571,15.587527357822514,15.710357758403198,15.40638606134378,15.50191879272461,678501600,-0.1937065867116394,0.3039716970594188,-0.085608565097905,False
2014-01-29, $71.5357,125679438, $71.9928, $72.4814, $71.2314,15.631261876906173,15.737341618353549,15.465938625775111,15.532005310058594,502810000,-1.135265316320644,0.2714029925784373,-0.0992565668475791,False
2014-01-28, $72.3571,266302550, $72.68, $73.5714, $71.7243,15.78045822018634,15.974006817519308,15.572950190550287,15.710359573364258,1065523200,-7.992720070096082,0.4010566269690212,-0.0700986468220818,False
2014-01-27, $78.6428,135926881, $78.5814, $79.2571, $77.9643,17.06179006487016,17.208502417815513,16.927794759285128,17.07512664794922,554878800,0.8112843797014602,0.2807076585303854,0.0133365830790594,True
2014-01-24, $78.01,107943182, $79.1428, $79.3743, $77.8214,17.18368079790476,17.233929430979746,16.89676961751795,16.937713623046875,429354800,-1.8177488147964604,0.3371598134617954,-0.2459671748578848,False
2014-01-23, $79.4543,100803600, $78.5628, $79.5, $77.8295,17.05775040124644,17.26122472353218,16.89863084073907,17.251298904418945,403239200,0.8467441293377176,0.3625938827931101,0.1935485031725043,True
2014-01-22, $78.7871,94941728, $78.7021, $79.6128, $78.2585,17.08784012099154,17.285730370660524,16.991686219062174,17.1064510345459,379985200,0.4443595776920883,0.2940441515983494,0.0186109135543581,True
2014-01-21, $78.4385,81897015, $77.2843, $78.5814, $77.2028,16.780151091755037,17.061789704426307,16.762471132967843,17.030773162841797,328526800,1.553620734384098,0.2993185714584641,0.2506220710867595,True
2014-01-17, $77.2385,106660852, $78.7828, $78.8671, $77.1285,17.105527156766286,17.123826653620345,16.746343830762626,16.770227432250977,426739600,-2.4501437713983165,0.3774828228577185,-0.3352997245153091,False
2014-01-16, $79.1785,57313035, $79.2714, $79.55, $78.8114,17.211603903323034,17.272088144420064,17.111726138343318,17.191442489624023,229278000,-0.5579863373611271,0.1603620060767454,-0.0201614136990109,False
2014-01-15, $79.6228,97888589, $79.0743, $80.0285, $78.8085,17.16880008139063,17.375996671088593,17.11110706231483,17.287906646728516,391638800,2.00775560568498,0.264889608773764,0.1191065653378871,True
2014-01-14, $78.0557,83082535, $76.8885, $78.1043, $76.8085,16.69422626898022,16.958184820332526,16.6768560847931,16.94763946533203,332561600,1.9898095634916624,0.2813287355394251,0.2534131963518113,True
2014-01-13, $76.5328,94612448, $75.7014, $77.5, $75.6971,16.436471250068163,16.82698068498497,16.43554029036466,16.616992950439453,378492800,0.5234967784813582,0.3914403946203109,0.1805217003712904,True
2014-01-10, $76.1343,76235553, $77.1185, $77.2571, $75.8728,16.74416649974745,16.774253731516367,16.473694494640075,16.53045654296875,304976000,-0.667293910640776,0.3005592368762926,-0.2137099567787004,False
2014-01-09, $76.6455,69762819, $78.1143, $78.1228, $76.4786,16.960363113067157,16.96222503339305,16.605213406492265,16.641504287719727,279148800,-1.2770033266197522,0.3570116269007855,-0.31885882534743,False
2014-01-08, $77.6371,64158428, $76.9728, $77.9371, $76.9557,16.71253318844471,16.921901481970018,16.708812660976314,16.856765747070312,258529600,0.6333394024421457,0.213088820993704,0.1442325586256032,True
2014-01-07, $77.1482,80172914, $77.76, $77.9943, $76.8464,16.88343162069031,16.93429978495346,16.684920216469802,16.75067710876465,317209200,-0.7151820599088365,0.2493795684836577,-0.1327545119256612,False
2014-01-06, $77.7043,103132361, $76.7785, $78.1143, $76.2285,16.67034498675292,16.960357198006893,16.55092702458093,16.871337890625,412610800,0.5452818304901186,0.4094301734259638,0.2009929038720805,True
2014-01-03, $77.2828,98046999, $78.98, $79.1, $77.2043,17.148328361425026,17.174381989987175,16.762780047147636,16.77984046936035,392467600,-2.1965851674248027,0.411601942839539,-0.3684878920646746,False
2014-01-02, $79.0185,58661530, $79.3828, $79.5757, $78.8601,17.235797200404985,17.2776705233424,17.12227308585688,17.156702041625977,234684800,-1.4063784819675074,0.1553974374855222,-0.0790951587790083,False
2013-12-31, $80.1457,55761100, $79.1671, $80.1828, $79.1428,17.188962752672296,17.409495941034454,17.183688416328806,17.401432037353516,223084400,1.1722114926539628,0.2258075247056474,0.2124692846812195,True
2013-12-30, $79.2171,63265305, $79.6371, $80.0128, $78.903,17.291006500401537,17.372581447721213,17.13157547583493,17.199813842773438,253629600,-0.9944845522228408,0.2410059718862847,-0.091192657628099,False
2013-12-27, $80.0128,56385717, $80.5457, $80.63, $79.9285,17.488277269462653,17.506576760676282,17.354281990719965,17.372581481933594,225884400,-0.6756562973851743,0.1522947699563168,-0.1156957875290594,False
2013-12-26, $80.5571,50906710, $81.1571, $81.3571, $80.4823,17.621031992785753,17.66445746276453,17.474629435596192,17.490758895874023,204008000,-0.6641602503253297,0.189828027168339,-0.1302730969117291,False
2013-12-24, $81.0957,41888748, $81.4128, $81.6971, $80.8614,17.676560185350503,17.738285170710427,17.556832399218273,17.607702255249023,167554800,-0.4244483546666733,0.1814527714921538,-0.0688579301014797,False
2013-12-23, $81.4414,125072328, $81.1428, $81.5314, $80.3943,17.617928816982342,17.702296642470518,17.455398460900625,17.682756423950195,501306400,3.8377436027246192,0.2468981815698931,0.064827606967853,True
2013-12-20, $78.4314,108738663, $77.9185, $78.8014, $77.831,16.917866256714927,17.10955455336894,16.89894557260025,17.029218673706055,436413600,0.8375026061484547,0.2106089807686899,0.1113524169911279,True
2013-12-19, $77.78,79939814, $78.5, $78.5714, $77.6757,17.04411147175319,17.05961974411602,16.86514017776126,16.88778305053711,320308800,-1.1456374481908616,0.1944795663547616,-0.1563284212160809,False
2013-12-18, $78.6814,141217062, $78.5285, $78.7785, $76.9714,17.050309778539617,17.104590371342905,16.71221894510561,17.083498001098633,565863200,-0.7603737006386169,0.3923714262372932,0.0331882225590156,True
2013-12-17, $79.2843,57137328, $79.4014, $79.92, $79.0535,17.239825796325793,17.35241892893499,17.164452835801278,17.214391708374023,229902400,-0.4502917068299195,0.1879660931337134,-0.0254340879517691,False
2013-12-16, $79.6428,70547981, $79.2885, $80.377, $79.2871,17.215335452428167,17.45168844174277,17.2150256844212,17.29225730895996,282592800,0.5537590968252237,0.2366627573215716,0.0769218565317935,True
2013-12-13, $79.2043,82974455, $80.4071, $80.4114, $79.0957,17.458194658948937,17.459125619099645,17.17345503036294,17.1970272064209,332822000,-1.0900049421017188,0.2856705887367035,-0.2611674525280385,False
2013-12-12, $80.0771,65465763, $80.306, $80.7628, $80.0043,17.436170480668075,17.535425395824955,17.37072332884503,17.38654136657715,262290000,-0.1460418997409007,0.1647020669799239,-0.0496291140909264,False
2013-12-11, $80.1943,89783987, $81, $81.5671, $79.9557,17.58690939923748,17.710049530305874,17.3601726654425,17.411970138549805,359718800,-0.7409131796800916,0.3498768648633721,-0.174939260687676,False
2013-12-10, $80.7928,69101620, $80.5114, $81.1257, $80.1714,17.480836906432994,17.61421268012462,17.407014419541355,17.541940689086914,278269600,-0.1553303282683105,0.2071982605832651,0.0611037826539195,True
2013-12-09, $80.9185,79945274, $80.1286, $81.3685, $80.1286,17.397704171828234,17.66693543176082,17.397704171828234,17.569231033325195,320493600,1.14455741733841,0.2692312599325852,0.1715268614969609,True
2013-12-06, $80.0028,85919076, $80.8271, $80.9643, $79.9385,17.549387955576336,17.579165432150912,17.35646051973219,17.37041664123535,344352400,-1.387521842957662,0.2227049124187203,-0.1789713143409841,False
2013-12-05, $81.1287,111600823, $81.8071, $82.1622, $80.9157,17.762159701497236,17.8393929215986,17.56861117134402,17.614826202392578,447580000,0.5132407895660496,0.2707817502545779,-0.1473334991046577,False
2013-12-04, $80.7143,94279248, $80.7857, $81.3128, $80.1171,17.540389633985253,17.654844716374203,17.395227777314254,17.52488136291504,377809600,-0.2330841101808367,0.2596169390599492,-0.0155082710702139,False
2013-12-03, $80.9031,112338274, $79.7571, $80.9114, $79.6685,17.31706434221711,17.567686428925164,17.29783388645457,17.565824508666992,450968000,2.737502254813262,0.2698525424705948,0.2487601664498804,True
2013-12-02, $78.7471,117918255, $79.7143, $80.6185, $78.6885,17.307760437628968,17.504100268404525,17.085055549847993,17.0977725982666,472544800,-0.870354982747723,0.4190447185565311,-0.2099878393623662,False
2013-11-29, $79.4385,79532274, $78.4971, $79.7614, $78.2585,17.04348516289187,17.317989094584547,16.9916860297933,17.24789047241211,318127600,1.8517523600671604,0.3263030647912472,0.20440530952024,True
2013-11-27, $77.9943,90644497, $76.6157, $78, $76.2,16.634990413128726,16.93554973374886,16.544728692672653,16.934309005737305,363448400,2.3547416476447314,0.3908210410762081,0.2993185926085786,True
2013-11-26, $76.2,99957720, $74.8743, $76.5914, $74.8571,16.256881328266626,16.62971252465814,16.25316080190996,16.544723510742188,401382800,1.844428883606963,0.3765517227481787,0.2878421824755612,True
2013-11-25, $74.82,57270811, $74.4314, $75.1243, $74.4285,16.160726482374717,16.31116097075591,16.16010694685536,16.245094299316406,229311600,0.7579404282885616,0.1510540239005493,0.0843678169416897,True
2013-11-22, $74.2571,55833466, $74.2171, $74.5943, $74.0757,16.114207282994688,16.19609368170464,16.08350050467077,16.122892379760742,223725600,-0.2571025630254686,0.1125931770338688,0.0086850967660545,True
2013-11-21, $74.448,65382638, $73.9428, $74.4585, $73.3814,16.054649675713513,16.16662328685719,15.932751898874203,16.164451599121094,262026800,1.192211731119852,0.2338713879829885,0.1098019234075806,True
2013-11-20, $73.5714,48459468, $74.1757, $74.3457, $73.4757,16.10521169932425,16.14212377306027,15.953226653985666,15.974007606506348,193916800,-0.87573386155545,0.1888971190746033,-0.131204092817903,False
2013-11-19, $74.2214,52105335, $74.1471, $74.7685, $73.9957,16.09900382506188,16.233930066556702,16.066125368533015,16.11513328552246,208938800,0.1774126844555912,0.1678046980236871,0.0161294604605792,True
2013-11-18, $74.0898,60997871, $74.9985, $75.3128, $74.0285,16.283865987808575,16.352104343935935,16.07325704966146,16.086593627929688,244944000,-1.2114644256191245,0.2788472942744739,-0.1972723598788874,False
2013-11-15, $74.9987,79339984, $75.2257, $75.5843, $74.9271,16.333184560875086,16.411037317039725,16.268358615946642,16.28386688232422,317920400,-0.6002451277455023,0.1426787010930823,-0.0493176785508673,False
2013-11-14, $75.4514,70401611, $74.6871, $75.6114, $74.5528,16.21625574870431,16.416938973031296,16.18709946522147,16.382200241088867,282419200,1.4463172550575054,0.2298395078098281,0.1659444923845576,True
2013-11-13, $74.3763,49154022, $74, $74.6071, $73.8514,16.067063039168602,16.19888834465956,16.03480410477389,16.148639678955078,197220800,0.1193053963903789,0.1640842398856712,0.0815766397864763,True
2013-11-12, $74.2871,51067815, $73.9528, $74.8457, $73.8571,16.056814721980196,16.250674629642674,16.036033782711932,16.129396438598633,204276800,0.1848986155646548,0.2146408469307417,0.072581716618437,True
2013-11-11, $74.1497,56747589, $74.2843, $74.5243, $73.4871,16.128784728046046,16.180893647204616,15.95570731441967,16.099628448486328,227452400,-0.2900514045651281,0.225186332784947,-0.029156279559718,False
2013-11-08, $74.3657,69617240, $73.5114, $74.4471, $73.2271,15.96097683004011,16.164141443071696,15.899251867050832,16.146461486816406,279316800,1.574651416663131,0.2648895760208631,0.1854846567762962,True
2013-11-07, $73.2131,65542966, $74.2257, $74.7414, $73.1971,16.116067807533764,16.22803978255813,15.892741736716983,15.89615249633789,262620400,-1.618285185977841,0.3352980458411476,-0.2199153111958729,False
2013-11-06, $74.4171,55716622, $74.8785, $74.98, $74.0285,16.257814885725708,16.279838218679913,16.073261177733155,16.157629013061523,223375600,-0.2832972232469699,0.2065770409467582,-0.1001858726641842,False
2013-11-05, $75.0641,66243519, $74.94, $75.555, $74.7143,16.17670522022959,16.309614750048386,16.12798177203449,16.203533172607422,265213200,-0.2467728485050058,0.1816329780138943,0.0268279523778325,True
2013-11-04, $75.25,61011871, $74.4428, $75.26, $74.1157,16.06938623078245,16.245777092939413,15.998768950744836,16.24361801147461,244627600,1.2922100234677991,0.2470081421945771,0.1742317806921605,True
2013-11-01, $74.29,68524519, $74.86, $74.9714, $73.6914,16.15943543897481,16.183488369258107,15.907185170388583,16.036394119262695,274890000,-0.5108003260261396,0.2763031988695239,-0.1230413197121151,False
2013-10-31, $74.6717,68774804, $75, $75.3557, $74.4671,16.189655547634885,16.266440469942516,16.074631325587617,16.118728637695312,275696400,-0.4191399300482956,0.1918091443548988,-0.0709269099395726,False
2013-10-30, $74.9851,88125406, $74.23, $75.36, $73.86,16.02344294253342,16.26736650034734,15.94357337995332,16.186573028564453,354163600,1.5909631916444231,0.3237931203940203,0.1631300860310318,True
2013-10-29, $73.8111,158499648, $76.61, $77.0357, $73.5057,16.537189894342696,16.62908507525768,15.867092389251324,15.933083534240724,635807200,-2.491197561230696,0.7619926860063568,-0.6041063601019712,False
2013-10-28, $75.6965,124205797, $75.5771, $75.8571, $74.7443,16.31424487367872,16.374687661917953,16.134462945792627,16.34014892578125,550440800,0.7453345444333737,0.2402247161253257,0.0259040521025291,True
2013-10-25, $75.1368,84316215, $75.9021, $76.1757, $75.0157,16.38454869589967,16.443448321225066,16.193049156328822,16.219261169433594,337792000,-1.1186008541400172,0.250399164896244,-0.1652875264660771,False
2013-10-24, $75.9871,96004539, $75, $76.0671, $74.6357,16.189655336002666,16.42001174681125,16.111020949474334,16.402742385864258,384764800,1.3238804165893958,0.3089907973369179,0.213087049861592,True
2013-10-23, $74.9943,78237833, $74.1428, $75.0957, $74.1428,16.004634865125237,16.21032247276975,16.004634865125237,16.188426971435547,313723200,0.9791075731017118,0.2056876076445135,0.1837921063103103,True
2013-10-22, $74.2668,133200030, $75.2007, $75.4928, $72.5757,16.233139093436286,16.296047270661624,15.666346265080918,16.031461715698242,534063600,-0.2857688240781364,0.6297010055807064,-0.2016773777380436,False
2013-10-21, $74.4803,98700380, $73.11, $74.9, $73.0743,15.781674333315864,16.16806759373652,15.77396520979207,16.07740592956543,398106800,2.4504289232070597,0.3941023839444497,0.2957315962495652,True
2013-10-18, $72.6985,72195292, $72.2843, $72.7514, $72.2443,15.603435318243712,15.704273165765429,15.594800638034066,15.692863464355469,290542000,0.8701598808671163,0.1094725277313628,0.0894281461117572,True
2013-10-17, $72.0714,63116954, $71.4257, $72.1114, $71.3828,15.418103312315996,15.566123122534696,15.408852691763707,15.557488441467283,253593200,0.6765043625206246,0.1572704307709891,0.1393851291512877,True
2013-10-16, $71.5877,62449609, $71.5414, $71.79, $71.3186,15.443080364234357,15.49673791100395,15.39497450679782,15.452948570251465,251101200,0.4872801064333742,0.1017634042061299,0.0098682060171082,True
2013-10-15, $71.24,79715744, $71.0721, $71.7143, $70.7886,15.341934344589747,15.480395564688571,15.28056931471009,15.37801456451416,320073600,0.5322060271503393,0.1998262499784804,0.036080219924413,True
2013-10-14, $70.8628,65216780, $69.9757, $71.0828, $69.9071,15.105105551418966,15.344095037636878,15.09030323944483,15.296605110168455,261898000,0.6554733350728759,0.2537917981920472,0.1914995587494896,True
2013-10-11, $70.4017,66797100, $69.57, $70.5486, $69.3086,15.01751905192611,15.228754916918968,14.96108650201035,15.196992874145508,267738800,0.6473942350459172,0.2676684149086181,0.1794738222193981,True
2013-10-10, $69.9483,69186523, $70.1886, $70.34, $69.5771,15.151049332721607,15.183735291286224,15.019063738360478,15.099241256713867,278602800,0.6267986036172069,0.1646715529257463,-0.0518080760077399,False
2013-10-09, $69.5126,75304273, $69.2343, $69.6843, $68.3257,14.945055795355533,15.042193068457255,14.748930137033703,15.005188941955566,301725200,1.174743714260451,0.293262931423552,0.0601331466000338,True
2013-10-08, $68.7057,72260532, $69.9914, $70.0914, $68.6486,15.10849828230058,15.130085813239864,14.818627873342429,14.830963134765623,290917200,-1.3961811844993233,0.3114579398974353,-0.277535147534957,False
2013-10-07, $69.6786,77889233, $69.5086, $70.3786, $69.3357,15.004266059945234,15.19206502038437,14.96695231427148,15.04096221923828,312292400,0.9771837649175996,0.2251127061128883,0.0366961592930454,True
2013-10-04, $69.0043,64638089, $69.1228, $69.2286, $68.3714,14.921001144831276,14.943820545679548,14.758796640721368,14.89540672302246,258868400,-0.0786500896281072,0.1850239049581805,-0.0255944218088171,False
2013-10-03, $69.0586,78802384, $70.0728, $70.3357, $68.6769,15.12607633151562,15.182818536738525,14.824796203255683,14.90713119506836,322753200,-1.256206602110821,0.3580223334828414,-0.2189451364472603,False
2013-10-02, $69.9371,71799162, $69.3757, $70.2571, $69.1071,14.975587699596522,15.165853720712311,14.917613628140469,15.09677791595459,289184000,0.3279234405463072,0.2482400925718426,0.1211902163580678,True
2013-10-01, $69.7086,88194286, $68.35, $69.8771, $68.3401,14.754169332031047,15.08382203311196,14.75201025061304,15.047433853149414,353883600,2.351312300765795,0.3318117824989208,0.2932645211183668,True
2013-09-30, $68.1071,64764985, $68.1786, $68.8086, $67.773,14.717168050402163,14.853160561819298,14.629589367118598,14.701749801635742,260156400,-1.2428957822133158,0.2235711947006997,-0.0154182487664211,False
2013-09-27, $68.9643,56787853, $69.1114, $69.2386, $68.6743,14.918538984543469,14.945984527255042,14.824176712671576,14.8867769241333,228040400,-0.7136190917849228,0.121807814583466,-0.031762060410168,False
2013-09-26, $69.46,59050786, $69.4286, $69.7943, $69.1286,14.986991801147534,15.065934136882095,14.92223253787398,14.993775367736816,237221600,0.9739529920238744,0.143701599008116,0.0067835665892825,True
2013-09-25, $68.79,79011544, $69.8857, $69.9486, $68.7757,15.085675643711596,15.099242779995176,14.846068620417364,14.849151611328123,316957200,-1.5477845750146213,0.2531741595778118,-0.2365240323834729,False
2013-09-24, $69.8714,90481397, $70.6971, $70.7814, $69.6886,15.260838164755835,15.279031442416375,15.043126538039544,15.082597732543944,364344400,-0.3138346956578886,0.2359049043768308,-0.1782404322118917,False
2013-09-23, $70.0914,189942957, $70.8714, $70.9871, $68.9428,15.298453326344774,15.323431811347955,14.882147438820894,15.130081176757812,762106800,4.969938577688393,0.4412843725270612,-0.1683721495869612,False
2013-09-20, $66.7728,174425492, $68.2857, $68.3643, $66.5714,14.74029589756734,14.757255642376412,14.370246386994967,14.41372776031494,699302800,-1.0353906171118088,0.3870092553814448,-0.3265681372523996,False
2013-09-19, $67.4714,100811930, $67.2428, $67.9757, $67.0357,14.515188109132875,14.673384143128189,14.470473194873566,14.56452751159668,404541200,1.6398529018710528,0.2029109482546225,0.0493394024638043,True
2013-09-18, $66.3828,113636704, $66.1686, $66.6214, $65.8086,14.283287664998818,14.381042543636864,14.205577172497264,14.329544067382812,456862000,2.055701314328462,0.1754653711395999,0.0462564023839942,True
2013-09-17, $65.0457,99704600, $63.9943, $65.6728, $63.9286,13.813941160550854,14.176281592179167,13.799756435316938,14.040904998779297,399380800,1.155260700758021,0.376525156862229,0.2269638382284426,True
2013-09-16, $64.3028,136563951, $65.8571, $65.9443, $63.8886,14.216060919292117,14.234870129799685,13.791120323791226,13.880548477172852,543706800,-3.1791898862807977,0.4437498060084586,-0.3355124421192652,False
2013-09-13, $66.4143,74495492, $67.0486, $67.4042, $66.3857,14.473245646660748,14.550030582470049,14.33016156961786,14.33632755279541,298835600,-1.648022329369847,0.2198690128521878,-0.1369180938653382,False
2013-09-12, $67.5271,100856800, $66.9286, $67.9143, $66.5728,14.44734342149763,14.66012089750312,14.37055683786497,14.576552391052246,404051200,1.064773571303257,0.289564059638149,0.1292089695546163,True
2013-09-11, $66.8157,224172687, $66.7157, $67.67, $66.4014,14.401392782868442,14.6073866576081,14.333550508515822,14.422980308532717,898696400,-5.444373134696956,0.2738361490922774,0.021587525664275,True
2013-09-10, $70.6628,185372026, $72.3143, $72.4928, $69.9286,15.609914979597203,15.648462257413351,15.094930199066184,15.25343418121338,743195600,-2.277913360463979,0.5535320583471677,-0.3564807983838225,False
2013-09-09, $72.31,84479315, $72.1428, $72.56, $71.9257,15.572913295094654,15.662959074656236,15.52604093917794,15.608993530273438,340687200,1.595683565682715,0.1369181354782949,0.0360802351787832,True
2013-09-06, $71.1743,89482147, $71.2057, $71.34, $69.9928,15.37062055292864,15.39960595085442,15.108809946164037,15.363835334777832,359525600,0.5956820311672661,0.2907960046903834,-0.0067852181508083,False
2013-09-05, $70.7528,58779242, $71.4643, $71.5257, $70.52,15.426429157460404,15.439689971507883,15.22259272493973,15.272857666015623,236367600,-0.6858149117085488,0.2170972465681533,-0.1535714914447812,False
2013-09-04, $71.2416,86016026, $71.3657, $71.7485, $70.8971,15.405154111472068,15.48779870836386,15.304006624179744,15.378324508666992,345032800,2.0692430654835725,0.183792084184116,-0.0268296028050762,False
2013-09-03, $69.7971,82966965, $70.4428, $71.5143, $69.6214,15.20594591204764,15.437226310412012,15.028631049761454,15.066560745239258,331928800,0.2791591508026769,0.4085952606505572,-0.1393851668083829,False
2013-08-30, $69.6023,68053649, $70.2857, $70.4214, $69.5,15.172020369762109,15.20131537335314,15.00241468363538,15.024618148803713,272297200,-0.9111334209429444,0.1989006897177603,-0.147402220958396,False
2013-08-29, $70.2428,59804259, $70.2357, $70.9286, $70.1614,15.161229729246465,15.310791046708564,15.14519389173101,15.162771224975586,239657600,0.1629891833191177,0.1655971549775543,0.0015414957291213,True
2013-08-28, $70.128,76746763, $69.4286, $70.8286, $69.4286,14.986994979242818,15.289202193777056,14.986994979242818,15.138097763061523,307608000,0.4727714603316224,0.3022072145342385,0.1511027838187058,True
2013-08-27, $69.7986,105846822, $71.1428, $71.7871, $69.4714,15.357045906451342,15.496124724540358,14.996248617786144,15.066865921020508,424188800,-2.8590229380232257,0.4998761067542148,-0.290179985430834,False
2013-08-26, $71.8528,82354395, $71.5357, $72.8857, $71.5,15.44184935241981,15.733264506390194,15.434140226938112,15.510309219360352,330965600,0.3892181822962692,0.2991242794520818,0.0684598669405414,True
2013-08-23, $71.5743,55559766, $71.8957, $71.9071, $71.3357,15.5195581001164,15.522025151745645,15.39867586407724,15.45017433166504,222731600,-0.3857491703158522,0.1233492876684039,-0.0693837684513596,False
2013-08-22, $71.8514,60866474, $72.14, $72.2271, $71.1714,15.5722962985906,15.591107163034902,15.363217706943107,15.510004043579102,244207600,0.1194347432657894,0.2278894560917947,-0.0622922550114992,False
2013-08-21, $71.7657,83783025, $71.9414, $72.45, $71.6,15.529431504488898,15.63921204494109,15.455729547569105,15.491501808166504,335879600,0.2574943540412766,0.183482497371985,-0.0379296963223936,False
2013-08-20, $71.5814,89508677, $72.8157, $72.9385, $71.5457,15.718151128338938,15.744671107653875,15.44400539172322,15.451714515686035,358688400,-1.3136819475383588,0.3006657159306556,-0.2664366126529032,False
2013-08-19, $72.5343,127401718, $72.0485, $73.3914, $72,15.552554936435495,15.842426938692798,15.542070789613025,15.657402992248535,510518400,1.0769717794275602,0.3003561490797732,0.10484805581304,True
2013-08-16, $71.7614,90314517, $71.45, $71.8485, $71.2657,15.423347537386633,15.509384743425157,15.383568381254506,15.49057388305664,362306000,0.8877388903447025,0.1258163621706511,0.0672263456700079,True
2013-08-15, $71.13,122386917, $70.9171, $71.7713, $69.869,15.308321298637765,15.492729280344165,15.08197344158521,15.354268074035645,490294000,-0.1183433934937028,0.4107558387589538,0.0459467753978799,True
2013-08-14, $71.2143,188427037, $71.1257, $72.0357, $70.4857,15.353341542953965,15.549775131960434,15.215189976847094,15.37246036529541,756372400,1.8240236122276432,0.3345851551133396,0.0191188223414453,True
2013-08-13, $69.9386,219450906, $67.2771, $70.6657, $66.8643,14.522584077969322,15.254048404441184,14.4334622511259,15.097085952758787,881941200,4.752195847124807,0.8205861533152845,0.5745018747894655,True
2013-08-12, $66.7657,90984207, $65.2657, $66.95, $65.2328,14.088397227685116,14.45196959780602,14.081304040460363,14.412190437316896,364434000,2.840837598498136,0.3706655573456565,0.3237932096317806,True
2013-08-09, $64.9214,66643940, $65.52, $65.78, $64.8071,14.143282316752266,14.199406916936526,13.989404502901614,14.014073371887209,266865200,-1.4229745159688223,0.2100024140349123,-0.1292089448650575,False
2013-08-08, $65.8586,63939790, $66.265, $66.3, $65.4214,14.304255331710458,14.311656486666225,14.122004772994392,14.216368675231934,255777200,-0.1991739403092718,0.1896517136718323,-0.0878866564785241,False
2013-08-07, $66.4257,74622262, $66.2571, $66.7143, $65.9671,14.208590977454222,14.306624125734102,14.146401388187606,14.24474048614502,298858000,-0.0580046170845394,0.1602227375464959,0.0361495086907979,True
2013-08-06, $66.4643,83703085, $66.86, $67.4128, $66.0243,14.337867175968867,14.456425091133497,14.15865107598518,14.253007888793944,334857600,-0.894711088721345,0.2977740151483168,-0.0848592871749236,False
2013-08-05, $67.0643,79577704, $66.3843, $67.2386, $66.0214,14.235858901692312,14.419057345754773,14.158046232570198,14.38168239593506,318855600,1.493965430386468,0.2610111131845745,0.1458234942427481,True
2013-08-02, $66.0771,68411287, $65.43, $66.1214, $65.2371,14.031210896714278,14.179485205330169,13.989853707651498,14.169987678527832,274783600,1.2831706903587925,0.1896314976786701,0.1387767818135543,True
2013-08-01, $65.2394,51386070, $65.1076, $65.2571, $64.7514,13.961976808599749,13.994142421649462,13.885693913968872,13.990466117858888,206250800,0.917054608534773,0.1084485076805901,0.0284893092591396,True
2013-07-31, $64.6471,80624904, $64.9986, $65.3346, $64.2043,13.93869521338518,14.010686641370317,13.768363056299036,13.86333179473877,322957600,-0.1742876062764686,0.242323585071281,-0.0753634186464111,False
2013-07-30, $64.76,77240193, $64.28, $65.3071, $64.1757,13.784601155388382,14.004868575113564,13.76223737792256,13.88753604888916,309422400,1.2349828714829147,0.2426311971910042,0.1029348935007785,True
2013-07-29, $63.97,62006404, $62.9714, $64.2843, $62.8857,13.503979434270128,13.785516885008796,13.48559873418282,13.718119621276855,248057600,1.5419820891535485,0.2999181508259756,0.214140187006727,True
2013-07-26, $62.9986,50020601, $62.1857, $63.0057, $62.0486,13.33548652524852,13.511332295132773,13.306076913728557,13.509800910949709,200152400,0.5678377079989971,0.2052553814042159,0.174314385701189,True
2013-07-25, $62.6428,57358143, $62.9571, $63.0571, $62.2586,13.50091840755088,13.522362696760185,13.35111187859564,13.433520317077637,229493600,-0.4562904774238041,0.1712508181645446,-0.0673980904732438,False
2013-07-24, $62.93,147906334, $62.7043, $63.5128, $62.18,13.446693307805663,13.6200882273721,13.334262537406389,13.495097160339355,591936800,5.136165284763949,0.2858256899657121,0.048403852533692,True
2013-07-23, $59.8557,88619467, $60.8571, $60.9943, $59.8157,13.050579924148607,13.079989536549594,12.82724978523958,12.835827827453612,369395600,-1.7170492465505616,0.2527397513100133,-0.2147520966949958,False
2013-07-22, $60.9014,51912282, $61.3514, $61.3928, $60.7811,13.156576683224174,13.16546067447102,13.03434245301366,13.060075759887695,207796400,0.3200399918129148,0.1311182214573616,-0.0965009233364782,False
2013-07-19, $60.7071,67137272, $61.8714, $61.9971, $60.6214,13.268087765551066,13.295046504903436,13.000030119943869,13.01841163635254,268721600,-1.5772890222809477,0.2950163849595668,-0.2496761291985247,False
2013-07-18, $61.6797,54658172, $61.9114, $62.1243, $61.5157,13.276668763151656,13.322314981473566,13.191810268103591,13.22704029083252,218878800,0.3369751682289479,0.1305047133699748,-0.0496284723191369,False
2013-07-17, $61.4728,49737479, $61.3857, $61.7457, $61.1743,13.163931488693493,13.241132240255038,13.11859122192688,13.182618141174316,198990400,0.0255509518977792,0.1225410183281567,0.0186866524808237,True
2013-07-16, $61.4564,54028599, $60.9314, $61.53, $60.5957,13.066512347512608,13.194873784366598,12.994520095483855,13.179250717163086,216538000,0.6457316123728463,0.2003536888827426,0.1127383696504775,True
2013-07-15, $61.0628,60473991, $60.7157, $61.6371, $60.6857,13.020251847507556,13.217847862850483,13.013817906723308,13.094694137573242,241917200,0.218043942781021,0.2040299561271759,0.0744422900656864,True
2013-07-12, $60.93,69863934, $61.0928, $61.3986, $60.4871,13.101128139862553,13.166687256303891,12.971235341606707,13.066204071044922,279563200,-0.1825445557047889,0.195451914697184,-0.0349240688176308,False
2013-07-11, $61.0411,81567174, $60.4214, $61.1786, $60.1671,12.957142948812187,13.119509766000093,12.90261274356872,13.090099334716797,326292400,1.5592034884486683,0.2168970224313717,0.1329563859046096,True
2013-07-10, $60.1043,70064141, $59.9428, $60.6857, $59.75,12.854514246208954,13.013817469407735,12.81315705620794,12.889131546020508,281405600,-0.3835920796781855,0.2006604131997953,0.0346172998115541,True
2013-07-09, $60.3357,88135556, $59.0857, $60.5, $58.6257,12.670705898615106,12.973993640940058,12.572060854040124,12.938763618469238,352584400,1.7588310191366086,0.401932786899934,0.2680577198541325,True
2013-07-08, $59.2928,74476172, $60.0157, $60.1428, $58.6643,12.870141083558302,12.89740578041848,12.580331483610664,12.715126037597656,298138400,-0.5677569818149264,0.3170742968078155,-0.1550150459606456,False
2013-07-05, $59.6314,68482701, $60.0557, $60.47, $59.3357,12.878716550701911,12.967558100585546,12.72431507106768,12.787729263305664,274024800,-0.8032411948850848,0.2432430295178651,-0.0909872873962474,False
2013-07-03, $60.1143,60232176, $60.1228, $60.4257, $59.6357,12.893115465223143,12.958062684181469,12.788650023582228,12.891277313232422,240928800,0.5520083051184788,0.1694126605992405,-0.0018381519907215,False
2013-07-02, $59.7843,117427695, $58.5657, $60.2328, $58.4957,12.559190115405965,12.916702014512248,12.544178952928704,12.820507049560549,469865200,2.265254786486981,0.3725230615835446,0.2613169341545838,True
2013-07-01, $58.46,97736269, $57.5271, $58.8957, $57.3171,12.336475963015932,12.629961036346865,12.291441645731426,12.53652286529541,391053600,3.2002567465647447,0.3385193906154384,0.2000469022794782,True
2013-06-28, $56.6471,144584903, $55.9086, $57.1814, $55.5528,11.989379492765355,12.26233812866484,11.913097407001262,12.1477632522583,578516400,0.6983827279963606,0.3492407216635786,0.1583837594929455,True
2013-06-27, $56.2543,84237745, $57.0357, $57.3414, $56.22,12.231089064960097,12.2966473583104,12.05616196665011,12.06351375579834,337246000,-1.0777236173669769,0.2404853916602896,-0.1675753091617569,False
2013-06-26, $56.8671,91911848, $57.7, $57.8271, $56.5228,12.373544133204105,12.400809646903967,12.12111030533076,12.194941520690918,367724000,-1.1325591245144873,0.2796993415732078,-0.1786026125131865,False
2013-06-25, $57.5186,78533304, $57.9571, $58.2557, $56.9757,12.428688671932957,12.49271559550288,12.218224743017233,12.334638595581056,314162800,0.0223495381147076,0.2744908524856466,-0.0940500763519001,False
2013-06-24, $57.5057,120047026, $58.2, $58.38, $56.8643,12.480769552054198,12.51936993519421,12.194330265899945,12.33188247680664,480746000,-2.6505408760845617,0.3250396692942647,-0.1488870752475577,False
2013-06-21, $59.0714,120212576, $59.7843, $60, $58.3,12.820512877767149,12.866772638683855,12.502213916978338,12.667643547058104,481118400,-0.8012456203292717,0.3645587217055173,-0.1528693307090449,False
2013-06-20, $59.5483,89321357, $59.9, $60.8543, $59.31,12.845324904880751,13.04996676295288,12.718801641761196,12.769962310791016,357310800,-1.4562464817698184,0.3311651211916846,-0.0753625940897357,False
2013-06-19, $60.4286,77690993, $61.6286, $61.6657, $60.4286,13.216007200670312,13.223972524194409,12.958672523498535,12.958672523498535,310940000,-2.031172020740779,0.2653000006958734,-0.2573346771717766,False
2013-06-18, $61.6814,48375328, $61.6514, $62.1286, $61.4586,13.220909483810146,13.323230805316582,13.179552298568066,13.22734260559082,195025600,-0.0532381675866555,0.1436785067485164,0.0064331217806739,True
2013-06-17, $61.7143,64784564, $61.6343, $62.2428, $61.4802,13.217233087463708,13.347738582099078,13.184147175893516,13.23438835144043,259414400,0.4534326020646739,0.1635914062055619,0.017155263976722,True
2013-06-14, $61.4357,67955299, $62.2, $62.3271, $61.2143,13.33854836266604,13.365813869145148,13.127165018105543,13.174650192260742,271866000,-1.3556524864839603,0.2386488510396045,-0.1638981704052984,False
2013-06-13, $62.2807,71449021, $61.7857, $62.4486, $61.25,13.249710336654967,13.391856675055973,13.13482787587019,13.355707168579102,285832400,0.872273618233832,0.2570287991857825,0.1059968319241342,True
2013-06-12, $61.7414,66270567, $62.7857, $63.0357, $61.6428,13.464160011065538,13.517771567372264,13.219077909622715,13.240216255187988,265227200,-1.2362389453966949,0.2986936577495491,-0.2239437558775492,False
2013-06-11, $62.5143,71515731, $62.2486, $63.2514, $61.9028,13.348965528066527,13.564023555421718,13.27482755923086,13.405945777893066,286112400,-0.2939512558555512,0.2891959961908572,0.0569802498265392,True
2013-06-10, $62.6986,112489474, $63.5328, $64.1541, $62.4,13.624378291995024,13.757640644420873,13.381441979819948,13.44546890258789,450153200,-0.6608962984607336,0.3761986646009241,-0.1789093894071332,False
2013-06-07, $63.1158,101081990, $62.3571, $63.32, $61.8243,13.372247944836692,13.578728748463854,13.25797822357118,13.534920692443848,404535600,0.7640231847393819,0.3207505248926736,0.1626727476071554,True
2013-06-06, $62.6371,104167451, $63.6386, $63.8571, $62.0071,13.647047776973304,13.693919427063324,13.297194351447564,13.432294845581056,416934000,-1.4940199964988965,0.3967250756157607,-0.2147529313922476,False
2013-06-05, $63.5871,72524432, $63.6643, $64.3886, $63.3871,13.652562258110082,13.8078832523826,13.593130307729329,13.636019706726074,290589600,-0.9347538151134872,0.2147529446532718,-0.016542551384008,False
2013-06-04, $64.1871,72575322, $64.7457, $64.9186, $63.9128,13.884469004002373,13.92153799293444,13.70586640402088,13.76468563079834,292728800,-0.3128407180410963,0.21567158891356,-0.1197833732040329,False
2013-06-03, $64.3886,92900598, $64.39, $64.6228, $63.2114,13.808188258608606,13.858123495112848,13.555448489365006,13.80788230895996,372352400,0.2201385482235585,0.302675005747842,-0.0003059496486468,False
2013-05-31, $64.2478,95688069, $64.6428, $65.3, $64.2143,13.862410266910036,14.003333605492676,13.7705059469179,13.777552604675291,384302800,-0.409665138542481,0.2328276585747755,-0.0848576622347447,False
2013-05-30, $64.5114,88354937, $63.6643, $64.9286, $63.5014,13.652559619548228,13.923681693299375,13.617635553323538,13.834226608276367,353519600,1.4900305486556409,0.3060461399758374,0.1816669887281392,True
2013-05-29, $63.5643,82553265, $62.8571, $63.9286, $62.7714,13.47947489353157,13.709239018725556,13.46109337085335,13.631118774414062,330576400,0.7951478183997329,0.2481456478722066,0.1516438808824922,True
2013-05-28, $63.0627,96311559, $64.2714, $64.4443, $62.9786,13.78276078410334,13.819828135820408,13.5055123398239,13.52358627319336,386145200,-0.8334239530451315,0.3143157959965084,-0.2591745109099808,False
2013-05-24, $63.5928,69009031, $62.9786, $63.6657, $62.9086,13.505511378606736,13.652866198292088,13.490500214773803,13.637242317199709,276166800,0.6807577302170964,0.1623659835182849,0.1317309385929732,True
2013-05-23, $63.1628,88239856, $62.2786, $63.7371, $62.2557,13.355401919792865,13.668187197544125,13.350500180617106,13.54503345489502,353021200,0.1790216352312024,0.3176870169270192,0.1896315351021549,True
2013-05-22, $63.0506,110682773, $63.4357, $64.05, $62.6028,13.603543439502946,13.735275193756229,13.424940042821762,13.520828247070312,443038400,0.3843782156458974,0.3103351509344669,-0.0827151924326337,False
2013-05-21, $62.8086,113917824, $62.5928, $63.64, $62.0286,13.422797199938977,13.647352775205364,13.301788395210028,13.469056129455566,456022000,-0.7382783162714013,0.345564379995336,0.0462589295165898,True
2013-05-20, $63.2757,112529584, $61.7014, $63.6857, $61.4428,13.231634938028984,13.657157745902683,13.176185242860486,13.56923484802246,451578400,2.231913768770788,0.4809725030421976,0.3375999099934752,True
2013-05-17, $61.8943,106966262, $62.7214, $62.87, $61.5728,13.45037109873568,13.482231586364923,13.204064423490433,13.272993087768556,427904400,-0.303750404902614,0.2781671628744906,-0.1773780109671232,False
2013-05-16, $62.0826,150737695, $60.4628, $62.55, $59.8428,12.966030070565187,13.413609954102446,12.833073652568382,13.313432693481444,603204000,1.3361716843274696,0.5805363015340639,0.3474026229162561,True
2013-05-15, $61.2643,185168956, $62.7371, $63, $60.3371,13.453737556250871,13.510105906178207,12.939066527844313,13.137887954711914,741613600,-3.3816995008852824,0.5710393783338947,-0.3158496015389573,False
2013-05-14, $63.4086,111617413, $64.8357, $65.0286, $63.1643,13.90376734359421,13.945124527802882,13.545335141597713,13.597722053527832,447118000,-2.3925931366975184,0.3997893862051693,-0.3060452900663772,False
2013-05-13, $64.9628,79216224, $64.5014, $65.4143, $64.5,13.832084049317457,14.027842750567835,13.831778099654825,13.931035041809082,316948800,0.3907596030208404,0.1960646509130104,0.0989509924916252,True
2013-05-10, $64.71,83615305, $65.4243, $65.6728, $64.3543,14.0299861279457,14.0832917154446,13.800528814482089,13.87681007385254,334852000,-0.8319114430657248,0.2827629009625116,-0.1531760540931586,False
2013-05-09, $65.2528,99448260, $65.6871, $66.1428, $65.0828,14.086352665219705,14.184078199605011,13.956765835081445,13.993221282958984,398487600,-0.8724306169113794,0.2273123645235664,-0.0931313822607204,False
2013-05-08, $66.2628,117977895, $65.5771, $66.4814, $65.1157,13.970294922411346,14.16294112962006,13.871994597489742,14.116376876831056,472598000,1.1293594935283702,0.2909465321303184,0.14608195441971,True
2013-05-07, $65.5226,120467656, $66.4243, $66.5357, $64.8143,14.150769337974909,14.174507374448128,13.807781122651557,13.958732604980469,483753200,-0.4449467423568776,0.366726251796571,-0.1920367329944401,False
2013-05-06, $65.8157,123979417, $65.1014, $66.0286, $64.9014,13.868948672761984,14.066464363019572,13.826342118410857,14.021119117736816,496641600,2.3845540381086217,0.240122244608715,0.152170444974832,True
2013-05-03, $64.2828,90287637, $64.4728, $64.7471, $64.1643,13.735040558536657,13.79347463377836,13.669303849225606,13.694564819335938,361300800,1.0010502573313262,0.1241707845527528,-0.0404757392007191,False
2013-05-02, $63.6457,105409532, $63.1114, $64.0843, $62.9471,13.445010962874466,13.652264094551017,13.410012596542996,13.558834075927734,421828400,1.4182392741098448,0.2422514980080201,0.113823113053268,True
2013-05-01, $62.7557,126694438, $63.4943, $63.5614, $62.0557,13.526568703752565,13.540872470606768,13.220101904938728,13.369226455688477,506909200,-0.788229208620761,0.3207705656680399,-0.1573422480640882,False
2013-04-30, $63.2543,172699362, $62.1571, $63.6071, $61.7243,13.241713180219003,13.55061563935242,13.14949891815121,13.475443840026855,691538400,2.9433734573731885,0.4011167212012108,0.2337306598078523,True
2013-04-29, $61.4457,159929048, $60.0643, $61.9453, $60,12.795857082720396,13.196669803487724,12.78216200202314,13.0901517868042,640326400,3.0968288643080655,0.414507801464584,0.2942947040838035,True
2013-04-26, $59.6007,190977767, $58.5443, $59.8241, $58.3214,12.472043925152088,12.744729825209852,12.42456704293314,12.696949005126951,764097600,2.159749519883425,0.3201627822767126,0.2249050799748637,True
2013-04-25, $58.34,95958899, $58.7464, $59.1343, $58.1428,12.515260082744472,12.597735329350996,12.386525330362993,12.428524017333984,384837600,0.7201833022427273,0.2112099989880036,-0.0867360654104878,False
2013-04-24, $57.9231,242352533, $56.22, $59.3214, $56.0714,11.976886565814205,12.637601910134274,11.94523477221678,12.339655876159668,969651200,-0.1649711491454653,0.6923671379174934,0.3627693103454632,True
2013-04-23, $58.0186,150492275, $57.7128, $58.3401, $56.9728,12.294917552209446,12.428521787828704,12.137270535414803,12.36004638671875,664238400,1.8711975983752185,0.2912512524139004,0.0651288345093039,True
2013-04-22, $56.9528,107226032, $56.0914, $57.4571, $55.8964,11.949498614483897,12.24044602519491,11.907805484421978,12.133013725280762,429920400,2.084352714862092,0.3326405407729318,0.1835151107968649,True
2013-04-19, $55.79,152132166, $55.4243, $57.0857, $55.0143,11.807372024574672,12.16131661810001,11.720026455888638,11.885282516479492,609274400,-0.3877108133086948,0.4412901622113718,0.0779104919048201,True
2013-04-18, $56.0071,166414970, $57.8557, $57.97, $55.6774,12.32535487462829,12.349701599359374,11.861240101307368,11.93154239654541,666299200,-2.6687818801963137,0.4884614980520059,-0.3938124780828804,False
2013-04-17, $57.5428,236094111, $60.0386, $60.0857, $56.8728,12.790377782104816,12.800421544726706,12.115966630853444,12.258700370788574,945056000,-5.499257877347608,0.6844549138732621,-0.5316774113162417,False
2013-04-16, $60.8914,76203143, $60.2243, $60.9443, $60.0814,12.829941965730058,12.98332734698026,12.79950836478889,12.972067832946776,305771200,1.5219865178206504,0.1838189821913705,0.142125867216718,True
2013-04-15, $59.9786,79101214, $61, $61.1271, $59.9357,12.995195310087636,13.022281527979466,12.768464243572495,12.777594566345217,317520000,-2.3150515314191877,0.2538172844069706,-0.2176007437424196,False
2013-04-12, $61.4,59634201, $62.0214, $62.0214, $61.2986,13.21279891656766,13.21279891656766,13.058804835775176,13.08041286468506,238613200,-1.0429881051507328,0.1539940807924846,-0.1323860518825999,False
2013-04-11, $62.0471,82064315, $61.96, $62.57, $61.6,13.199712531209151,13.329664642562888,13.123019428595931,13.21827793121338,328364400,-0.3121670867445081,0.2066452139669561,0.0185654000042294,True
2013-04-10, $62.2414,93883258, $61.1571, $62.4371, $60.8586,13.028678268779476,13.301365010845716,12.96507154355698,13.25967025756836,375928000,2.039921865963845,0.3362934672887352,0.2309919887888831,True
2013-04-09, $60.9971,76595913, $60.9086, $61.2143, $60.3928,12.975722232207271,13.040849450718582,12.865856011531193,12.994590759277344,306614000,0.1806746766214395,0.1749934391873893,0.0188685270700723,True
2013-04-08, $60.8871,75145863, $60.6928, $61.0714, $60.3557,12.929765174320798,13.01041434351767,12.857942391930123,12.971155166625977,300829200,0.7112377850645224,0.1524719515875467,0.041389992305179,True
2013-04-05, $60.4571,95724469, $60.6428, $60.7071, $59.9543,12.919114050126534,12.93280994394599,12.772423412621002,12.87955093383789,383695200,-1.0567548283521575,0.1603865313249883,-0.0395631162886438,False
2013-04-04, $61.1028,89574827, $61.9657, $62.1428, $60.75,13.20093048876288,13.23866753842196,12.941938896743718,13.017109870910645,358447600,-0.9884450495161956,0.2967286416782428,-0.1838206178522359,False
2013-04-03, $61.7128,90550837, $61.6243, $62.4686, $61.4728,13.128192011371029,13.30805574025124,13.095932345352148,13.147061347961426,363216000,0.5118739130444361,0.2121233948990912,0.0188693365903969,True
2013-04-02, $61.3988,132255450, $61.0857, $62.5914, $60.9143,13.013458352059004,13.334228957865683,12.976937054242738,13.080107688903809,529519200,0.2051447578679699,0.3572919036229454,0.0666493368448044,True
2013-04-01, $61.2728,97168149, $63.1286, $63.3854, $61.1057,13.448663269421104,13.503444417122203,13.017722412535656,13.053329467773438,389732000,-3.106207565985386,0.4857220045865471,-0.3953338016476664,False
2013-03-28, $63.2371,110618443, $64.26, $64.5456, $63.0886,13.689696820978448,13.750564030723844,13.440140285820693,13.47179126739502,442839600,-2.0836836649775425,0.3104237449031508,-0.217905553583428,False
2013-03-27, $64.5828,81772975, $65.2086, $65.2571, $64.39,13.89177464319918,13.902121531128818,13.717389110722458,13.758474349975586,331237200,-1.964740808875487,0.1847324204063607,-0.1333002932235949,False
2013-03-26, $65.8766,73390892, $66.4914, $66.5485, $65.79,14.165074173568549,14.177247943971494,14.015645611547756,14.034210205078123,294294000,-0.5263151490915385,0.1616023324237385,-0.1308639684904253,False
2013-03-25, $66.2257,124980207, $66.3843, $67.1357, $65.9686,14.142246180464186,14.302328784855767,14.05368486636671,14.108465194702148,501135600,0.3615412090698378,0.2486439184890567,-0.0337809857620374,False
2013-03-22, $65.9871,98261129, $64.94, $66.0143, $64.73,13.834562021076392,14.06342234994907,13.789824644278053,14.05764102935791,395105200,2.027706979542754,0.2735977056710172,0.2230790082815179,True
2013-03-21, $64.6757,95484439, $64.3171, $65.4257, $64.3,13.701870778915929,13.938035360978445,13.69821864876015,13.778258323669434,383255600,0.1437948219446427,0.2398167122182943,0.0763875447535049,True
2013-03-20, $64.5828,76980353, $65.3457, $65.3757, $64.2271,13.920991680180515,13.927382500686225,13.68269469197504,13.758474349975586,308660800,-0.5302847539013777,0.2446878087111841,-0.1625173302049294,False
2013-03-19, $64.9271,131468929, $65.6428, $65.8528, $64.0714,13.984293541430803,14.029032540543003,13.649523082695794,13.831822395324709,526775200,-0.2698761909967984,0.3795094578472096,-0.1524711461060945,False
2013-03-18, $65.1028,149961185, $63.0643, $65.3514, $63.0286,13.434962525506776,13.922205639604858,13.427354329439348,13.86925220489502,606197200,2.7182653616902197,0.4948513101655099,0.4342896793882431,True
2013-03-15, $63.38,160587468, $62.5614, $63.4614, $62.4643,13.327840307390616,13.519573088808066,13.307144901924689,13.502225875854492,643960800,2.580348850175085,0.2124281868833772,0.1743855684638759,True
2013-03-14, $61.7857,75801483, $61.8328, $62.0914, $61.4928,13.1726273975444,13.227712475794691,13.100195107156392,13.162585258483888,303875600,0.968847950486107,0.1275173686382995,-0.0100421390605109,False
2013-03-13, $61.1928,101314460, $61.2071, $62.0714, $60.7657,13.039327747322805,13.223450682556678,12.94528743315654,13.036283493041992,405549200,-0.0186584562632541,0.2781632494001371,-0.0030442542808124,False
2013-03-12, $61.2043,116142145, $62.2286, $62.6971, $61.0814,13.25692657788716,13.35674901000717,13.012543534895189,13.038716316223145,465911600,-2.1559199272271123,0.3442054751119823,-0.2182102616640158,False
2013-03-11, $62.5528,118221425, $61.3928, $62.7157, $60.7343,13.07889271348719,13.360709758033009,12.93859287962297,13.326014518737791,474236000,1.4245547150531168,0.4221168784100388,0.2471218052506003,True
2013-03-08, $61.6743,97466769, $61.4, $62.2043, $61.23,13.080412040662315,13.251753321353648,13.044195494432469,13.13884449005127,391482000,0.2647463567901242,0.2075578269211799,0.0584324493889543,True
2013-03-07, $61.5117,116969895, $60.6428, $61.7157, $60.1514,12.919114529111852,13.14767253683572,12.814422570012184,13.104151725769045,468473600,1.1558566813688609,0.3332499668235371,0.1850371966571931,True
2013-03-06, $60.8088,114860374, $62.0728, $62.1786, $60.6328,13.223755722315314,13.24627719074285,12.916983302376153,12.95441722869873,460250000,-1.2710550587742953,0.3292938883666974,-0.2693384936165834,False
2013-03-05, $61.592,159227158, $60.2114, $62.17, $60.1071,12.827205663283811,13.244451393207177,12.804988943546354,13.12119483947754,638433600,2.640185929343098,0.439462449660823,0.2939891761937296,True
2013-03-04, $60.0071,144332343, $61.1143, $61.1714, $59.8571,13.019542453900172,13.031716217998342,12.751726145083053,12.783681869506836,582755600,-2.4206477146601513,0.2799900729152895,-0.2358605843933361,False
2013-03-01, $61.4957,137819681, $62.5714, $62.5971, $61.4257,13.329971340072928,13.335450348728733,13.08589377574588,13.10080623626709,552448400,-2.4761914092352955,0.2495565729828524,-0.2291651038058386,False
2013-02-28, $63.0571,80512484, $63.4357, $63.9814, $63.0571,13.514093193797708,13.630349412152569,13.433444023132324,13.433444023132324,322515200,-0.7130607627324759,0.1969053890202445,-0.0806491706653833,False
2013-02-27, $63.51,146554914, $64.0614, $64.6343, $62.95,13.64739419297149,13.769434190114811,13.410620897765336,13.52992057800293,587350400,-0.9800062969545164,0.3588132923494758,-0.11747361496856,False
2013-02-26, $64.1386,125040618, $63.4028, $64.5057, $62.5228,13.507092548261618,13.742041357957756,13.319621426350208,13.663826942443848,501499600,1.3934023199476009,0.4224199316075481,0.1567343941822301,True
2013-02-25, $63.2571,92813518, $64.8357, $65.0171, $63.2243,13.812343905197167,13.850994394305626,13.46905100859037,13.476051330566406,372579200,-1.7767971829268705,0.3819433857152567,-0.336292574630761,False
2013-02-22, $64.4014,82560265, $64.1786, $64.5143, $63.8,13.672348727987444,13.743866760259966,13.591698745705305,13.71982479095459,330654800,1.0648626992393773,0.1521680145546611,0.0474760629671457,True
2013-02-21, $63.7228,111563653, $63.7143, $64.1671, $63.26,13.573440772778932,13.66991667018529,13.476661750158977,13.57526683807373,447182400,-0.621583772889367,0.1932549200263125,0.0018260652947983,True
2013-02-20, $64.1214,118823076, $65.3843, $65.3843, $64.1143,13.92921003544095,13.92921003544095,13.65865333723309,13.660176277160645,476302400,-2.4218086009380912,0.2705566982078586,-0.2690337582803046,False
2013-02-19, $65.7128,108820003, $65.8714, $66.1043, $64.8357,14.032992977227474,14.082599873144494,13.812348668671946,13.999210357666016,435783600,-0.0369433111189976,0.2702512044725473,-0.0337826195614585,False
2013-02-15, $65.7371,97873819, $66.9786, $67.1657, $65.7028,14.268852271750236,14.308721772625454,13.9970797792372,14.00438404083252,391745200,-1.378065988965771,0.3116419933882532,-0.264468230917716,False
2013-02-14, $66.6557,88785717, $66.36, $67.3771, $66.2886,14.137072355139852,14.35376053448936,14.121855958864227,14.20007038116455,355275200,-0.0899534793027401,0.2319045756251334,0.0629980260246991,True
2013-02-13, $66.7157,118682866, $66.7443, $67.6628, $66.1743,14.218942224047478,14.414631107031704,14.097511712692445,14.212855339050291,475207600,-0.1902065811838937,0.3171193943392598,-0.0060868849971864,False
2013-02-12, $66.8428,151743386, $68.5014, $68.9114, $66.8206,14.59327576136314,14.680621336380376,14.23507113563002,14.239940643310549,609053200,-2.506601129831354,0.4455502007503558,-0.3533351180525912,False
2013-02-11, $68.5614,128206578, $68.0714, $69.2771, $67.6071,14.50166899534219,14.758530628501406,14.402760785666729,14.606056213378906,517490400,1.0421374839296726,0.3557698428346771,0.1043872180367166,True
2013-02-08, $67.8543,158143417, $67.7143, $68.4014, $66.8928,14.4255860365442,14.571971948868546,14.250590954967285,14.455410957336426,633158400,1.4437886882684214,0.3213809939012613,0.029824920792226,True
2013-02-07, $66.8886,175627813, $66.1786, $67.1428, $64.8743,14.098420366894182,14.303846570817578,13.820559443419793,14.249675750732422,704580800,2.973416401035589,0.4832871273977854,0.1512553838382402,True
2013-02-06, $65.3357,148003914, $65.21, $66.6428, $64.6543,13.811581104259115,14.115061787411982,13.693879264177694,13.838208198547363,593706400,-0.1070634549924731,0.4211825232342878,0.0266270942882478,True
2013-02-05, $65.4063,142959083, $63.4357, $65.6771, $63.1743,13.43579019676262,13.910529273581608,13.380419133835554,13.853039741516112,573347600,3.5087823059554824,0.5301101397460535,0.4172495447534921,True
2013-02-04, $63.188,119044766, $64.8443, $65.1343, $63.1428,13.73412639392252,13.795549066500213,13.373761249616544,13.38344383239746,477117200,-2.491045242898005,0.4217878168836684,-0.3506825615250601,False
2013-02-01, $64.8028,134704470, $65.5871, $65.64, $64.05,13.89146160544041,13.902656684958997,13.565892921680817,13.725348472595217,539484400,-0.410582887229094,0.3367637632781797,-0.1661131328451937,False
2013-01-31, $65.07,79445474, $65.2828, $65.6114, $64.9971,13.82701886483206,13.896610011760172,13.766504332223718,13.78193473815918,319334400,-0.2933367517777396,0.1301056795364541,-0.0450841266728812,False
2013-01-30, $65.2614,104140851, $65.2857, $66.0857, $64.9286,13.827624624563729,13.997066625833371,13.75198185509041,13.822481155395508,417155200,-0.3142175497441224,0.2450847707429613,-0.005143469168221,False
2013-01-29, $65.4671,142486933, $65.5, $65.7428, $64.5886,13.873010481756651,13.924448403604544,13.679967994394412,13.866050720214844,571158000,1.8762695463721,0.2444804092101318,-0.0069597615418075,False
2013-01-28, $64.2614,195771859, $62.5464, $64.7443, $62.2657,13.247589725070716,13.712947583555016,13.187982532280714,13.610677719116213,785517600,2.2619858321897723,0.524965051274302,0.3630879940454967,True
2013-01-25, $62.84,301617420, $64.5271, $65.1757, $62.1428,13.666956242987498,13.804323849845732,13.16195992958666,13.309616088867188,1208026400,-2.3573707145798095,0.6423639202590721,-0.35734015412031,False
2013-01-24, $64.3571,364459099, $65.7143, $66.5328, $64.3214,13.918392430471718,14.091767517897548,13.623382338051996,13.630948066711426,1460852400,-12.35582379608935,0.4683851798455514,-0.2874443637602919,False
2013-01-23, $73.4293,191090117, $72.6871, $73.57, $72.11,15.395261121623529,15.582252017575971,15.27302170937898,15.552599906921388,861509600,1.830580826613093,0.3092303081969909,0.1573387852978598,True
2013-01-22, $72.11,114745924, $72.08, $72.5543, $70.9471,15.266661232193613,15.367114782698584,15.026720012853447,15.273015022277832,461546400,0.953945661848099,0.3403947698451368,0.0063537900842192,True
2013-01-18, $71.4285,116987465, $71.2166, $71.7457, $70.9143,15.083913525743958,15.195866007445805,15.01976800657367,15.128695487976074,472922800,-0.5330997831848538,0.176098000872134,0.0447819622321166,True
2013-01-17, $71.8114,112900444, $72.9014, $72.9643, $71.7185,15.440643434190918,15.45395698603821,15.190113058556452,15.209778785705566,453678400,-0.673814125627259,0.2638439274817585,-0.2308646484853511,False
2013-01-16, $72.2985,172393952, $70.6628, $72.7771, $70.3571,14.966513160716811,15.414323020608796,14.901763297529676,15.312959671020508,690804800,4.1509028133674075,0.5125597230791197,0.3464465103036964,True
2013-01-15, $69.4171,217802615, $71.1857, $71.2843, $69.0543,15.077252327671284,15.09812999343905,14.625811587485025,14.702666282653809,876772400,-3.1549759669308064,0.4723184059540255,-0.3745860450174749,False
2013-01-14, $71.6785,183021145, $71.8114, $72.5, $71.2157,15.209781478420023,15.355622989234549,15.083608930073613,15.18164348602295,734207600,-3.565221705512001,0.2720140591609361,-0.0281379923970739,False
2013-01-11, $74.3285,87569116, $74.4285, $75.0457, $74.1457,15.76409308580585,15.894804707792176,15.704182919096208,15.742913246154783,350506800,-0.6131796845983417,0.1906217886959673,-0.0211798396510669,False
2013-01-10, $74.7871,149986665, $75.5071, $75.5314, $73.6457,15.99253699040952,15.9976804584912,15.598283617479456,15.840041160583496,601146000,1.2396171329785988,0.3993968410117432,-0.152495829826023,False
2013-01-09, $73.8714,101748741, $74.6428, $75.0007, $73.7128,15.809478278676444,15.885424819926904,15.61250269326383,15.646089553833008,407604400,-1.5628927204387022,0.2729221266630741,-0.1633887248434362,False
2013-01-08, $75.0443,114451364, $75.6014, $75.9843, $74.4643,16.012507654708184,16.093597674732802,15.771659856401827,15.894503593444824,458707200,0.2691576680726948,0.3219378183309747,-0.1180040612633597,False
2013-01-07, $74.8428,120838376, $74.5714, $75.6143, $73.6,15.79434764382884,16.01522585813321,15.588597653758448,15.851837158203123,484156400,-0.5882818035028103,0.4266282043747615,0.0574895143742839,True
2013-01-04, $75.2857,148374285, $76.7093, $76.9471, $75.1183,16.247308651968925,16.297536255262795,15.91024092278334,15.945642471313477,594333600,-2.7854173050166575,0.3872953324794554,-0.3016661806554488,False
2013-01-03, $77.4422,88054216, $78.2685, $78.5243, $77.2857,16.577408707172562,16.631569430916596,16.369238070292027,16.40252113342285,352965200,-1.2622534583175191,0.2623313606245681,-0.1748875737497108,False
2013-01-02, $78.4328,139906732, $79.1171, $79.2857, $77.3757,16.75714266583897,16.792846384994757,16.388306037427718,16.61220932006836,560518000,3.16816080127722,0.404540347567039,-0.1449333457706103,False
2012-12-31, $76.0247,164519649, $72.9328, $76.4857, $72.7143,15.447299699107342,16.199802218464356,15.40100686737373,16.102069854736328,659492400,4.431030436838768,0.7987953510906252,0.6547701556289862,True
2012-12-28, $72.7984,88117426, $72.8985, $73.4971, $72.5885,15.440037123054008,15.56681560239556,15.374377518293564,15.418855667114258,354278400,-1.0620028115114866,0.1924380841019957,-0.0211814559397502,False
2012-12-27, $73.58,113575314, $73.3628, $73.75, $72.0943,15.53836977305592,15.620367914010776,15.26968463019908,15.584362030029297,455120400,0.4015289964662827,0.350683283811696,0.0459922569733777,True
2012-12-26, $73.2856,75475003, $74.1428, $74.2085, $73.0171,15.703580149755556,15.71749967183776,15.465152988888718,15.5220365524292,302436400,-1.3783610798500878,0.2523466829490424,-0.1815435973263568,False
2012-12-24, $74.3097,43936990, $74.3357, $74.8928, $74.1014,15.744423738083814,15.862426148499058,15.69480051286722,15.73897647857666,175753200,0.161735874010982,0.1676256356318379,-0.0054472595071537,False
2012-12-21, $74.19,148609695, $73.21, $74.2385, $72.8914,15.505995722271184,15.723848946025395,15.438521448173102,15.71356201171875,596268400,-0.460049093168291,0.2853274978522933,0.2075662894475662,True
2012-12-20, $74.5329,120153986, $75.7143, $75.7428, $74.1257,16.03641446263069,16.042466078206605,15.6999527162033,15.78618621826172,481689600,-0.8702010530996396,0.342513362003304,-0.2502282443689712,False
2012-12-19, $75.1871,112061074, $75.9243, $76.2428, $75.0714,16.080892124666207,16.14836642429854,15.900255041164428,15.924763679504396,449369200,-1.4216017680244608,0.2481113831341126,-0.1561284451618103,False
2012-12-18, $76.2714,156143657, $75, $76.4143, $74.3214,15.885123950077668,16.184671586185836,15.741400938362192,16.154415130615234,625685200,2.904635198347627,0.4432706478236436,0.2692911805375662,True
2012-12-17, $74.1185,189181917, $72.7043, $74.2857, $71.6043,15.398885331333773,15.733834456698242,15.165903871644156,15.69843292236328,757607200,1.7732509774368357,0.5679305850540857,0.2995475910295067,True
2012-12-14, $72.8277,252115436, $73.5357, $74.0188, $72.2257,15.574987365252069,15.677257234697096,15.297527685636506,15.42491054534912,1009579200,-3.7568367303464463,0.3797295490605901,-0.1500768199029494,False
2012-12-13, $75.67,155971877, $75.8785, $76.8057, $75.1143,16.071195446362072,16.267566557663265,15.909317704561593,16.027019500732422,625259600,-1.727378122824319,0.3582488531016725,-0.0441759456296502,False
2012-12-12, $77,121630216, $78.2528, $78.2857, $76.61,16.57408949900411,16.58104926187189,16.226130442155977,16.308732986450195,487144000,-0.4414102165681277,0.3549188197159125,-0.2653565125539145,False
2012-12-11, $77.3411,147820794, $77.11, $78.5085, $76.7671,16.33202331203343,16.628243731326794,16.259405566402304,16.381040573120117,592345600,2.1837044961918295,0.3688381649244903,0.0490172610866856,True
2012-12-10, $75.6887,157477787, $75, $76.93, $74.5114,15.885129990939104,16.29390740067603,15.781649770972496,16.03097152709961,630484400,-0.643153791848261,0.5122576297035337,0.1458415361605052,True
2012-12-07, $76.1785,196603459, $79.0571, $79.3143, $75.7143,16.74442854715889,16.79889144286995,16.036406055161514,16.134742736816406,787040800,-2.5564827843203464,0.7624853877084377,-0.6096858103424836,False
2012-12-06, $78.1778,294065958, $75.5628, $79.0443, $74.09,16.004335838217656,16.741706746616185,15.692381229388172,16.558046340942383,1177212400,1.5683380294477578,1.049325517228013,0.5537105027247264,True
2012-12-05, $76.9703,259803118, $81.2728, $81.3214, $76.9671,17.21372198804295,17.224008922249023,16.301764102148287,16.302370071411133,1044638000,-6.435732548195716,0.9222448201007368,-0.9113519166318156,False
2012-12-04, $82.2636,138712182, $83.1143, $83.1143, $81.7328,17.6037447941111,17.6037447941111,17.311156872195642,17.42371368408203,557068400,-1.763886255710112,0.2925879219154588,-0.1800311100290699,False
2012-12-03, $83.7414,90911547, $84.8071, $84.9414, $83.6428,17.962287646140542,17.99072941644096,17.715688884793728,17.7365665435791,364280000,0.1554503590663003,0.2750405316472317,-0.2257211025614403,False
2012-11-30, $83.6114,97622309, $83.8271, $84.0571, $83.24,17.754726254952956,17.803441344131823,17.63036841393968,17.70903778076172,391319600,-0.6923145459214686,0.1730729301921414,-0.0456884741912375,False
2012-11-29, $84.1943,128394879, $84.3164, $84.8928, $83.6071,17.85851749471629,17.98045312383136,17.708138459994423,17.832494735717773,514698800,1.1013334714605083,0.2723146638369371,-0.0260227589985149,False
2012-11-28, $83.2771,130112749, $82.4671, $83.6857, $81.7514,17.466678451043144,17.724774576687917,17.31508913250184,17.63823890686035,520864400,-0.3146483245238141,0.4096854441860778,0.1715604558172074,True
2012-11-27, $83.54,133099650, $84.2214, $84.3457, $82.8714,17.838239889629005,17.864564819149066,17.552307945378427,17.693912506103516,533330000,-0.8057370040116307,0.3122568737706395,-0.1443273835254892,False
2012-11-26, $84.2185,157238387, $82.2714, $84.2857, $81.9585,17.425228639728573,17.851857032225077,17.358964661442773,17.837636947631836,630579600,3.154907647599825,0.4928923707823038,0.412408307903263,True
2012-11-23, $81.6428,68206599, $81.0243, $81.7143, $80.3714,17.161073768423574,17.30721739549154,17.02279804626708,17.29208755493164,272826400,1.7446801681552992,0.2844193492244606,0.1310137865080669,True
2012-11-21, $80.2428,93231278, $80.6071, $81.0528, $79.5143,17.072726095407948,17.167128041629624,16.841255496562038,16.995569229125977,373002000,0.1408850064345657,0.3258725450675861,-0.077156866281971,False
2012-11-20, $80.1305,160537558, $81.7014, $81.7071, $79.2257,17.304490889349914,17.3057012117003,16.780130446449245,16.97165870666504,642754000,-0.8520691835294358,0.5255707652510537,-0.332832182684875,False
2012-11-19, $80.8185,205441312, $77.2443, $81.0714, $77.1257,16.36047157218711,17.17106652974012,16.335358578302497,17.117511749267578,823317600,7.210836309070667,0.8357079514376231,0.7570401770804693,True
2012-11-16, $75.3825,316194785, $75.0285, $75.7143, $72.25,15.891175777611489,16.036411290870664,15.302669610580631,15.966214179992676,1266893600,0.3919123707037508,0.7337416802900325,0.0750384023811872,True
2012-11-15, $75.0885,197157859, $76.79, $77.0714, $74.66,16.26425088297178,16.323857270433162,15.813113895126977,15.903884887695312,789910800,-2.0972921996059823,0.5107433753061859,-0.3603659952764673,False
2012-11-14, $76.6971,119026076, $77.9285, $78.2071, $76.5971,16.50540013442903,16.56440215994244,16.223401381151543,16.24458122253418,477170400,-1.1088511747740504,0.3410007787908959,-0.2608189118948516,False
2012-11-13, $77.5568,133201920, $76.9871, $78.64, $76.6228,16.30600234037975,16.656079699009663,16.228845479923326,16.426729202270508,532949200,0.0129017633493822,0.4272342190863369,0.1207268618907591,True
2012-11-12, $77.5471,128801509, $79.1643, $79.2143, $76.95,16.767123371226592,16.77771409848414,16.298133843810547,16.424610137939453,515802000,-0.7732363254220553,0.4795802546735928,-0.3425132332871392,False
2012-11-09, $78.1514,232298080, $77.2028, $79.2685, $76.2457,16.35169212331711,16.78921331255664,16.14896709387726,16.552600860595703,929913600,1.7312647746793308,0.6402462186793798,0.200908737278592,True
2012-11-08, $76.8214,263467059, $80.09, $80.3185, $76.47,16.96319701199487,17.011609936153537,16.196475908696986,16.27090835571289,1056146000,-3.6290478825912857,0.8151340274565513,-0.6922886562819777,False
2012-11-07, $79.7145,198152419, $81.9764, $82.0771, $79.3928,17.362899818460896,17.38407966736426,16.815542844375347,16.883623123168945,793648800,-3.8262395358565016,0.5685368229889143,-0.4792766952919507,False
2012-11-06, $83.2642,93580438, $84.3185, $84.3914, $82.87,17.77761746891849,17.792977718630727,17.472202814806714,17.55533218383789,374917200,-0.3027512998266868,0.3207749038240131,-0.2222852850805985,False
2012-11-05, $83.5173,132221850, $83.3593, $83.9671, $82.5143,17.57551083463986,17.70351933174157,17.397200703779653,17.608642578125,529135600,1.3557539755949088,0.3063186279619181,0.0331317434851392,True
2012-11-02, $82.4,149722555, $85.1271, $85.2785, $82.1071,17.948093041347594,17.98001996507705,17.31136099236046,17.373106002807617,599373600,-3.309058630403161,0.6686589727165924,-0.5749870385399767,False
2012-11-01, $85.22,90287637, $85.46, $86.1428, $84.8814,18.01826744204543,18.16223936691468,17.89628307335908,17.967666625976562,361298000,0.2048830913317312,0.2659562935556003,-0.0506008160688686,False
2012-10-31, $85.0457,127361118, $84.9828, $85.9943, $83.9571,17.91767616151373,18.13092451516063,17.701416561596734,17.93092918395996,510003200,-1.4370358845363973,0.4295079535638955,0.0132530224462321,True
2012-10-26, $86.2857,254608276, $87.0614, $87.7143, $84.4285,18.355909766698225,18.493558399704664,17.800803193168424,18.192359924316406,1018432800,-0.9088961616834924,0.6927552065362406,-0.1635498423818191,False
2012-10-25, $87.0768,159313328, $88.5714, $88.8571, $86.5071,18.67427937187163,18.734520363006496,18.239048264492165,18.35922622680664,656325600,-1.181862429410463,0.4954720985143304,-0.31505314506499,False
2012-10-24, $88.1185,139246492, $88.7771, $89.5071, $87.2343,18.717655602774208,18.87156693389668,18.392360637706872,18.57880210876465,558527200,0.5657222785242944,0.4792062961898082,-0.1388534940095596,False
2012-10-23, $87.6222,176497913, $90.1428, $90.5571, $87.3857,19.00560175267659,19.092950408389505,18.424291317563704,18.474288940429688,707145600,-3.2601134269499066,0.6686590908258019,-0.5313128122469024,False
2012-10-22, $90.5757,136374671, $87.4885, $90.7685, $87.2514,18.44597921788389,19.137529994294574,18.395979979001943,19.09686851501465,546730800,3.966631437441692,0.7415500152926313,0.6508892971307567,True
2012-10-19, $87.12,185618286, $90.15, $90.2528, $87.0885,19.00710802595758,19.028793178775064,18.361639744615985,18.36826705932617,744086000,-3.603933653283531,0.6671534341590792,-0.6388409666314132,False
2012-10-18, $90.3771,119025656, $91.37, $91.7228, $90,19.264329534143865,19.338724351384897,18.975479981998856,19.05499649047852,476624400,-1.856949145282716,0.3632443693860381,-0.209333043665346,False
2012-10-17, $92.0876,97195099, $92.6957, $93.2557, $92,19.543843995684597,19.661913150270205,19.39715996111365,19.4155330657959,389037600,-0.7971637428980549,0.2647531891565542,-0.1283109298886984,False
2012-10-16, $92.8275,137208791, $90.7671, $92.9, $90.1428,19.137223235758487,19.586912225670524,19.00559866777069,19.57155036926269,549771600,2.3678081682717567,0.5813135578998327,0.4343271335042047,True
2012-10-15, $90.68,107948432, $90.3357, $90.7328, $89.1214,19.04626421512213,19.12999679912685,18.79024557414147,19.118852615356445,432502000,0.8019680538195795,0.3397512249853811,0.0725884002343164,True
2012-10-12, $89.9591,114883754, $89.9371, $90.7685, $89.3285,18.962226899626607,19.1375241811159,18.83391759623897,18.96674537658692,460014800,0.2563362696312854,0.3036065848769311,0.0045184769603103,True
2012-10-11, $89.7285,136341211, $92.3571, $92.4571, $89.7285,19.47245693358512,19.493540477625046,18.918251037597656,18.918251037597656,546081200,-1.9987155292513492,0.5752894400273902,-0.5542058959874652,False
2012-10-10, $91.5585,127322338, $91.3914, $92.14, $91,19.26884420030945,19.426672379275256,19.186316455659284,19.30408477783203,510356000,0.7957575531834626,0.2403559236159722,0.0352405775225825,True
2012-10-09, $90.8357,209390853, $91.2357, $91.4985, $89.0785,19.23601960679826,19.29143972348172,18.781210469387972,19.151683807373047,838597200,-0.3634981637547718,0.5102292540937476,-0.0843357994252116,False
2012-10-08, $91.1671,159189568, $92.4114, $92.5085, $90.8728,19.4838972415412,19.5043791749982,19.159506396597127,19.22155380249023,637994000,-2.209707037549824,0.3448727784010721,-0.2623434390509658,False
2012-10-05, $93.2271,148189554, $95.0285, $95.1428, $93.04,20.035702561957866,20.059797358683635,19.616434761211124,19.65589141845703,594006000,-2.1310307756886693,0.443362597472511,-0.3798111435008344,False
2012-10-04, $95.2571,92516018, $95.8928, $96.3214, $95.0785,20.217917770851734,20.308277643583303,20.04623658637552,20.083885192871097,370725600,-0.6925568412398664,0.2620410572077816,-0.1340325779806406,False
2012-10-03, $95.9214,105850532, $94.98, $95.98, $94.6614,20.025459447732693,20.236298137351152,19.95829193427667,20.22394752502441,424281200,1.533326432409976,0.278006203074483,0.1984880772917172,True
2012-10-02, $94.4728,156293037, $94.5443, $95.1928, $92.95,19.93359086355717,20.07033552066564,19.59745412649887,19.91853141784668,627992400,0.291182127410039,0.472881394166766,-0.0150594457104915,False
2012-10-01, $94.1985,135694481, $95.88, $96.6785, $93.7857,20.2152104283053,20.383581199284063,19.773654377677992,19.860700607299805,543594800,-1.1557570947972715,0.60992682160607,-0.3545098210054966,False
2012-09-28, $95.3007,133569490, $96.9643, $97.3014, $95.25,20.44382140054505,20.51490417099203,20.08238344839335,20.092926025390625,535110800,-2.087147762388031,0.432520722598678,-0.3508953751544261,False
2012-09-27, $97.3314,148037514, $94.8985, $97.4528, $94.3357,20.008294734900897,20.546836541617783,19.88962234794608,20.5212345123291,594090000,2.426389912953564,0.6572141936717024,0.5129397774282047,True
2012-09-26, $95.0257,144088393, $95.5343, $96.0985, $94.4571,20.142330558330453,20.26130376702494,19.915227525379564,20.03510475158692,576503200,-1.2412159512486642,0.3460762416453775,-0.1072258067435356,False
2012-09-25, $96.22,129376629, $98.3228, $98.9685, $96.1428,20.73027185704379,20.86641498636058,20.27064321980204,20.286909103393555,518789600,-2.4970983852070083,0.595771766558542,-0.4433627536502342,False
2012-09-24, $98.6843,159435968, $98.1228, $99.3028, $97.5714,20.68809708663836,20.936886836917083,20.57183434599959,20.80646705627441,639766400,-1.3283867489670365,0.3650524909174883,0.1183699696360491,True
2012-09-21, $100.0135,142582763, $100.3443, $100.7243, $99.9088,21.156456322218546,21.23657444125245,21.064590805764503,21.086578369140625,571589200,0.1989579360579307,0.1719836354879476,-0.0698779530779205,False
2012-09-20, $99.8143,83949835, $99.88, $100.0085, $99.0885,21.058562875474536,21.085672125469465,20.89169935331385,21.044708251953125,336568400,-0.4842710229291835,0.1939727721556146,-0.0138546235214107,False
2012-09-19, $100.3,81575714, $100.0371, $100.57, $99.9385,21.091697508714944,21.20404334348776,21.07091476788185,21.147117614746097,326874800,0.0270295043820922,0.1331285756059088,0.0554201060311498,True
2012-09-18, $100.2728,93139368, $99.9828, $100.3328, $99.4885,21.080259769943336,21.15405300803783,20.976045219176516,21.141403198242188,373503200,0.3044284792159013,0.1780077888613149,0.0611434282988518,True
2012-09-17, $99.9687,98918360, $99.9071, $99.9714, $99.23,21.06428586797969,21.07783968849613,20.92151874406369,21.077238082885746,398031200,1.2295905294798848,0.1563209444324407,0.0129522149060541,True
2012-09-14, $98.7543,149877325, $98.565, $99.5685, $98.27,20.7814648553922,20.99290512729295,20.71911502063765,20.82122230529785,600474000,1.2152805786720178,0.2737901066553014,0.0397574499056538,True
2012-09-13, $97.5685,149262095, $96.7671, $97.9285, $96.3957,20.40225186282917,20.647126247950208,20.32394018803737,20.571224212646484,598360000,1.9692618614917556,0.3231860599128389,0.168972349817313,True
2012-09-12, $95.6843,177589913, $95.2643, $95.7, $93.7143,20.085394525438645,20.177260037684515,19.758595552695112,20.17394638061523,712233200,1.3927004634729734,0.418664484989403,0.0885518551765898,True
2012-09-11, $94.37,125760918, $95.0157, $95.7285, $93.7857,20.03298437671846,20.18328122310704,19.773652142781287,19.89684295654297,503983200,-0.3244429313435715,0.4096290803257538,-0.1361414201754911,False
2012-09-10, $94.6771,121551956, $97.2071, $97.6128, $94.5857,20.49502864381628,20.58056765884062,19.94232985662811,19.96160697937012,487998000,-2.601241603411686,0.6382378022125117,-0.5334216644461591,False
2012-09-07, $97.2057,82228185, $96.8643, $97.4971, $96.5385,20.42273587882907,20.556168483155385,20.354064358156688,20.49472427368164,329666400,0.6166047196587643,0.2021041249986979,0.0719883948525712,True
2012-09-06, $96.61,97738999, $96.1671, $96.8985, $95.8285,20.275756123480196,20.429969887703567,20.204372539304323,20.36912727355957,391196400,0.9011888614300024,0.2255973483992441,0.0933711500793741,True
2012-09-05, $95.7471,83949835, $96.51, $96.6214, $95.6571,20.348041910123985,20.37153509699793,20.168226135533725,20.18720245361328,336375200,-0.7022673648466315,0.2033089614642058,-0.160839456510704,False
2012-09-04, $96.4243,91805028, $95.1085, $96.4485, $94.9285,20.052570189280456,20.33509330484465,20.014619154950896,20.329973220825195,367892000,1.462669677012296,0.3204741498937551,0.2774030315447398,True
2012-08-31, $95.0343,84463495, $95.3214, $95.5143, $93.8928,20.097439750631523,20.138101212281946,19.79624123618441,20.03689956665039,338321200,0.2063724886538276,0.3418599760975347,-0.0605401839811321,False
2012-08-30, $94.8383,75514273, $95.8057, $95.9363, $94.6933,20.19954620170679,20.22695464450021,19.96491197974177,19.99563407897949,302699600,-1.4254723828360127,0.2620426647584395,-0.2039121227273028,False
2012-08-29, $96.2094,50544551, $96.4643, $96.81, $96.0857,20.338401816031865,20.41129101127644,20.25858450382487,20.284788131713867,202806800,-0.1970988564831688,0.152706507451569,-0.0536136843179981,False
2012-08-28, $96.4,66709096, $96.4253, $96.5857, $95.8104,20.33026906067035,20.364004020093063,20.20045252289183,20.324848175048828,267416800,-0.1302346679512678,0.163551497201233,-0.0054208856215218,False
2012-08-27, $96.5257,106575802, $97.1414, $97.2671, $96.22,20.48116761114312,20.507673648706017,20.286895631862613,20.35135269165039,427008400,1.8787078535337232,0.2207780168434041,-0.1298149194927305,False
2012-08-24, $94.746,107074132, $94.2157, $95.64, $93.65,19.864316624535657,20.16461118056153,19.745042658717686,19.97606086730957,437340400,0.0890777882943671,0.4195685218438427,0.1117442427739128,True
2012-08-23, $94.6614,104855271, $95.1585, $95.7, $94.45,20.06309855148237,20.17725238565588,19.91370414859887,19.958282470703125,420128800,-0.9329669530653506,0.2635482370570088,-0.1048160807792442,False
2012-08-22, $95.5528,140900172, $93.4885, $95.5714, $92.5871,19.71100900554066,20.150155497748557,19.520953049044245,20.146240234375,565322800,1.9525695736053008,0.6292024487043122,0.4352312288343398,True
2012-08-21, $93.7231,202792581, $95.8314, $96.4114, $92.9043,20.20497356417612,20.327260394745803,19.587817722128047,19.760404586791992,812719600,-1.3666152307646562,0.7394426726177556,-0.4445689773841295,False
2012-08-20, $95.0214,152992536, $92.8585, $95.0214, $92.8428,19.57818097710185,20.034194946289062,19.57486731956005,20.034194946289062,613384800,2.629209019327483,0.4593276267290136,0.4560139691872109,True
2012-08-17, $92.5871,110457373, $91.4285, $92.5985, $91.2585,19.27667721300761,19.52335804977937,19.240835028226325,19.52094841003418,442761200,1.8496157128617965,0.2825230215530467,0.2442711970265705,True
2012-08-16, $90.9057,63601368, $90.1728, $90.9657, $90.0714,19.01192830734693,19.179092678284324,18.99054234770824,19.16644287109375,254534000,0.873463268004615,0.1885503305760849,0.1545145637468188,True
2012-08-15, $90.1185,64307325, $90.1857, $90.5714, $89.6785,19.014637689860816,19.095960631958125,18.90771272334661,19.00048065185547,257342400,-0.1361562241799951,0.1882479086115154,-0.0141570380053472,False
2012-08-14, $90.2414,84939075, $90.2671, $91.23, $90.03,19.03180875639522,19.23481694701628,18.981809520324457,19.026386260986328,340169200,0.2682886009761187,0.2530074266918234,-0.0054224954088901,False
2012-08-13, $90,69562052, $89.0557, $90, $89.0357,18.77638597786184,18.97547721862793,18.77216830434676,18.97547721862793,278832400,1.335017528305693,0.2033089142811697,0.1990912407660907,True
2012-08-10, $88.8143,48726623, $88.3871, $88.8228, $88.3857,18.635431170710746,18.727295088674897,18.63513036781349,18.725488662719727,194938800,0.1562909823877856,0.0921647208614082,0.0900574920089809,True
2012-08-09, $88.6757,55081834, $88.2643, $88.8185, $88.2571,18.609522657665547,18.726388579085448,18.60801703493735,18.69626808166504,221642400,0.5702885454430762,0.118371544148097,0.086745423999492,True
2012-08-08, $88.5514,60970746, $88.4843, $89.1257, $88.1571,18.576153500592167,18.71081437709273,18.50747443544161,18.59025001525879,244706000,-0.1691256219683912,0.203339941651123,0.0140965146666225,True
2012-08-07, $88.702,72558872, $88.9671, $89.2857, $88.2914,18.67752638531662,18.744406758940457,18.535669070182458,18.62174415588379,290446800,-0.2634502223222035,0.2087376887579992,-0.0557822294328325,False
2012-08-06, $88.9357,75488233, $88.1843, $89.2668, $87.8943,18.51317860061216,18.740512013395374,18.45229816392802,18.67093276977539,302103200,1.112627217822526,0.288213849467354,0.1577541691632298,True
2012-08-03, $87.9571,86083296, $87.6614, $88.2828, $87.3657,18.40339914246684,18.53386032748519,18.34131748049033,18.46548080444336,344920800,1.3014112591002824,0.1925428469948613,0.0620816619765207,True
2012-08-02, $86.8271,83023385, $86.12, $87.2414, $85.75,18.07980156437809,18.315229841431343,18.002124183710063,18.228256225585938,332158400,0.1615269135363473,0.3131056577212803,0.1484546612078467,True
2012-08-01, $86.6871,96002719, $87.9864, $88.0571, $86.1428,18.47177923546494,18.4864747789688,18.08459370860861,18.19886016845703,384501600,-0.6467293927570394,0.40188107036019,-0.2729190670079084,False
2012-07-31, $87.2514,115373055, $86.1757, $87.3857, $86.1028,18.091491233403467,18.345516702987847,18.076196657122168,18.317323684692383,462327600,2.6435141542203944,0.2693200458656797,0.225832451288916,True
2012-07-30, $85.0043,94626868, $84.4171, $85.6343, $83.9743,17.72231020169139,17.977833368234577,17.629336627268966,17.84557342529297,379142400,1.686725303618375,0.3484967409656114,0.1232632236015796,True
2012-07-27, $83.5943,100956620, $82.1443, $83.69, $81.6557,17.245152063414324,17.56965540851168,17.14258273857057,17.549560546875,403936400,1.7881749464343957,0.4270726699411078,0.3044084834606764,True
2012-07-26, $82.1257,101611050, $82.8228, $82.9143, $81.48,17.387611593527684,17.406806306281187,17.105697258435548,17.241256713867188,406632800,-0.0156402122909904,0.3011090478456388,-0.1463548796604961,False
2012-07-25, $82.1385,219211506, $82.0657, $82.9714, $81.4285,17.228659121034028,17.418801117750373,17.094898383542972,17.243953704833984,877312800,-4.318353845216006,0.323902734207401,0.0152945837999567,True
2012-07-24, $85.8457,137351661, $86.7685, $87.0971, $85.5014,18.215957745682186,18.28493791633595,17.949937135856302,18.022216796875,565132400,-0.4819166455669266,0.3350007804796462,-0.1937409488071857,False
2012-07-23, $86.2614,121642186, $84.9143, $86.5571, $83.9585,17.826673471579806,18.17157111236008,17.626034030492644,18.10948944091797,487975600,-0.0778048282773835,0.5455370818674368,0.2828159693381629,True
2012-07-20, $86.3285,99227200, $87.5757, $87.7771, $86.2428,18.385411494939525,18.4276994386421,18.105595429306625,18.12359046936035,397471200,-1.631041752333362,0.3221040093354759,-0.2618210255791737,False
2012-07-19, $87.76,108981913, $87.3257, $87.9071, $86.5714,18.332921912010583,18.45498542911588,18.17456880828095,18.424095153808597,436861600,1.3294310171198642,0.2804166208349308,0.091173241798014,True
2012-07-18, $86.6085,62685509, $86.6557, $86.9057, $86.2228,18.19226991868864,18.24475425200943,18.101396165780656,18.182373046875,252700000,-0.1120763292612903,0.1433580862287726,-0.0098968718136376,False
2012-07-17, $86.7057,73378782, $87.2557, $87.3571, $86.1643,18.318238662144285,18.339533201491783,18.08910653571363,18.20277404785156,293624800,0.0049879388285711,0.2504266657781535,-0.1154646142927262,False
2012-07-16, $86.7014,75263813, $86.4457, $87.3743, $86.4314,18.148182150533604,18.343122803908606,18.145182176466182,18.201866149902344,301260400,0.3206828057564115,0.1979406274424242,0.0536839993687401,True
2012-07-13, $86.4243,77827633, $86.1357, $86.7414, $85.7143,18.08310158505869,18.21026172092955,17.994627178825816,18.1436824798584,311427200,1.0135318097879598,0.2156345421037357,0.0605808947997097,True
2012-07-12, $85.5571,106873442, $85.7485, $86.21, $84.6685,18.001823705447098,18.098694186753384,17.775091040222964,17.96163558959961,428041600,-0.914907297678047,0.3236031465304201,-0.0401881158474886,False
2012-07-11, $86.3471,117068665, $86.5885, $86.8085, $85.3171,18.178169292236557,18.224355751384863,17.91125012715998,18.127485275268555,469322000,-0.6215113963448982,0.3131056242248817,-0.0506840169680025,False
2012-07-10, $86.8871,127763688, $88.2814, $88.5528, $86.4728,18.533565555696192,18.590549044976022,18.153879042379973,18.240854263305664,511957600,-0.9252470766690336,0.436670002596049,-0.2927112923905284,False
2012-07-09, $87.6985,94701768, $86.4714, $87.7, $86.3014,18.15358040345674,18.411502901306704,18.117891442343083,18.41120338439941,379405600,1.3220673168869768,0.2936114589636212,0.2576229809426706,True
2012-07-06, $86.5543,104693151, $86.7271, $86.92, $85.94,18.207260505600072,18.24774813533929,18.042010496285467,18.170970916748047,418930400,-0.6656992678402918,0.2057376390538223,-0.0362895888520249,False
2012-07-05, $87.1343,120978516, $85.7943, $87.7628, $85.6643,18.011428635913795,18.42470606112755,17.984137349998797,18.29274559020996,484383200,1.756757574011747,0.4405687111287548,0.281316954296166,True
2012-07-03, $85.63,60428183, $84.9828, $85.7143, $84.8571,17.841075472768022,17.994629957640438,17.814684346792816,17.9769344329834,241712800,1.162840869865378,0.1799456108476214,0.1358589602153763,True
2012-07-02, $84.6457,99806940, $83.5328, $84.7814, $83.3714,17.536664603853392,17.79878513354247,17.50277434716425,17.770294189453125,400092000,1.4589039663788217,0.2960107863782184,0.2336295855997328,True
2012-06-29, $83.4285,105131912, $82.5714, $83.4285, $82.0357,17.33482332491956,17.5147705078125,17.222357136458765,17.5147705078125,421500800,2.627197349936461,0.2924133713537351,0.1799471828929384,True
2012-06-28, $81.2928,70572061, $81.6671, $82, $80.8014,17.14497996564055,17.21485869316411,16.963234089349505,17.066402435302734,282836400,-0.9486456103761532,0.251624603814605,-0.0785775303378173,False
2012-06-27, $82.0714,50737114, $82.1428, $82.3914, $81.7028,17.24484773933384,17.297032544473872,17.152476421779713,17.2298526763916,202997200,0.4317716613214006,0.1445561226941585,-0.014995062942237,False
2012-06-26, $81.7178,69124972, $81.6185, $82.07, $81.0471,17.134783871097397,17.229556144973802,17.014820143384117,17.155778884887695,276536400,0.2207524950257777,0.2147360015896851,0.0209950137902978,True
2012-06-25, $81.5378,75963043, $82.4714, $82.8285, $81.4814,17.313831307768908,17.388809840574808,17.105993800389893,17.117990493774414,304382400,-1.9463761622400375,0.2828160401849153,-0.1958408139944936,False
2012-06-22, $83.1571,70792001, $82.72, $83.17, $82.2028,17.366012370690626,17.46048350771463,17.25744472156211,17.45778465270996,284471600,0.7668841842825236,0.203038786152522,0.0917722820193347,True
2012-06-21, $82.5243,81511944, $83.6343, $84.0314, $82.4914,17.55795305401765,17.641327645054414,17.318024064630958,17.324922561645508,326351200,-1.3777315002812096,0.3233035804234561,-0.2330304923721406,False
2012-06-20, $83.6773,89706357, $84.03, $84.1785, $82.9714,17.641024678603838,17.672216065785502,17.418791250439668,17.56694793701172,358943200,-0.2843207002381165,0.2534248153458343,-0.074076741592119,False
2012-06-19, $83.9157,90239127, $83.3428, $84.2857, $83.3,17.496772003896503,17.694712584520346,17.487775287211512,17.617036819458008,361404400,0.2782720662876103,0.2069372973088334,0.1202648155615051,True
2012-06-18, $83.6828,109922713, $81.5657, $83.9843, $81.4814,17.1236842218841,17.63143090412925,17.105988703990295,17.56814956665039,440412000,2.029158182486434,0.5254422001389543,0.4444653447662894,True
2012-06-15, $82.0185,83596545, $81.5714, $82.0885, $81.3643,17.124881722157312,17.233449358804794,17.081394123458292,17.218753814697266,335255200,0.4549053295952232,0.1520552353465021,0.0938720925399536,True
2012-06-14, $81.6471,86325986, $81.6057, $81.9285, $81.0371,17.132082294539334,17.19986279899963,17.012719221286947,17.140779495239258,345573200,-0.1101303346048077,0.1871435777126819,0.0086972006999239,True
2012-06-13, $81.7371,73380042, $82.0743, $82.64, $81.4828,17.230456393544056,17.349220452609135,17.10629302170189,17.159677505493164,293580000,-0.6942320371296162,0.242927430907244,-0.0707788880508921,False
2012-06-12, $82.3085,108784723, $82.0657, $82.3743, $80.9571,17.22865475562883,17.29343368436178,16.995923752719047,17.279638290405273,435380400,0.873696142094893,0.2975099316427325,0.0509835347764422,True
2012-06-11, $81.5957,147605824, $83.96, $84.0714, $81.5185,17.626324769362622,17.649717503105432,17.113778040440994,17.129974365234375,591264800,-1.5767701609186835,0.5359394626644374,-0.4963504041282469,False
2012-06-08, $82.9028,86587996, $81.6571, $82.9405, $81.2857,17.142880302644222,17.41220042975374,17.06490340702194,17.404401779174805,347516400,1.5042112107251704,0.3472970227317979,0.2615214765305822,True
2012-06-07, $81.6743,94916808, $82.47, $82.4743, $81.5,17.313532829236564,17.314431380023258,17.109893351481503,17.146482467651367,379766800,0.0455061127763611,0.204538028541755,-0.167050361585197,False
2012-06-06, $81.6371,100135800, $81.11, $81.9785, $80.7857,17.028015831649398,17.210360754622158,16.959935802215018,17.138683319091797,401455600,1.53331520132014,0.2504249524071404,0.1106674874423987,True
2012-06-05, $80.4043,96944429, $80.1814, $80.9243, $79.7614,16.83307632445565,16.98903015074677,16.744903021755317,16.87986183166504,388214400,-0.2587213938226251,0.2441271289914546,0.046785507209389,True
2012-06-04, $80.6128,138991972, $80.2143, $81.0714, $78.3571,16.839972795157042,17.019918387252638,16.450089878102578,16.923646926879883,556995600,0.588234160456369,0.5698285091500601,0.0836741317228408,True
2012-06-01, $80.1414,130080689, $81.3085, $81.8071, $80.0743,17.069705699366477,17.174374856201556,16.810583506329408,16.824678421020508,520987600,-2.897505909166165,0.3637913498721481,-0.2450272783459688,False
2012-05-31, $82.5328,122817347, $82.9628, $83.0714, $81.6371,17.416992669039036,17.43978637731072,17.138677502823526,17.32672119140625,491674400,-0.2486921918030793,0.3011088744871948,-0.0902714776327862,False
2012-05-30, $82.7385,132188320, $81.3143, $82.8557, $80.9371,17.0709079759629,17.39451124974433,16.991731382288258,17.369918823242188,529429600,1.205744213129023,0.4027798674560721,0.2990108472792876,True
2012-05-29, $81.7528,94973228, $81.5571, $82, $80.7585,17.12189054224834,17.214862521709186,16.954241141942266,17.16297721862793,380508800,1.7748964900083264,0.2606213797669205,0.0410866763795887,True
2012-05-25, $80.3271,81958125, $80.6557, $80.8357, $79.7817,16.93264481003087,16.970433591614757,16.749098613040008,16.863664627075195,328507200,-0.5359622430225697,0.2213349785747489,-0.0689801829556735,False
2012-05-24, $80.76,123856147, $82.2671, $82.3571, $80.1757,17.270939624395957,17.289834811751902,16.83187037632348,16.95453453063965,496230000,-0.9184350901347615,0.4579644354284227,-0.316405093756309,False
2012-05-23, $81.5085,145594164, $79.6428, $81.8285, $79.0328,16.72000946551428,17.178874223892883,16.59194915552938,17.1116943359375,584897600,2.439982424745657,0.5869250683635023,0.3916848704232194,True
2012-05-22, $79.5671,173417772, $81.3643, $81.9828, $78.94,17.08140247682464,17.21126470111085,16.572455893558352,16.704116821289062,694870400,-0.7678177360866179,0.6388088075524969,-0.3772856555355766,False
2012-05-21, $80.1828,157250007, $76.3571, $80.22, $76.2928,16.030208163127163,16.84116504199763,16.016710688016477,16.83336639404297,631106000,5.825983767092802,0.8244543539811531,0.8031582309158054,True
2012-05-18, $75.7685,182773345, $76.28, $77.63, $74.5971,16.01401566164284,16.29743067283496,15.660721929091844,15.90664768218994,732292400,0.0490307960066216,0.6367087437431156,-0.107367979452901,False
2012-05-17, $75.7314,178603164, $77.9014, $78.2143, $75.7314,16.354415916316967,16.42009660385094,15.898852348327637,15.898852348327637,717220000,-2.9226299797473487,0.5212442555233032,-0.4555635679893299,False
2012-05-16, $78.0107,139914782, $79.15, $79.5557, $77.2914,16.616535096870436,16.70170999347179,16.226351166742067,16.377506256103516,560896000,-1.2817292221271148,0.4753588267297246,-0.2390288407669203,False
2012-05-15, $79.0243,118859546, $80.2071, $80.46, $78.8214,16.838473763739426,16.891557129277082,16.547559558222588,16.590147018432617,476336000,-0.9046395073540436,0.3439975710544942,-0.2483267453068087,False
2012-05-14, $79.7457,87975396, $80.3671, $81.0728, $79.6571,16.872059337893376,17.02021446405634,16.723004059502777,16.74159812927246,352626400,-1.498128811897681,0.2972104045535637,-0.1304612086209147,False
2012-05-11, $80.9585,99653570, $80.7143, $82.0671, $80.6214,16.944938795837903,17.228954455083397,16.9254445729627,16.99622344970703,399546000,-0.6678093339028801,0.3035098821206965,0.0512846538691285,True
2012-05-10, $81.5028,83026395, $82.0828, $82.2685, $81.2058,17.23225290935256,17.271241356382298,17.048109298387356,17.110488891601562,333200000,0.2354366651236006,0.2231320579949418,-0.1217640177509977,False
2012-05-09, $81.3114,120022806, $80.5285, $81.9968, $80.1214,16.905949293639974,17.21425783299889,16.82047487586603,17.07029914855957,480704000,0.1759900067494824,0.3937829571328599,0.164349854919596,True
2012-05-08, $81.1685,124080357, $81.3685, $81.6428, $79.8185,17.082296723273807,17.13987923901349,16.756894885211185,17.04030990600586,497252000,-0.2282770249632859,0.3829843538023034,-0.0419868172679471,False
2012-05-07, $81.3543,114959564, $80.2143, $81.8243, $80.1757,16.83996964190542,17.177968799935083,16.83187147512503,17.07929801940918,460118400,0.7483382855388854,0.3460973248100529,0.2393283775037602,True
2012-05-04, $80.75,132304520, $82.44, $82.6228, $80.7385,17.307230985638377,17.345618796249564,16.950037108874454,16.952436447143555,529992400,-2.847951971163809,0.3955816873751097,-0.3547945384948221,False
2012-05-03, $83.1171,97380669, $84.3571, $84.4857, $82.9,17.70970997623202,17.73670172909128,17.403800774336496,17.449386596679688,390549600,-0.7099261595178374,0.3329009547547841,-0.2603233795523323,False
2012-05-02, $83.7114,106750312, $82.8914, $83.9142, $82.6943,17.402001569611954,17.6167375386968,17.360613785493804,17.57415008544922,427389200,0.6613513259582815,0.2561237532029956,0.1721485158372644,True
2012-05-01, $83.1614,152492176, $83.5571, $85.2514, $83.0328,17.541761919861205,17.897455033762146,17.431695072049184,17.45868682861328,610999200,-0.3167558692839134,0.4657599617129619,-0.0830750912479239,False
2012-04-30, $83.4257,126321688, $85.4, $85.4857, $83.2857,17.928640745038905,17.94663577760369,17.484772885271806,17.514163970947266,506144800,-3.154245983536219,0.461862892331883,-0.4144767740916393,False
2012-04-27, $86.1428,101533910, $86.4385, $86.5971, $85.7857,18.146679909539703,18.179969525407824,18.00961971857229,18.084596633911133,406722400,-0.7734232255737883,0.1703498068355351,-0.06208327562857,False
2012-04-26, $86.8143,133588810, $87.7528, $87.8128, $86.0185,18.42259779054118,18.435195118159644,18.058506992712893,18.225557327270508,536068400,-0.3770276587732213,0.3766881254467513,-0.197040463270671,False
2012-04-25, $87.1428,225862488, $87.9478, $88.2857, $86.5714,18.46368290306012,18.53446177302269,18.174569078154157,18.294532775878903,905777600,8.874080655959338,0.3598926948685346,-0.169150127181215,False
2012-04-24, $80.04,263552249, $80.3728, $81.0985, $79.2857,16.87326543618762,17.025620263001734,16.64503351377248,16.803386688232422,1076149200,-1.9975021628306444,0.3805867492292556,-0.0698787479551974,False
2012-04-23, $81.6714,241398292, $81.5157, $82.3814, $79.5171,17.11318695272216,17.294932801607317,16.69361193058955,17.145875930786133,966529200,-0.223419574835737,0.6013208710177658,0.0326889780639731,True
2012-04-20, $81.8543,257480867, $84.4828, $84.9457, $81.4885,17.736103992724836,17.83327560025657,17.107491721129314,17.184268951416016,1030985200,-2.461472605056969,0.7257838791272562,-0.55183504130882,False
2012-04-19, $83.92,208302982, $85.7457, $86.3903, $83.5028,18.00121476756477,18.13647459944911,17.53035525238346,17.617929458618164,834719200,-3.4356366966511453,0.6061193470656505,-0.3832853089466042,False
2012-04-18, $86.9057,238277411, $87.6743, $88.6071, $86.1014,18.40610439677757,18.60194680164173,18.07590223682284,18.244752883911133,954531200,-0.2230234092697069,0.5260445648188892,-0.1613515128664389,False
2012-04-17, $87.1,255328647, $82.7057, $87.1428, $81.7014,17.363010967864938,18.294530620705807,17.1521735686551,18.285533905029297,1025528000,5.097123086890609,1.1423570520507056,0.9225229371643592,True
2012-04-16, $82.8757,262356159, $87.1514, $87.1828, $82.6071,18.29633176470108,18.30292914294081,17.342317876336384,17.398700714111328,1050786800,-4.1472046275335845,0.960611266604424,-0.8976310505897516,False
2012-04-13, $86.4614,214640084, $89.1585, $89.2428, $86.2157,18.71771080152348,18.73540632363498,18.099895544284127,18.151479721069336,859644800,-2.816459128209814,0.6355107793508523,-0.5662310804541448,False
2012-04-12, $88.9671,153188746, $89.2857, $90.19, $88.6428,18.74440493376196,18.93424901060439,18.6094445301508,18.67752456665039,614336800,-0.5477065518110225,0.3248044804535901,-0.0668803671115689,False
2012-04-11, $89.4571,173844142, $90.8857, $90.9814, $89.0489,19.08029676686538,19.100390018167204,18.69461045198073,18.780385971069336,696614800,-0.3564721993176145,0.4057795661864745,-0.2999107957960447,False
2012-04-10, $89.7771,221909237, $91.4185, $92, $89.4285,19.192168902435107,19.31423244303904,18.774394105674283,18.84757232666016,889725200,-1.2244144794601453,0.5398383373647562,-0.3445965757749469,False
2012-04-09, $90.89,149052655, $89.4471, $91.4057, $89.3285,18.77829604151269,19.189473533082204,18.753404101858123,19.081205368041992,597536800,0.4024509564332312,0.4360694312240802,0.3029093265293028,True
2012-04-05, $90.5257,159997578, $89.5685, $90.6657, $89.0571,18.80378015100077,19.03411177512045,18.696412186804537,19.00472068786621,641298000,1.5008535529664302,0.3376995883159139,0.200940536865442,True
2012-04-04, $89.1871,142980433, $89.1928, $89.4085, $88.1428,18.72490496076795,18.77019126499858,18.50447018302004,18.723705291748047,572980800,-0.7961279763089801,0.2657210819785405,-0.001199669019904,False
2012-04-03, $89.9028,208117692, $89.6143, $90.3157, $88.93,18.813383713174176,18.960641930787684,18.6697277071511,18.873966217041016,834559600,1.7280329398601024,0.2909142236365838,0.0605825038668399,True
2012-04-02, $88.3757,149091365, $85.9757, $88.3957, $85.7685,18.049508274835688,18.55755611894764,18.006020670986043,18.55335807800293,598351600,3.182333850802377,0.5515354479615979,0.5038498031672418,True
2012-03-30, $85.65,182067395, $86.9671, $87.2228, $85.42,18.257654891416845,18.31133890996307,17.932851923700962,17.981138229370117,731038000,-1.6905320631400933,0.3784869862621072,-0.2765166620467276,False
2012-03-29, $87.1228,151111705, $87.54, $88.08, $86.7471,18.37791660341953,18.491282969509797,18.211466863659627,18.290342330932617,608238400,-1.2564173139199108,0.2798161058501698,-0.0875742724869113,False
2012-03-28, $88.2314,163667329, $88.34, $88.7785, $87.1871,18.54586149573889,18.637934909282716,18.30383423122874,18.523069381713867,655460400,0.5109784132811601,0.334100678053975,-0.0227921140250231,False
2012-03-27, $87.7828,151353625, $86.5971, $88.04, $86.58,18.17997585624685,18.48288519834156,18.176376847735305,18.42890167236328,607129600,1.235661458118864,0.3065083506062542,0.2489258161164329,True
2012-03-26, $86.7114,148719035, $85.6843, $86.7357, $85.0371,17.988326200395534,18.209062121222377,17.85246887428604,18.203962326049805,595742000,1.8337529228558136,0.3565932469363346,0.2156361256542709,True
2012-03-23, $85.15,107403062, $85.7843, $85.9714, $84.9144,18.00931780808854,18.04860576416529,17.826671817819868,17.876157760620117,430488800,-0.5490029544801267,0.2219339463454233,-0.1331600474684222,False
2012-03-22, $85.62,155867437, $85.3971, $86.3571, $85.0757,17.92805304575689,18.12959435251649,17.86057362706674,17.97484016418457,623870800,-0.5244321211745229,0.269020725449753,0.0467871184276802,True
2012-03-21, $86.0714,160447118, $86.1057, $87.0928, $85.9157,18.07680098138086,18.284039427343338,18.03691398330684,18.069602966308597,644042000,-0.5709964052572625,0.2471254440364987,-0.0071980150722623,False
2012-03-20, $86.5657,203497481, $85.6443, $86.7, $83.1428,17.979929231054836,18.20156208984808,17.739101666754934,18.17337226867676,816662000,0.8085351347239644,0.4624604230931446,0.1934430376219253,True
2012-03-19, $85.8714,224435817, $85.4814, $85.9671, $84.15,17.945737282545164,18.04770593977265,17.666220824339604,18.027612686157227,901236000,2.6521077616443733,0.3814851154330476,0.081875403612063,True
2012-03-16, $83.6528,206076492, $83.5314, $84.1714, $82.5714,17.53636084091672,17.670720576439923,17.334821237631918,17.561853408813477,825487600,0.0017377498680692,0.3358993388080051,0.0254925678967552,True
2012-03-15, $83.6514,289496777, $85.6585, $85.7157, $82.65,17.98292185713305,17.994918544241592,17.35131149696012,17.561548233032227,1159718000,-0.6819245550981123,0.6436070472814741,-0.4213736241008234,False
2012-03-14, $84.2257,353599156, $82.5785, $84.96, $82.2,17.336330619048812,17.83628055010024,17.25685290236996,17.682126998901367,1418844000,3.78104228529208,0.5794276477302809,0.3457963798525547,True
2012-03-13, $81.1571,172173592, $79.6485, $81.1685, $79.3928,16.721211441670437,17.04031552248892,16.667525830735915,17.03791618347168,690855200,2.9166836605021063,0.372789691753006,0.3167047418012423,True
2012-03-12, $78.8571,101001000, $78.426, $78.8571, $78.1428,16.464483298787894,16.555057525634766,16.40510047220656,16.555057525634766,407282400,1.2528255506185415,0.1499570534282064,0.0905742268468721,True
2012-03-09, $77.8814,104560151, $77.7443, $78.2485, $77.5871,16.32142575846606,16.427294563055995,16.288435656373125,16.350217819213867,418919200,0.5867249863621193,0.13885890668287,0.0287920607478078,True
2012-03-08, $77.4271,128668929, $76.3843, $77.57, $76.0171,16.03591094780409,16.284836701223668,15.958834203713746,16.254846572875977,516457200,2.129320744980645,0.326002497509922,0.2189356250718859,True
2012-03-07, $75.8128,198964910, $76.6857, $76.8257, $74.7571,16.09919009392351,16.128581184495772,15.694310603076792,15.915945053100586,798520800,0.0810827488401333,0.4342705814189802,-0.1832450408229249,False
2012-03-06, $75.7514,202211301, $74.8085, $76.2414, $73.7458,15.70510980902548,16.005919253980622,15.481976142090032,15.903050422668455,810238800,-0.5439156559462921,0.5239431118905902,0.1979406136429755,True
2012-03-05, $76.1657,201797181, $77.9171, $78.2114, $75.1428,16.35771239261026,16.419492942582057,15.77528511512026,15.990022659301758,809124400,-2.2048130846245573,0.6442078274617966,-0.3676897333085023,False
2012-03-02, $77.8828,107544392, $77.7485, $78.1143, $77.5028,16.322329655876448,16.399105298764066,16.27074386853382,16.350521087646484,431712400,0.1304370933331355,0.128361430230246,0.0281914317700362,True
2012-03-01, $77.7814,170563731, $78.31, $78.3157, $76.9671,16.440188716368482,16.44138998718124,16.15827288033678,16.329221725463867,683270000,0.3742631423260922,0.2831171068444575,-0.1109669909046147,False
2012-02-29, $77.4914,237448891, $77.3657, $78.23, $76.5285,16.241944230598055,16.4233905321208,16.066196756277897,16.268335342407227,952011200,1.3129247878636674,0.3571937758429016,0.0263911118091719,True
2012-02-28, $76.4871,149434575, $75.4228, $76.4871, $75.1214,15.83407899858222,16.057512283325195,15.770797620735154,16.057512283325195,600387200,1.835498160159288,0.2867146625900414,0.2234332847429758,True
2012-02-27, $75.1085,136457481, $74.4728, $75.5, $73.7543,15.634628117426688,15.85026422016224,15.483774142086531,15.768089294433594,547582000,0.6412684932600721,0.3664900780757083,0.1334611770069056,True
2012-02-24, $74.63,103715531, $74.2385, $74.7, $74.0914,15.585442874309717,15.682313342603466,15.554552598987074,15.667617797851562,415072000,1.1657715377452416,0.1277607436163919,0.0821749235418458,True
2012-02-23, $73.77,141721973, $73.5828, $73.9756, $72.7857,15.4477859342519,15.530261988454004,15.280436089201144,15.48707389831543,568027600,0.6530053455995999,0.2498258992528601,0.0392879640635293,True
2012-02-22, $73.2914,120564116, $73.2971, $73.6414, $72.7243,15.38779825575278,15.460076293813296,15.26753346902646,15.386598587036133,483302400,-0.3516039149287553,0.1925428247868357,-0.001199668716648,False
2012-02-21, $73.55,150412545, $72.4114, $73.55, $72.0171,15.20186047683734,15.44088935852051,15.119084904046868,15.440889358520508,605595200,2.535311344942137,0.3218044544736411,0.2390288816831685,True
2012-02-17, $71.7314,133666300, $71.8728, $72.5385, $71.4714,15.088785023342997,15.228544002097973,15.004510312704632,15.059094429016112,535805200,-0.0179504908367045,0.224033689393341,-0.029690594326885,False
2012-02-16, $71.7443,235805641, $70.2143, $72.1271, $69.5186,14.740594357830195,15.142174309794774,14.594537473154348,15.061798095703123,944552000,0.9122486600730672,0.5476368366404252,0.3212037378729278,True
2012-02-15, $71.0957,374517892, $73.4657, $75.1843, $70.9843,15.423189394883742,15.783980591742946,14.902244809107255,14.925639152526855,1506120000,-2.3142362787467174,0.8817357826356904,-0.4975502423568869,False
2012-02-14, $72.78,114963904, $72.0943, $72.7943, $71.7143,15.135279692926224,15.282235165670404,15.055504093678604,15.279236793518066,460398400,1.3648607481534292,0.2267310719918001,0.1439571005918427,True
2012-02-13, $71.8,128970559, $71.3614, $71.9757, $71.0128,14.981431005646828,15.110393087571442,14.908252760341895,15.073504447937012,517216000,1.860511996537495,0.2021403272295465,0.0920734422901841,True
2012-02-10, $70.4886,157587127, $70.1371, $71.0886, $69.7928,14.724405225109592,14.924144565669566,14.652125547298358,14.798182487487791,631302000,0.0507248881176813,0.2720190183712088,0.0737772623781989,True
2012-02-09, $70.4528,220416976, $68.68, $70.9643, $68.6514,14.418491051622231,14.898047899309503,14.412492706917757,14.790679931640623,884214800,3.459332922319591,0.4855551923917467,0.3721888800183919,True
2012-02-08, $68.0971,101696381, $67.2143, $68.1128, $67.1,14.110784363946776,14.29942711527906,14.08679098310877,14.29612922668457,407890000,1.6743678017628438,0.2126361321702905,0.1853448627377947,True
2012-02-07, $66.9757,78941684, $66.4643, $67.1071, $66.3687,13.953333378353882,14.088293762103229,13.933238518638008,14.060701370239258,316223600,1.0475317784340632,0.1550552434652203,0.1073679918853756,True
2012-02-06, $66.2814,62225658, $65.4828, $66.4257, $65.4573,13.747288677553776,13.945229207147843,13.741890969273186,13.91493797302246,249412800,0.9332273470815888,0.2033382378746573,0.1676492954686832,True
2012-02-03, $65.6686,71618981, $65.3286, $65.7143, $65.08,13.714902728968337,13.795877984031426,13.662717928248131,13.786280632019045,286599600,1.001902873454208,0.1331600557832946,0.071377903050708,True
2012-02-02, $65.0171,46615058, $65.1286, $65.31, $64.8543,13.67291839405872,13.711006694953124,13.61533586649544,13.64952564239502,186796400,-0.2345427326361226,0.095670828457683,-0.0233927516636995,False
2012-02-01, $65.17,67269418, $65.4871, $65.57, $65.0786,13.748195720893431,13.765590124843149,13.66242176874655,13.681614875793455,270046000,-0.0635373583087739,0.1031683560965994,-0.0665808450999758,False
2012-01-31, $65.2114,97874379, $65.0843, $65.4628, $64.7243,13.663621095353824,13.743097191441702,13.588043524414632,13.690313339233398,391683600,0.7660074011278883,0.1550536670270705,0.0266922438795749,True
2012-01-30, $64.7157,94626868, $63.6728, $64.8428, $63.6271,13.36730691037354,13.612933959897964,13.357710358154822,13.586241722106934,379341200,1.2810523293948162,0.2552236017431415,0.2189348117333942,True
2012-01-27, $63.8971,74902122, $63.4771, $64.0686, $63.3957,13.326222188253167,13.450385566572477,13.309128100854911,13.414396286010742,299709200,0.5959945584100401,0.1412574657175653,0.0881740977575749,True
2012-01-26, $63.5186,80913094, $64.0514, $64.1128, $63.3057,13.446787255727148,13.459682500963034,13.290234397716208,13.334920883178713,323985200,-0.4544756863552268,0.1694481032468253,-0.1118663725484356,False
2012-01-25, $63.8086,239249712, $64.92, $64.9214, $63.39,13.629131635053486,13.629431151977856,13.307927763324432,13.395801544189451,958314000,6.243935313540838,0.321503388653424,-0.233330090864035,False
2012-01-24, $60.0586,127725188, $60.7286, $60.7286, $59.9357,12.749191298483051,12.749191298483051,12.582740821895332,12.608532905578612,547638000,-1.637799580154797,0.1664504765877197,-0.1406583929044398,False
2012-01-23, $61.0584,76162193, $60.3814, $61.2071, $60.3286,12.676316196847724,12.849665220001976,12.66521965543384,12.818473815917969,306062400,1.6916832891433309,0.1844455645681364,0.1421576190702449,True
2012-01-20, $60.0428,103061661, $61.07, $61.0714, $59.9643,12.82086929533752,12.821168812170626,12.588738143750016,12.605233192443848,413974400,-1.7416954638530768,0.2324306684206103,-0.2156361028936722,False
2012-01-19, $61.1071,65151043, $61.45, $61.6241, $60.93,12.900648101431988,12.937236411909115,12.791480602084476,12.828669548034668,261738400,-0.3169267002519405,0.1457558098246387,-0.0719785533973205,False
2012-01-18, $61.3014,68859875, $60.9943, $61.3528, $60.9,12.804975276265122,12.880252512599697,12.785181536324002,12.86945629119873,276791200,1.0383937724675718,0.0950709762756947,0.0644810149336088,True
2012-01-17, $60.6714,60589792, $60.6, $60.8557, $60.4228,12.722198198823875,12.775882985990716,12.685009260781564,12.737194061279297,242897200,1.1647961867994328,0.0908737252091516,0.0149958624554216,True
2012-01-13, $59.9728,56446393, $59.9571, $60.0643, $59.8086,12.587242043099709,12.609734640162005,12.55605064274429,12.590539932250977,226021600,-0.3749370652673889,0.0536839974177141,0.003297889151268,True
2012-01-12, $60.1986,53125179, $60.3257, $60.4143, $59.8214,12.664616430646788,12.683210500333717,12.558747637627013,12.637924194335938,212587200,-0.2745196282775808,0.1244628627067037,-0.0266922363108506,False
2012-01-11, $60.3643,53739093, $60.3828, $60.4071, $59.9014,12.67661180360841,12.681710797357642,12.57554249182353,12.67271327972412,215084800,-0.1630352750484065,0.106168305534112,-0.0038985238842901,False
2012-01-10, $60.4628,64474443, $60.8443, $60.8571, $60.2143,12.773483922525696,12.776183578418514,12.641223207499063,12.693408012390137,258196400,0.3580239652795969,0.1349603709194511,-0.0800759101355588,False
2012-01-09, $60.2471,98339110, $60.7857, $61.1071, $60.1928,12.76119153186434,12.828670932426732,12.636727835704786,12.64812469482422,394024400,-0.158616759475394,0.1919430967219462,-0.1130668370401188,False
2012-01-06, $60.3428,79538994, $59.9671, $60.3928, $59.8886,12.5893423538848,12.678715319211694,12.572847300507158,12.668218612670898,318292800,1.045423388751554,0.1058680187045357,0.0788762587860976,True
2012-01-05, $59.7186,67606475, $59.2786, $59.7928, $58.9528,12.444780190257449,12.552747184746066,12.376399865782531,12.537152290344238,271269600,1.1101836336209203,0.1763473189635345,0.0923721000867896,True
2012-01-04, $59.0628,64703000, $58.5714, $59.24, $58.4686,12.296325988020328,12.436684865741086,12.274732745750228,12.399495124816896,260022000,0.537382435026923,0.1619521199908575,0.1031691367965681,True
2012-01-03, $58.7471,75476123, $58.4857, $58.9286, $58.4286,12.278335702975562,12.371307676590316,12.2663390092779,12.333218574523926,302220800,1.5382845773862952,0.1049686673124163,0.0548828715483633,True
2011-12-30, $57.8571,44900596, $57.6443, $58.04, $57.6414,12.10168551768474,12.18476140878131,12.101086483930075,12.14637279510498,179662000,-0.029630687816573,0.083674924851234,0.0446872774202411,True
2011-12-29, $57.8743,53774275, $57.6286, $57.95, $57.2157,12.09838873345268,12.165868935528056,12.011715422786873,12.149972915649414,215978000,0.6159286947429177,0.1541535127411837,0.0515841821967342,True
2011-12-28, $57.52,57101943, $58.1271, $58.3214, $57.3343,12.203057926155692,12.24384508395168,12.036607401164687,12.07559585571289,228662000,-0.9568300879204904,0.2072376827869924,-0.1274620704428013,False
2011-12-27, $58.0757,66234181, $57.5857, $58.4414, $57.5743,12.089386221956005,12.269032222804531,12.08698608347284,12.192255020141602,265076000,0.7933376853139551,0.1820461393316907,0.1028687981855966,True
2011-12-23, $57.6186,67331438, $57.0986, $57.6557, $57.0707,11.987123068268666,12.104088439996948,11.981124720870172,12.096290588378906,269399200,1.1993803832990757,0.1229637191267762,0.1091675201102404,True
2011-12-22, $56.9357,50399476, $56.7143, $57.0186, $56.5857,11.906442719598903,11.970324698701978,11.879451766563712,11.952929496765137,202358800,0.5296804488014839,0.0908729321382662,0.0464867771662333,True
2011-12-21, $56.635,65476620, $56.67, $56.7571, $56.0014,11.897147967386696,11.915443325082055,11.75678985924907,11.8899507522583,262948000,0.1262709614373802,0.1586534658329856,-0.0071972151283947,False
2011-12-20, $56.5643,84150665, $55.3943, $56.5857, $55.3228,11.62932901555775,11.879455291861792,11.614333948216414,11.874956130981444,337215200,3.5949162108592336,0.2651213436453776,0.2456271154236944,True
2011-12-19, $54.6014,58582206, $54.6386, $54.9786, $54.3543,11.470673215004403,11.542051921496425,11.410990080431842,11.462875366210938,235530400,0.3122862207241672,0.1310618410645823,-0.0077978487934657,False
2011-12-16, $54.4314,105291372, $54.3371, $54.8786, $54.2243,11.407396081267477,11.52106196225098,11.383703009311208,11.427189826965332,421478400,0.5489196275899166,0.1373589529397723,0.0197937456978554,True
2011-12-15, $54.1343,64036768, $54.7614, $54.82, $54.0443,11.49646707026119,11.508763279445258,11.345911785282752,11.364806175231934,256200000,-0.3287591260412004,0.1628514941625063,-0.1316608950292561,False
2011-12-14, $54.3128,101456840, $55.2428, $55.34, $53.9543,11.597533973260369,11.617928345903405,11.32701502527232,11.402292251586914,406887600,-2.2170392646655768,0.2909133206310841,-0.1952417216734545,False
2011-12-13, $55.5443,84620155, $56.1428, $56.4857, $55.3,11.786479688668884,11.858459037893027,11.60953249064627,11.66081714630127,338928800,-0.7732901214700716,0.2489265472467572,-0.1256625423676141,False
2011-12-12, $55.9771,74755332, $55.9543, $56.2714, $55.6357,11.746893140857578,11.813473187806563,11.68001357699604,11.751691818237305,301067200,-0.4521866756887482,0.1334596108105241,0.0047986773797266,True
2011-12-09, $56.2314,74176572, $56.1214, $56.2914, $55.8614,11.781980356121672,11.81766930964542,11.72739621434195,11.805072784423828,296993200,0.7577024782773112,0.0902730953034716,0.0230924283021565,True
2011-12-08, $55.8086,93960468, $55.9214, $56.5, $55.7471,11.73999116383616,11.861454837776543,11.703402062998226,11.71629810333252,376356400,0.4034877899401712,0.1580527747783175,-0.0236930605036409,False
2011-12-07, $55.5843,76144063, $55.7043, $55.8486, $55.2518,11.694406499078902,11.724697743633357,11.599334724384596,11.669214248657228,304746400,-0.4757717076636747,0.1253630192487609,-0.0251922504216732,False
2011-12-06, $55.85,70841701, $56.0728, $56.3757, $55.6257,11.771784773330287,11.835366441790528,11.677913458874771,11.724998474121094,283598000,-0.5241544568663659,0.1574529829157569,-0.0467862992091934,False
2011-12-05, $56.1443,89257027, $56.2128, $56.63, $55.7697,11.801175433942817,11.888749682974073,11.7082034744127,11.786779403686523,357210000,0.8493918396858424,0.1805462085613722,-0.0143960302562931,False
2011-12-02, $55.6714,94724238, $55.69, $56.2328, $55.5114,11.691405199188456,11.805371341175952,11.65391674765356,11.687506675720217,379055600,0.4562205491958737,0.1514545935223932,-0.0038985234682389,False
2011-12-01, $55.4186,95857679, $54.6486, $55.5714, $54.3928,11.472776168848146,11.66651798098101,11.41909216194294,11.634428024291992,387181200,1.4992451358980086,0.2474258190380691,0.1616518554438464,True
2011-11-30, $54.6,101253000, $54.47, $54.6108, $54.0428,11.435284640912217,11.464975250746726,11.345610574299249,11.462575912475586,405938400,2.4115496175387996,0.1193646764474767,0.027291271563369,True
2011-11-29, $53.3143,93871498, $53.6914, $54.1186, $52.8857,11.271835957798386,11.36150924450938,11.102686574410525,11.192659378051758,375855200,-0.7762988984945762,0.2588226700988549,-0.0791765797466279,False
2011-11-28, $53.7314,86538996, $53.1928, $53.8171, $52.9043,11.167161673599953,11.298222694103236,11.106579997626936,11.280227661132812,346413200,3.451844923548819,0.1916426964763005,0.1130659875328596,True
2011-11-25, $51.9386,63689820, $52.6314, $53.0214, $51.9028,11.049300167287765,11.13117558857662,10.896345546729645,10.903843879699709,254760800,-0.931898803056197,0.2348300418469744,-0.1454562875880558,False
2011-11-23, $52.4271,107011272, $53.5014, $53.6914, $52.4114,11.231944697065556,11.271833295294488,11.003113015565788,11.006412506103516,428271200,-2.5284697986781235,0.2687202797287007,-0.2255321909620402,False
2011-11-22, $53.7871,102201781, $53.0028, $53.99, $52.9914,11.12727447372058,11.334512876400238,11.124875135864272,11.291925430297852,409021200,2.032420280668301,0.2096377405359657,0.1646509565772707,True
2011-11-21, $52.7157,111837844, $52.9143, $53.0971, $52.2728,11.108684037845286,11.1470734588641,10.97402475074104,11.066997528076172,447980400,-1.5815444723459748,0.1730487081230602,-0.0416865097691143,False
2011-11-18, $53.5628,92964578, $54.1314, $54.2843, $53.5543,11.364204333032315,11.396294277995477,11.243040164746793,11.244839668273926,371938000,-0.6545002632964758,0.1532541132486837,-0.1193646647583897,False
2011-11-17, $53.9157,119918436, $54.8543, $54.94, $53.6428,11.515962543436864,11.533957585089691,11.261639028189654,11.31892204284668,479900400,-1.912794513678384,0.2723185569000375,-0.1970405005901838,False
2011-11-16, $54.9671,87102636, $55.6071, $55.8771, $54.9028,11.6740115920976,11.73069474970943,11.52615519437958,11.53965187072754,349210400,-1.0441872036077382,0.2045395553298501,-0.1343597213700587,False
2011-11-15, $55.5471,107614952, $54.4, $55.6428, $54.2071,11.420590511455122,11.681512174037984,11.380102874376917,11.661418914794922,430810800,2.5233320767929612,0.3014092996610671,0.2408284033397993,True
2011-11-14, $54.18,108182162, $54.7886, $55.0357, $54.0286,11.50216649231456,11.55405179237587,11.342614469626486,11.374404907226562,432905200,-1.39357750592618,0.2114373227493828,-0.1277615850879971,False
2011-11-11, $54.9457,163319499, $55.23, $55.5286, $54.3228,11.594837793355817,11.657519310698332,11.404394703664044,11.53515625,653786000,-0.1557243709177092,0.2531246070342874,-0.0596815433558166,False
2011-11-10, $55.0314,186111226, $56.7186, $56.7443, $54.5928,11.90734115759875,11.912739667767466,11.461074727996936,11.553147315979004,744752400,-2.545065158317827,0.4516649397705308,-0.3541938416197467,False
2011-11-09, $56.4686,139385792, $56.71, $57.27, $56.3186,11.905546089210327,12.023111285249325,11.823371139683,11.85486125946045,558684000,-2.6955064690026065,0.1997401455663254,-0.050684829749878,False
2011-11-08, $58.0328,99898290, $57.4586, $58.2857, $57.3657,12.062698315290758,12.236346835143664,12.043204090432416,12.18326187133789,400442000,1.6260953577237114,0.1931427447112472,0.1205635560471325,True
2011-11-07, $57.1043,67411392, $57.13, $57.1428, $56.59,11.993719663438648,11.996418518987142,11.880353315149712,11.988320350646973,270275600,-0.1274281177979563,0.1160652038374294,-0.0053993127916758,False
2011-11-04, $57.1771,75324993, $57.4328, $57.6343, $57.0228,12.05730033294689,12.09958747452852,11.97122606273398,12.003616333007812,302229200,-0.7020992923467695,0.1283614117945397,-0.0536839999390768,False
2011-11-03, $57.5814,110279293, $57.01, $57.6286, $56.48,11.96852501884211,12.098386402631135,11.857258507059484,12.088489532470703,441386400,1.4242296024933765,0.2411278955716511,0.1199645136285934,True
2011-11-02, $56.7728,81719705, $57.1557, $57.2057, $56.4443,11.99911554403132,12.009612247864192,11.849759148866688,11.918739318847656,327350800,0.2269555144736701,0.1598530989975035,-0.080376225183663,False
2011-11-01, $56.6443,132769740, $56.7728, $57.0714, $56.1743,11.918742897600527,11.98142362257755,11.793080329020851,11.89175033569336,531790000,-2.0430460868254285,0.1883432935566986,-0.0269925619071678,False
2011-10-31, $57.8257,96335779, $57.4886, $58.4757, $57.2928,12.06899259853648,12.276230995018835,12.02790433939946,12.139771461486816,385501200,-0.0420029427973034,0.2483266556193761,0.0707788629503358,True
2011-10-28, $57.85,80540134, $57.5714, $58.05, $57.5014,12.086389993675386,12.186860286199597,12.07169444652446,12.144872665405272,322842800,0.0642588886748063,0.1151658396751358,0.0584826717298856,True
2011-10-27, $57.8128,123496347, $58.2228, $58.4286, $57.4128,12.223147769881724,12.266335856091372,12.05309908509068,12.137073516845703,494664800,1.0209617810667426,0.213236771000691,-0.0860742530360205,False
2011-10-26, $57.2286,113884784, $57.3943, $57.5071, $56.1644,12.04919977371985,12.072893638132223,11.79097701432242,12.014410972595217,456304800,0.7114622673260351,0.2819166238098027,-0.034788801124634,False
2011-10-25, $56.8243,107432952, $57.8614, $58.0786, $56.7686,12.147271971741436,12.192858599984786,11.91784124615959,11.929536819458008,430427200,-1.9715748720809725,0.2750173538251967,-0.2177351522834278,False
2011-10-24, $57.9671,125430938, $56.5971, $58.0714, $56.4857,11.881853065580945,12.1913597357516,11.858460315135414,12.169466972351074,502138000,3.283555633257329,0.3328994206161866,0.2876139067701295,True
2011-10-21, $56.1243,154943506, $56.8714, $57.02, $55.8214,11.939433350195996,11.970623945220828,11.718998562875406,11.78257942199707,621244400,-0.6172304234140391,0.2516253823454217,-0.1568539281989256,False
2011-10-20, $56.4728,137224191, $57.1428, $57.1928, $56.3157,11.996415145000608,12.006911848183163,11.822767464289996,11.855756759643556,549270400,-0.8304004568051915,0.1841443838931677,-0.1406583853570513,False
2011-10-19, $56.9457,275674643, $57.3357, $58.3456, $56.8286,12.036906823077093,12.24894316767019,11.930438174154729,11.955031394958496,1104059600,-5.593980491407247,0.3185049935154609,-0.0818754281185967,False
2011-10-18, $60.32,213231124, $60.2514, $60.6867, $59.4271,12.649024643933124,12.740498237283658,12.475976732211311,12.66342067718506,881602400,0.5357440706055705,0.2645215050723468,0.0143960332519359,True
2011-10-17, $59.9986,171172941, $60.2486, $60.9571, $59.42,12.64842300838711,12.797178784669596,12.47447417909574,12.595938682556152,686044800,-0.4762938881507805,0.3227046055738558,-0.0524843258309584,False
2011-10-14, $60.2857,142922473, $59.5471, $60.2857, $59.3243,12.501165860164818,12.656219482421877,12.45437876680541,12.656219482421877,573367200,3.3224721920553035,0.2018407156164663,0.1550536222570588,True
2011-10-13, $58.3471,105774372, $57.8543, $58.3471, $57.55,12.145771566410112,12.249241828918455,12.081891186542766,12.249241828918455,426185200,1.55153904697507,0.1673506423756894,0.1034702625083436,True
2011-10-12, $57.4557,155337537, $58.1914, $58.4643, $57.1628,12.216547485853116,12.273829667794605,12.000611911236382,12.062093734741213,622286000,0.4746002590664266,0.273217756558223,-0.1544537511119035,False
2011-10-11, $57.1843,151188005, $56.0814, $57.5971, $55.9286,11.773586810673049,12.091792335789725,11.741496853076892,12.005117416381836,605687600,2.952625581559487,0.3502954827128324,0.2315306057087873,True
2011-10-10, $55.5443,110141043, $54.1557, $55.5443, $54.03,11.369304746137336,11.66081714630127,11.342912024444496,11.66081714630127,442514800,5.140577360908316,0.3179051218567732,0.2915124001639331,True
2011-10-07, $52.8286,133849140, $53.6828, $53.9628, $52.6413,11.2700381671569,11.32882037577245,11.051403588398326,11.090691566467283,535458000,-2.0060086811910627,0.2774167873741238,-0.179346600689616,False
2011-10-06, $53.91,202875671, $53.3328, $54.9686, $53.1149,11.196561883727217,11.53995976802534,11.150675713531736,11.317726135253906,812582400,-0.2325819522256189,0.3892840544936042,0.1211642515266895,True
2011-10-05, $54.0357,196160359, $52.5514, $54.26, $51.4714,11.03250328483266,11.391195493287528,10.805770657276163,11.344110488891602,786469600,1.5436386273740776,0.5854248360113647,0.3116072040589408,True
2011-10-04, $53.2143,308080802, $53.51, $54.5428, $50.6057,11.233742087933804,11.450577037327411,10.624025181736256,11.171660423278809,1233677200,-0.5605849186112288,0.8265518555911555,-0.062081664654995,False
2011-10-03, $53.5143,166972660, $54.3386, $54.6628, $53.3101,11.407689538000223,11.4757687383569,11.19175396519062,11.23464012145996,669099200,-1.762359016157089,0.2840147731662803,-0.1730494165402643,False
2011-09-30, $54.4743,136874891, $55.3028, $55.5557, $54.4543,11.610134853448136,11.663219825261924,11.431987947464473,11.436186790466309,547640800,-2.3683412435717033,0.2312318777974518,-0.173948062981827,False
2011-09-29, $55.7957,162647149, $57.4171, $57.4586, $55.1728,12.054003536590557,12.062700739963985,11.58284335527568,11.713604927062988,651086800,-1.6221218058700029,0.4798573846883052,-0.3403986095275684,False
2011-09-28, $56.7157,107310242, $57.17, $57.6771, $56.6443,12.00211737854693,12.108586036033074,11.8917501959215,11.906746864318848,429637600,-0.5635048179012947,0.2168358401115746,-0.0953705142280831,False
2011-09-27, $57.0371,157716487, $58.39, $58.4643, $56.8657,12.25823701057785,12.27383190666488,11.938232914226612,11.97422218322754,632497600,-0.9698437089744716,0.3355989924382676,-0.28401482735031,False
2011-09-26, $57.5957,203032191, $57.1228, $57.7114, $55.9,11.992220107781892,12.115783649744188,11.735497270639083,12.091490745544434,812876400,-0.2794788043554597,0.3802863791051045,0.099270637762542,True
2011-09-23, $57.7571,136487861, $57.1828, $58.1057, $57.1214,12.004814263974922,12.198556823760333,11.991918221282548,12.125378608703612,546277200,0.617209601351254,0.2066386024777848,0.1205643447286899,True
2011-09-22, $57.4028,241788403, $57.29, $58.5457, $56.6714,12.027306426185204,12.290927683467771,11.897445059463688,12.05099868774414,968480800,-2.504002413407058,0.3934826240040827,0.0236922615589367,True
2011-09-21, $58.8771,150996555, $59.9486, $60.2271, $58.8571,12.585438375029208,12.64392103379566,12.356307216505826,12.360506057739258,605976000,-0.3168634921250302,0.2876138172898344,-0.2249323172899497,False
2011-09-20, $59.0643,193493638, $59.3214, $60.4086, $58.7414,12.453779996542222,12.682012650146625,12.332016779884828,12.39979648590088,775754000,0.4421356836034729,0.3499958702617967,-0.0539835106413413,False
2011-09-19, $58.8043,205318042, $56.7143, $59.0328, $56.4578,11.906444849194024,12.393199861774992,11.852462132621064,12.345213890075684,823860800,2.7790505615894467,0.5407377291539284,0.4387690408816596,True
2011-09-16, $57.2143,173859192, $56.5057, $57.2147, $56.4328,11.862655757194617,12.0114107131958,11.84736037743254,12.0114107131958,698513200,1.9187618210127155,0.1640503357632603,0.1487549560011842,True
2011-09-15, $56.1371,103610951, $55.9186, $56.2371, $55.7,11.73939313248984,11.80627348309625,11.693506990992864,11.785279273986816,417818800,0.940105615876008,0.1127664921033861,0.0458861414969771,True
2011-09-14, $55.6143,133540370, $55.2886, $56.03, $55.1086,11.607137515635952,11.76279104486561,11.56934872349025,11.675517082214355,534724400,1.2168091109676649,0.1934423213753593,0.0683795665784039,True
2011-09-13, $54.9457,110052633, $54.5914, $55.1728, $54.3214,11.46077755699017,11.582841100798214,11.404094385926452,11.53515625,440560400,1.231789265594907,0.178746714871762,0.0743786930098302,True
2011-09-12, $54.2771,116765635, $53.2857, $54.4114, $53.1286,11.186658593164752,11.42298699287448,11.153667693782031,11.39479637145996,467832400,0.6516409717365335,0.269319299092448,0.2081377782952067,True
2011-09-09, $53.9257,141166172, $54.8471, $55.1428, $53.5743,11.514466269623856,11.576547172593004,11.24724505758004,11.32102394104004,564813200,-1.733693884577081,0.3293021150129647,-0.1934423285838153,False
2011-09-08, $54.8771,103837961, $54.6286, $55.5157, $54.6157,11.468573824269452,11.65481884670798,11.465874969240136,11.520758628845217,416158400,0.0546887190664646,0.1889438774678442,0.0521848045757646,True
2011-09-07, $54.8471,87373746, $55.08, $55.0857, $54.5714,11.563346834675666,11.564546503844072,11.456577880382016,11.514461517333984,350576800,1.1033640528607114,0.1079686234620567,-0.0488853173416821,False
2011-09-06, $54.2486,127132428, $52.4814, $54.3328, $52.3543,11.017811407737854,11.406495497709267,10.991119163071223,11.388801574707031,509698000,1.5212256040743055,0.4153763346380437,0.3709901669691771,True
2011-09-02, $53.4357,109691503, $53.5343, $54, $53.1186,11.238841320793265,11.336612744052408,11.151568202710871,11.218148231506348,438939200,-1.831891254886564,0.1850445413415364,-0.020693089286917,False
2011-09-01, $54.4328,85770886, $55.1171, $55.3343, $54.3886,11.5711449566854,11.616730784463554,11.418190337501647,11.42748737335205,343725200,-0.9874410122549082,0.1985404469619069,-0.1436575833333488,False
2011-08-31, $54.9757,130506429, $55.7957, $56.0114, $54.5514,11.71360091636582,11.75888722280844,11.452378980876208,11.541452407836914,522586400,-1.3231020615833144,0.3065082419322316,-0.172148508528906,False
2011-08-30, $55.7128,104308921, $55.4643, $55.9771, $55.1728,11.644020337660567,11.751688630039702,11.582838819362138,11.696205139160156,417922400,0.0051126357692332,0.168849810677564,0.0521848014995889,True
2011-08-29, $55.71,101134490, $55.4543, $55.9286, $55.4286,11.641923189380762,11.74149413231359,11.636525478772333,11.69560718536377,405269200,1.665859224537214,0.1049686535412579,0.0536839959830075,True
2011-08-26, $54.7971,160158018, $53.0243, $54.8286, $52.9715,11.131777453709914,11.51056466615326,11.120680911940727,11.50396728515625,641477200,2.63834536162606,0.3898837542125317,0.3721898314463363,True
2011-08-25, $53.3886,217625305, $52.1543, $53.6357, $52.1428,10.949131832428224,11.260139313876518,10.946732493653672,11.20825481414795,871346000,-0.6539353789005942,0.3134068202228466,0.2591229817197256,True
2011-08-24, $53.74,146323144, $53.3528, $54.1371, $52.9428,11.200755619467342,11.365406626407005,11.114681349662153,11.282032012939451,626267600,0.6905904886155056,0.250725276744852,0.081276393472109,True
2011-08-23, $53.3714,163954819, $51.4714, $53.3771, $51,10.805772551532266,11.205853409095264,10.706802247873634,11.2046537399292,656835200,4.814276735759693,0.4990511612216295,0.398881188396933,True
2011-08-22, $50.92,133633050, $52.0728, $52.1257, $50.7271,10.932035266000945,10.943132606553476,10.649519575443284,10.690007209777832,535315200,0.1151442254661683,0.2936130311101923,-0.2420280562231127,False
2011-08-19, $50.8614,193669478, $51.7386, $52.4286, $50.8571,10.86185768376134,11.006714956603542,10.676813088890755,10.677712440490724,775888400,-2.7373066476665153,0.3299018677127865,-0.1841452432706152,False
2011-08-18, $52.2928,212521674, $52.9771, $53.2357, $51.6243,11.121877557735209,11.176162184091703,10.83786190463753,10.978219985961914,851435200,-3.782486110874294,0.3383002794541738,-0.1436575717732946,False
2011-08-17, $54.3486,110099393, $54.6157, $54.9314, $54,11.465877193333794,11.532156921305033,11.336615626758244,11.409793853759766,442061200,-0.0104970275694116,0.1955412945467891,-0.0560833395740285,False
2011-08-16, $54.3543,124617257, $54.5028, $54.7671, $53.7228,11.442183068216492,11.497666568006492,11.278431424150144,11.410991668701172,498750000,-0.7642171383520413,0.2192351438563484,-0.0311913995153201,False
2011-08-15, $54.7728,114931004, $54.2328, $54.9957, $54.0128,11.385501633315585,11.545654294138057,11.339315162461377,11.498867988586426,460544000,1.7029845711780789,0.20633913167668,0.1133663552708412,True
2011-08-12, $53.8557,132123640, $54.01, $54.2343, $53.4614,11.338712515385046,11.385798326182842,11.223547485434098,11.306323051452637,528976000,0.880363455722466,0.1622508407487437,-0.0323894639324091,False
2011-08-11, $53.3857,185283336, $52.9314, $53.6357, $52.1028,11.112282838634416,11.260139287301268,10.938334782126992,11.20765495300293,741969200,2.752376198503814,0.3218045051742759,0.095372114368514,True
2011-08-10, $51.9557,219333726, $53.0214, $53.5214, $51.7857,11.131173804618896,11.236142440904135,10.871752187290836,10.907441139221191,878656800,-2.7593327534348733,0.3643902536132994,-0.2237326653977049,False
2011-08-09, $53.43,270036491, $51.6143, $53.5157, $50.7143,10.835767617098238,11.234949275623965,10.64682365553753,11.216954231262209,1082583600,5.888864051288345,0.5881256200864353,0.3811866141639708,True
2011-08-08, $50.4586,284991925, $51.67, $52.5386, $50.4314,10.847462206347956,11.02980795490023,10.58743986456481,10.593138694763184,1143833600,-5.4627572894,0.4423680903354192,-0.2543235115847722,False
2011-08-05, $53.3743,300872480, $54.3486, $54.7857, $51.7957,11.409794175838122,11.50156727993501,10.873854303842815,11.205254554748535,1204590800,-0.993764817784648,0.6277129760921945,-0.2045396210895873,False
2011-08-04, $53.91,217337675, $55.63, $55.9028, $53.9071,11.67881874930174,11.73610098215114,11.31712630033277,11.317726135253906,871407600,-3.8718496099184208,0.4189746818183693,-0.3610926140478341,False
2011-08-03, $56.0814,184655855, $55.8543, $56.2214, $54.6057,11.725895064493631,11.80297259324302,11.463774606601891,11.773581504821776,732508000,0.9410649644381764,0.3391979866411283,0.0476864403281442,True
2011-08-02, $55.5586,159570018, $56.8071, $56.8428, $55.4786,11.925939537363188,11.933437069937062,11.647022836633528,11.663817405700684,639539600,-1.9760361267835649,0.2864142333035335,-0.2621221316625046,False
2011-08-01, $56.6786,152529696, $56.8257, $57.0714, $56.0528,11.929835129822555,11.981419294471896,11.76758350344928,11.898944854736328,612836000,1.6056975650688088,0.2138357910226158,-0.0308902750862269,False
2011-07-29, $55.7828,157856347, $55.3771, $56.45, $54.8571,11.625729051821374,11.850961752484,11.516561550440626,11.71090316772461,632584400,-0.3420004669729248,0.3344002020433745,0.0851741159032357,True
2011-07-28, $55.9743,148241774, $55.9457, $56.7128, $55.4471,11.745094411228498,11.906145615762275,11.64042526323741,11.751091957092283,594034000,-0.196118199344486,0.2657203525248661,0.005997545863785,True
2011-07-27, $56.0843,164365019, $57.2271, $57.52, $56.0214,12.014111496741824,12.075593339243712,11.760986912700794,11.77418327331543,659324400,-2.682141409303651,0.3146064265429178,-0.2399282234263946,False
2011-07-26, $57.63,118968676, $57.1428, $57.7857, $57.0971,11.99641737420166,12.13137775738902,11.986820821397076,12.098687171936035,476582400,1.2321274294738505,0.1445569359919432,0.1022697977343742,True
2011-07-25, $56.9286,147129404, $55.7643, $57.1428, $55.66,11.707002146256253,11.99641631029868,11.685109386450428,11.951430320739746,589806000,1.3221540317127856,0.3113069238482513,0.2444281744834935,True
2011-07-22, $56.1857,128609149, $55.4743, $56.4357, $55.3928,11.646120367566557,11.847960279049234,11.629025484156408,11.795475959777832,516728800,1.551785490548263,0.2189347948928262,0.1493555922112754,True
2011-07-21, $55.3271,131469069, $55.2786, $55.7228, $54.8428,11.605035278716713,11.698306762771033,11.513562497744717,11.615232467651367,526534400,0.1007874372975781,0.1847442650263158,0.0101971889346543,True
2011-07-20, $55.2714,234799250, $56.5886, $56.61, $55.1428,11.880055778143587,11.88455413842321,11.576545796136582,11.603537559509276,941340400,2.666849152642614,0.3080083422866284,-0.2765182186343118,False
2011-07-19, $53.8357,198837160, $54, $54.0928, $53.3314,11.336616177899211,11.356110404920212,11.196258063686969,11.30212688446045,819145600,0.8159522635982297,0.1598523412332433,-0.0344892934387619,False
2011-07-18, $53.4,142687483, $52.2043, $53.5214, $52.1828,10.959627710259625,11.236145076334267,10.955129350821249,11.210653305053713,572653200,2.4334164868415664,0.2810157255130185,0.251025594794088,True
2011-07-15, $52.1314,120737646, $51.5957, $52.1428, $51.31,10.83186593131737,10.94673146135102,10.771884069304818,10.944332122802734,484467200,1.99848690511657,0.1748473920462014,0.1124661914853639,True
2011-07-14, $51.11,107130272, $51.5728, $51.6586, $50.9057,10.827067354978125,10.84506239425774,10.687009569731384,10.729896545410156,430533600,-0.0698109916251632,0.1580528245263561,-0.0971708095679684,False
2011-07-13, $51.1457,97557419, $51.19, $51.4286, $50.9114,10.746688659103215,10.79677443989732,10.68820599607784,10.73739242553711,391638800,1.2070628484928791,0.1085684438194789,-0.0092962335661059,False
2011-07-12, $50.5357,112716764, $50.5043, $51.0971, $49.8028,10.602732150218516,10.72719581469308,10.455476375002094,10.609331130981444,451609200,-0.0706127463508066,0.271719439690985,0.0065989807629271,True
2011-07-11, $50.5714,110366513, $50.9057, $51.3957, $50.4028,10.687007805540745,10.789877427656064,10.581438527555475,10.616827964782717,442674400,-1.5873601002111437,0.2084389001005888,-0.070179840758028,False
2011-07-08, $51.3871,122332877, $50.4771, $51.4286, $50.3143,10.597030705704045,10.796771538150988,10.56284094892079,10.788073539733888,489633200,0.7026502278739688,0.2339305892301979,0.1910428340298438,True
2011-07-07, $51.0286,99596520, $50.6671, $51.1428, $50.5714,10.63692295732582,10.736792607142425,10.616828099435612,10.71280002593994,399663600,1.546531917159344,0.119964507706813,0.075877068614119,True
2011-07-06, $50.2514,110994483, $49.85, $50.5857, $49.53,10.465371640041072,10.619826206879305,10.398191783801485,10.549646377563477,444626000,0.6667767784301004,0.2216344230778197,0.0842747375224046,True
2011-07-05, $49.9186,88675467, $49, $49.9757, $48.9286,10.286927299509838,10.491766397978076,10.27193223629205,10.479769706726074,355054000,1.7974669660453246,0.2198341616860251,0.1928424072162364,True
2011-07-01, $49.0371,109926493, $47.9928, $49.0714, $47.7428,10.075490284385904,10.301922632183055,10.02300596005645,10.29472541809082,435313200,2.2611447982794575,0.2789166721266056,0.2192351337049167,True
2011-06-30, $47.9528,80686784, $47.8143, $48.0186, $47.5486,10.038003069797044,10.080890847041628,9.982220048790346,10.067093849182127,322954800,0.4879649434408772,0.0986707982512822,0.0290907793850827,True
2011-06-29, $47.72,88123516, $48.0057, $48.0528, $47.4114,10.078190362368938,10.088087232901458,9.953427167402856,10.018208503723145,352545200,-0.363892659348175,0.1346600654986023,-0.0599818586457931,False
2011-06-28, $47.8943,73368002, $47.6643, $48.1, $47.6343,10.006511686515912,10.09798446468918,10.000213823378504,10.054797172546388,294299600,0.9697800842850102,0.0977706413106762,0.0482854860304762,True
2011-06-27, $47.4343,84812375, $46.7986, $47.7, $46.75,9.824764721866954,10.014008105169406,9.814567535193898,9.958224296569824,339813600,1.743542224190464,0.1994405699755077,0.1334595747028704,True
2011-06-24, $46.6214,109887573, $47.3386, $47.5928, $46.4414,9.938129042775698,9.991512701749729,9.749785048698806,9.78757381439209,439807200,-1.4733093188276092,0.2417276530509227,-0.1505552283836078,False
2011-06-23, $47.3186,139572412, $45.5628, $47.3843, $45.4457,9.565340683769282,9.94772674241533,9.540749072649072,9.933931350708008,559759200,2.67193920241513,0.4069776697662579,0.3685906669387258,True
2011-06-22, $46.0871,97468589, $46.4514, $46.9857, $46.0543,9.751887177619746,9.864054642527426,9.668511772588555,9.675410270690918,390583200,-0.8269016749275049,0.1955428699388708,-0.0764769069288284,False
2011-06-21, $46.4714,123112957, $45.24, $46.5428, $45.0286,9.497561258008338,9.771078548245644,9.453174311395538,9.756083488464355,493382400,3.1650092354410297,0.3179042368501061,0.2585222304560179,True
2011-06-20, $45.0457,159899088, $45.3364, $45.3857, $44.3571,9.517957190139017,9.528154377897396,9.312218736332754,9.456775665283203,640645600,-1.5424716362948176,0.2159356415646414,-0.0611815248558134,False
2011-06-17, $45.7514,153715076, $46.9986, $47.0357, $45.6228,9.86675150649288,9.874549354469064,9.577937220497189,9.604928970336914,615020000,-1.5069926968567238,0.296612133971875,-0.2618225361559663,False
2011-06-16, $46.4514,126824918, $46.7, $46.9544, $45.4757,9.804074047476194,9.857457734698038,9.547050881912783,9.7518892288208,510591200,-0.4865897329371482,0.3104068527852544,-0.0521848186553928,False
2011-06-15, $46.6786,98960500, $47.1071, $47.1857, $46.4114,9.889545722954306,9.906040772354084,9.743488815665252,9.799572944641112,399196000,-1.7115731796367162,0.1625519566888318,-0.0899727783131947,False
2011-06-14, $47.4914,83499035, $47.1428, $47.6071, $47.0443,9.897042360338084,9.99451346200888,9.87634847103422,9.970220565795898,334569200,1.7881236638191966,0.1181649909746607,0.0731782054578147,True
2011-06-13, $46.6571,82344175, $46.7428, $46.9014, $46.4386,9.813066788606836,9.846357200920355,9.749186420337203,9.795072555541992,329473200,0.2147456465684039,0.0971707805831521,-0.0179942330648437,False
2011-06-10, $46.5571,108450403, $47.2214, $47.38, $46.5014,9.913541103409877,9.946831529304283,9.762385960274033,9.774083137512209,433955200,-1.6863184628911676,0.1844455690302506,-0.1394579658976678,False
2011-06-09, $47.3557,68737284, $47.6071, $47.6671, $47.25,9.994516254336096,10.007112782037296,9.919538524476,9.941732406616213,275088800,-0.2257125478967836,0.0875742575612967,-0.0527838477198834,False
2011-06-08, $47.4628,83311015, $47.3971, $47.8286, $47.2357,9.95042751476427,10.041000125681045,9.91653806530394,9.96422290802002,333723600,0.0602377619899785,0.1244620603771053,0.0137953932557497,True
2011-06-07, $47.4343,132345680, $48.31, $48.3171, $47.4143,10.1420699701278,10.143569155979677,9.954025454998565,9.958224296569824,529785200,-1.7749628550290275,0.1895437009811118,-0.1838456735579754,False
2011-06-06, $48.2914,115190075, $49.3857, $49.5786, $48.2586,10.367904971345768,10.408392609328198,10.131275405216714,10.13817310333252,461941200,-1.5723123696004817,0.2771172041114838,-0.229731868013248,False
2011-06-03, $49.0628,77951813, $49.0257, $49.3328, $48.8586,10.292326165985846,10.356806381573934,10.257236243285632,10.30012321472168,313250000,-0.768560561618592,0.0995701382883016,0.0077970487358332,True
2011-06-02, $49.4431,84669645, $49.5, $49.7114, $49.1857,10.39189571595047,10.43628267175551,10.32591551721586,10.37989902496338,338783200,0.1707597372579083,0.1103671545396505,-0.0119966909870896,False
2011-06-01, $49.3586,138299601, $49.8386, $50.3046, $49.2357,10.462975156681548,10.560744987154056,10.33641326715784,10.362204551696776,554682800,-0.6669916345157567,0.2243317199962167,-0.1007706049847723,False
2011-05-31, $49.69,104084431, $48.7286, $49.69, $48.7143,10.22994455262452,10.43178367614746,10.226944578983408,10.43178367614746,417754400,3.088231261057661,0.2048390971640508,0.2018391235229391,True
2011-05-27, $48.2014,50882462, $47.8286, $48.2328, $47.7586,10.041000593229413,10.125875180522833,10.02630504707648,10.119277000427246,203599200,0.719399125319109,0.0995701334463525,0.0782764071978334,True
2011-05-26, $47.8571,55623739, $47.9957, $48.1271, $47.7764,10.07609055322614,10.103682141976382,10.029904093225449,10.046998977661133,222560800,-0.5285421045376215,0.0737780487509329,-0.0290915755650065,False
2011-05-25, $48.1114,73437442, $47.6328, $48.3657, $47.55,9.999913461442796,10.153768239074417,9.982519058245968,10.100383758544922,294224000,1.3817606219473475,0.1712491808284486,0.1004702971021256,True
2011-05-24, $47.4557,80444934, $47.9286, $47.9856, $47.3343,10.061993380886475,10.073990070274254,9.937230213794823,9.962722778320312,321927200,-0.6608963165592674,0.136759856479431,-0.0992706025661629,False
2011-05-23, $47.7714,95541069, $47.1386, $47.9971, $47.06,9.896144344473168,10.076390226835658,9.879649294337344,10.029004096984863,383600000,-0.2445845681214642,0.1967409324983133,0.1328597525116954,True
2011-05-20, $47.8886,84476515, $48.5086, $48.7071, $47.86,10.183754485322266,10.225442571967864,10.047595292095908,10.053593635559082,337968400,-1.5593779035293132,0.1778472798719566,-0.1301608497631843,False
2011-05-19, $48.6471,65148271, $48.8686, $48.9163, $48.3814,10.2593365518216,10.269233422492512,10.15706675262942,10.212850570678713,261170000,0.1941955769141135,0.1121666698630914,-0.0464859811428866,False
2011-05-18, $48.5528,83511355, $48.0671, $48.7214, $48,10.091086624323662,10.228445548086857,10.07699091126224,10.193056106567385,334776400,1.1096602718427162,0.1514546368246172,0.1019694822437227,True
2011-05-17, $48.02,113030224, $47.4286, $48.02, $47.2471,9.95702660074101,10.081189155578612,9.918937505283536,10.081189155578612,452334400,0.8520755740879293,0.1622516502950759,0.1241625548376017,True
2011-05-16, $47.6143,112334984, $48.4571, $48.7457, $47.5143,10.172963569700636,10.233545268557746,9.975021335643552,9.996015548706056,449775200,-2.114530006800497,0.2585239329141942,-0.1769480209945797,False
2011-05-13, $48.6428,81443694, $49.38, $49.4643, $48.6214,10.36670442681588,10.384398346391436,10.20745194301042,10.211950302124023,326116000,-1.7514527848924155,0.1769464033810148,-0.1547541246918573,False
2011-05-12, $49.51,79915454, $49.4457, $49.5886, $48.8957,10.380501160668349,10.410492091623512,10.265035796194413,10.393996238708496,322000000,-0.1900793349531082,0.1454562954290992,0.0134950780401474,True
2011-05-11, $49.6043,83509605, $49.86, $50, $49.32,10.467475506044469,10.496866604401212,10.354109154513566,10.413790702819824,336000000,-0.6352630697241346,0.1427574498876467,-0.0536848032246446,False
2011-05-10, $49.9214,71227611, $49.8414, $49.9557, $49.5228,10.463573247929691,10.487566628311242,10.396693702233977,10.480368614196776,282091600,0.5322155629461367,0.0908729260772656,0.0167953662670843,True
2011-05-09, $49.6571,51143653, $49.6943, $49.8857, $49.5039,10.432682798062318,10.47287171261656,10.392795002051654,10.424885749816896,204747200,0.271149749236943,0.0800767105649047,-0.0077970482454219,False
2011-05-06, $49.5228,69991117, $49.9557, $50, $49.4586,10.48756807564206,10.496865111399371,10.383199259120383,10.396695137023926,280134400,-0.025970793678276,0.1136658522789879,-0.0908729386181335,False
2011-05-05, $49.5357,83850155, $49.7714, $50.1357, $49.4357,10.448880299906262,10.52535801761004,10.378401729636083,10.399395942687988,335969200,-0.8066777783468315,0.146956287973957,-0.0494843572182741,False
2011-05-04, $49.9386,97622099, $49.7514, $50.2614, $49.5543,10.444679020516777,10.551747479983693,10.403291239574848,10.483967781066896,389250400,0.3934556896145746,0.1484562404088443,0.0392887605501197,True
2011-05-03, $49.7428,78201993, $49.7128, $49.9843, $49.3743,10.436581814699856,10.493564493152652,10.365502624418657,10.442879676818848,313348000,0.5544467172186485,0.1280618687339956,0.0062978621189913,True
2011-05-02, $49.4686,110396403, $49.9628, $50.067, $49.3571,10.489067715360324,10.510961278503242,10.361905979677942,10.385298728942873,442713600,-1.0995792512983216,0.1490552988252993,-0.1037689864174513,False
2011-04-29, $50.0186,208434163, $49.54, $50.5643, $49.5237,10.400292661683148,10.615328126862028,10.396993171472218,10.500762939453123,1006345200,0.9747392764327678,0.2183349553898104,0.1004702777699755,True
2011-04-28, $49.5357,89955627, $49.4557, $49.9643, $49.36,10.382600572246464,10.489367938092492,10.362506511606172,10.399395942687988,360959200,-0.9709959008227464,0.1268614264863199,0.0167953704415246,True
2011-04-27, $50.0214,88778857, $50.32, $50.3357, $49.5857,10.56404526959317,10.567344760363731,10.409891779436752,10.50136375427246,356213200,-0.0770691683308566,0.1574529809269798,-0.06268151532071,False
2011-04-26, $50.06,84367665, $50.5171, $50.7128, $49.9071,10.605434457743105,10.646521932584424,10.47737255486958,10.5094633102417,338800000,-0.733671974726835,0.1691493777148434,-0.0959711475014053,False
2011-04-25, $50.4298,66418687, $50.0486, $50.5357, $50.0428,10.50706226030642,10.609332055797422,10.505861790279004,10.587138175964355,266546000,0.6586769609498777,0.1034702655184176,0.080075915657936,True
2011-04-21, $50.0994,188240276, $50.7143, $50.7328, $49.7886,10.646820704379389,10.6507200300007,10.452479084226628,10.51785945892334,753810400,2.421064567448594,0.1982409457740725,-0.1289612454560487,False
2011-04-20, $48.9157,165860990, $49.0728, $49.3928, $48.7857,10.302224764055628,10.369404646959524,10.24194338044046,10.269234657287598,700666400,1.3467315665352195,0.1274612665190631,-0.0329901067680307,False
2011-04-19, $48.2657,104574571, $47.5857, $48.2828, $47.3871,9.990015982785746,10.136371605731629,9.948327882844032,10.132773399353027,419378400,1.8110221507600777,0.1880437228875973,0.1427574165672815,True
2011-04-18, $47.4071,152935766, $46.5857, $47.4614, $45.7371,9.780082764321865,9.963927721852414,9.601935836843326,9.95253086090088,609898800,1.34064859273606,0.3619918850090879,0.172448096579016,True
2011-04-15, $46.78,113325554, $47.6143, $47.6628, $46.6857,9.996015249377848,10.006212438274282,9.801073796147564,9.820867538452148,453605600,-1.4920832947911244,0.2051386421267178,-0.1751477109256995,False
2011-04-14, $47.4886,75357053, $47.8286, $48, $47.4371,10.041001327467782,10.076990602500922,9.95882639008265,9.969622611999512,301800800,-1.103724044581467,0.1181642124182715,-0.0713787154682705,False
2011-04-13, $48.0186,86483416, $47.86, $48.02, $47.5028,10.047597381773803,10.081187311306618,9.972619674584273,10.080887794494627,346220000,1.122126475541907,0.1085676367223449,0.0332904127208237,True
2011-04-12, $47.4857,106196122, $47.2128, $47.6757, $47.1714,9.911738951922842,10.008910547040497,9.903041751397216,9.969022750854492,425639200,0.4836892576728147,0.1058687956432802,0.0572837989316497,True
2011-04-11, $47.2571,99679750, $47.7228, $47.9528, $47.1457,10.018805584508913,10.067091059399663,9.89764302247606,9.921035766601562,398946800,-1.2714423203492586,0.1694480369236028,-0.0977698179073502,False
2011-04-08, $47.8657,94195248, $48.56, $48.5928, $47.7071,10.194557091100142,10.201454789439897,10.015510845248851,10.048800468444824,377535200,-0.8932737629378518,0.1859439441910453,-0.1457566226553179,False
2011-04-07, $48.2971,93268378, $48.3, $48.6328, $48.0043,10.139971859386645,10.209850589492277,10.077890178381455,10.13937282562256,373447200,0.0118337128180101,0.1319604111108212,-0.0005990337640842,False
2011-04-06, $48.2914,100460810, $48.7457, $49.1286, $48.1628,10.233545211879273,10.313920653188523,10.111181344677563,10.13817310333252,402539200,-0.2508215906054323,0.2027393085109601,-0.0953721085467531,False
2011-04-05, $48.4128,120651896, $48.1414, $48.8928, $48,10.106683080359824,10.264435592033209,10.076991665051366,10.163665771484377,482731200,-0.6741098031949777,0.1874439269818424,0.0569826911245527,True
2011-04-04, $48.7414,114751314, $49.1871, $49.2286, $48.3428,10.326217639144266,10.334914841205912,10.148970102653111,10.23264503479004,460084800,-0.9780462405511114,0.1859447385528003,-0.0935726043542253,False
2011-04-01, $49.2228,104496031, $50.1586, $50.2267, $49.0428,10.530155760958571,10.544550990641536,10.295924752199548,10.33371353149414,418661600,-1.1334221297153446,0.2486262384419877,-0.1964422294644308,False
2011-03-31, $49.7868,68453161, $49.48, $49.9714, $49.4371,10.387699831285415,10.490869000603109,10.378703111331095,10.452180862426758,274019200,-0.034395394902642,0.1121658892720134,0.0644810311413426,True
2011-03-30, $49.8043,82147055, $50.0914, $50.1257, $49.6343,10.51605934541074,10.523258161590284,10.420088210189022,10.455777168273926,329406000,-0.6639241225432468,0.1031699514012629,-0.0602821771368144,False
2011-03-29, $50.1371,88011586, $49.6657, $50.1371, $49.4371,10.426689225969954,10.525659561157228,10.378704045735365,10.525659561157228,352900800,0.1484402611655833,0.1469555154218635,0.0989703351872748,True
2011-03-28, $50.0628,77053503, $50.45, $50.6171, $50.0628,10.59133477146014,10.626424687113085,10.510058403015137,10.510058403015137,309355200,-0.31292994512081,0.116366284097948,-0.0812763684450033,False
2011-03-25, $50.22,111997444, $49.7243, $50.2943, $49.5743,10.43898147431942,10.558645663348829,10.407490561060232,10.543050765991213,448910000,1.9044888824159667,0.1511551022885964,0.1040692916717933,True
2011-03-24, $49.2814,100635740, $48.8357, $49.4286, $48.4086,10.252440305336822,10.37690320193443,10.162767020299926,10.346012115478516,404712000,1.7040613169203134,0.2141361816345046,0.0935718101416931,True
2011-03-23, $48.4557,93078328, $48.4686, $48.6028, $47.9928,10.175362544317036,10.2035539736496,10.075492071436337,10.172663688659668,372996400,-0.5890299863541615,0.1280619022132629,-0.0026988556573677,False
2011-03-22, $48.7428,81435364, $48.9371, $48.9457, $48.4486,10.273727499902346,10.275527002847472,10.171157433723934,10.232938766479492,325922800,0.5599297037337747,0.1043695691235377,-0.040788733422854,False
2011-03-21, $48.4714,103178211, $47.9986, $48.5343, $47.8943,10.076690721355376,10.189156100603354,10.05479635889598,10.175960540771484,409402000,2.609859992506869,0.1343597417073745,0.0992698194161079,True
2011-03-18, $47.2386,188150886, $48.1614, $48.3143, $47.1428,10.11087889379858,10.14296964067956,9.89704308969626,9.917137145996094,753214000,-1.1863579431647842,0.2459265509833006,-0.1937417478024858,False
2011-03-17, $47.8057,164523359, $48.1186, $48.5157, $47.2371,10.10188231040822,10.185257709356316,9.916837760404416,10.036202430725098,659422400,1.4029905425040123,0.2684199489518999,-0.0656798796831221,False
2011-03-16, $47.1443,287646046, $48.8571, $49, $46.6086,10.256936865067544,10.28692779379138,9.78487745263288,9.897343635559082,1162011200,-4.463997795092956,0.5020503411584993,-0.3595932295084623,False
2011-03-15, $49.3471,179747944, $48.8714, $49.6914, $48.5857,10.259934663146202,10.432083163579302,10.199952813736372,10.3598051071167,721081200,-2.299500715819935,0.2321303498429294,0.0998704439704969,True
2011-03-14, $50.5086,108959443, $50.4543, $50.9263, $50.1871,10.592238927999505,10.691210057574102,10.536156382398737,10.603635787963867,435957200,0.4461152864092321,0.155053675175365,0.0113968599643623,True
2011-03-11, $50.2843,117542215, $49.3328, $50.3314, $49.2857,10.356801427259484,10.566439109184705,10.346905362639587,10.556541442871094,471080400,1.5345384900440573,0.2195337465451174,0.19974001561161,True
2011-03-10, $49.5243,126724608, $49.8743, $49.9671, $49.2714,10.4704732861681,10.489968312511897,10.343911379737444,10.396995544433594,507539200,-1.6455322317649124,0.1460569327744529,-0.0734777417345053,False
2011-03-09, $50.3528,113249954, $50.67, $50.68, $50.0857,10.637523877699556,10.639623699424927,10.514861294027536,10.57094383239746,453306000,-0.9247757912766774,0.1247624053973908,-0.0665800453020963,False
2011-03-08, $50.8228,88957077, $50.7014, $51.0571, $50.3214,10.644121267565572,10.71879947561716,10.564344865726856,10.6696138381958,356316800,0.1125515566753554,0.1544546098903048,0.0254925706302291,True
2011-03-07, $50.7657,136302361, $51.6286, $51.6671, $50.1871,10.838763780483871,10.846861948621015,10.536154809907478,10.657618522644045,546123200,-1.288886969193559,0.3107071387135374,-0.1811452578398267,False
2011-03-04, $51.4286,113155454, $51.4386, $51.47, $51.1071,10.798875792344743,10.80547397333128,10.729296576363144,10.79677677154541,453266800,0.1223800018448129,0.076177396968136,-0.0020990207993332,False
2011-03-03, $51.3657,124643787, $51.0271, $51.3986, $50.8457,10.71250142805338,10.79047752386238,10.67441233120566,10.78357982635498,500788400,2.1129225542582786,0.1160651926567197,0.0710783983015996,True
2011-03-02, $50.3028,150412615, $49.9943, $50.6214, $49.7714,10.495665252418007,10.627326140085682,10.448878955910464,10.56044578552246,602590800,0.8044470576904494,0.1784471841752175,0.0647805331044519,True
2011-03-01, $49.9014,113527924, $50.7814, $50.8171, $49.6687,10.66091557808805,10.668413109582795,10.42728522501913,10.476170539855955,456136800,-1.104187892537012,0.2411278845636655,-0.1847450382320943,False
2011-02-28, $50.4586,100497210, $50.1771, $50.7214, $50.16,10.534056176791706,10.648321886675657,10.530457168512967,10.593138694763184,403074000,1.450483742703268,0.1178647181626892,0.0590825179714773,True
2011-02-25, $49.7371,94401188, $49.3228, $49.7757, $49.2571,10.35470933971948,10.449781137224576,10.34091394251424,10.441683769226074,380018800,1.5399361022364166,0.1088671947103367,0.0869744295065935,True
2011-02-24, $48.9828,124804997, $49.1457, $49.3071, $48.3386,10.317517668774508,10.351407116370597,10.14806802825271,10.283327102661133,499900800,0.0758537819741667,0.203339088117886,-0.0341905661133754,False
2011-02-23, $48.9457,167580960, $48.3957, $49.2343, $48.3728,10.160067355520662,10.336113619472622,10.155267877481933,10.275532722473145,671854400,1.1842432957207771,0.180845741990689,0.115465366952483,True
2011-02-22, $48.3728,217592825, $48.8786, $49.3428, $48.2457,10.261437971367007,10.358909116450796,10.128578177609262,10.155269622802734,872555600,-3.408828474070269,0.2303309388415346,-0.1061683485642728,False
2011-02-18, $50.08,203326891, $51.2443, $51.3571, $49.9314,10.758088971474267,10.781782041634935,10.48247093394324,10.513662338256836,816057200,-2.160177454685408,0.299311107691695,-0.2444266332174312,False
2011-02-17, $51.1857,132320200, $51.0357, $51.4671, $50.9314,10.714300367854271,10.804872985552144,10.692406005584676,10.745790481567385,530583200,-1.33010825529839,0.1124669799674684,0.0314901137131133,True
2011-02-16, $51.8757,118767216, $51.5428, $52.1286, $51.5,10.820767560040546,10.943731246392971,10.811770842188212,10.890647888183594,481157600,0.8974832688260159,0.1319604042047597,0.0698803281430482,True
2011-02-15, $51.4143,70731871, $51.3128, $51.4243, $51.0786,10.772481831792245,10.79587537987728,10.723296999051476,10.79377555847168,284174800,0.2004168756002178,0.0725783808258047,0.0212937266794348,True
2011-02-14, $51.3114,77500243, $50.97, $51.3543, $50.9586,10.70050802436518,10.78118300025486,10.698108685217049,10.772186279296877,310416400,0.6529300047949826,0.0830743150378108,0.0716782549316974,True
2011-02-11, $50.9786,91775628, $50.6789, $51.1143, $50.5057,10.63932664915292,10.730798652682562,10.603037044376638,10.70230770111084,367572800,0.651560688125441,0.1277616083059243,0.0629810519579194,True
2011-02-10, $50.6486,231786170, $51.0557, $51.4286, $49.7143,10.718502326690746,10.796778758866257,10.436885119163936,10.633027076721191,928550000,-1.0107005217618537,0.3598936397023209,-0.085475249969555,False
2011-02-09, $51.1657,120447916, $50.7414, $51.2857, $50.6957,10.652518969167176,10.766785461014164,10.64292241619061,10.741592407226562,482745200,0.8333445983358168,0.1238630448235547,0.0890734380593869,True
2011-02-08, $50.7428,94755248, $50.5257, $50.7886, $50.3071,10.60723190041839,10.662415079274478,10.56134575699231,10.652817726135254,381040800,0.9434854007144944,0.1010693222821679,0.0455858257168646,True
2011-02-07, $50.2686,121039906, $49.6986, $50.4643, $49.6628,10.43358435331308,10.594336028910448,10.426086820908656,10.55324935913086,485021600,1.552663445200575,0.1682492080017912,0.1196650058177795,True
2011-02-04, $49.5,80346164, $49.0914, $49.5286, $49.0728,10.306123396215416,10.397896502113923,10.30222487115312,10.391898155212402,321840400,0.8910081809463399,0.095671630960803,0.0857747589969868,True
2011-02-03, $49.0628,98290879, $49.1143, $49.1771, $48.3643,10.31092023722132,10.324116598054216,10.153467262914138,10.30012321472168,393797600,-0.2555841323396812,0.1706493351400784,-0.0107970224996396,False
2011-02-02, $49.1886,64653258, $49.2071, $49.3214, $49.0786,10.33041547672458,10.354407258862242,10.30342291991338,10.326516151428224,258955200,-0.2057791993246072,0.0509843389488615,-0.0038993252963557,False
2011-02-01, $49.29,106341512, $48.7571, $49.3786, $48.7114,10.235943443359725,10.366403863030229,10.226346089908091,10.34780979156494,426633200,1.6827921479133368,0.1400577731221375,0.1118663482052149,True
2011-01-31, $48.4743,94202598, $47.9714, $48.5771, $47.7571,10.07099097496858,10.198153491022545,10.026004987537153,10.176559448242188,377246800,0.9580559703444846,0.172148503485392,0.1055684732736068,True
2011-01-28, $48.0143,147746454, $49.1671, $49.2, $47.6468,10.322016346791123,10.328914043253228,10.00291159413891,10.07998752593994,592057200,-2.0716502778454604,0.3260024491143181,-0.2420288208511838,False
2011-01-27, $49.03,71129331, $49.1114, $49.2418, $48.9758,10.310322083727868,10.337614161294956,10.281831137645916,10.293227195739746,285026000,-0.186066280471242,0.0557830236490399,-0.0170948879881223,False
2011-01-26, $49.1214,126542748, $48.9943, $49.3714, $48.7857,10.285722897655534,10.36489942179313,10.241936596427376,10.31241512298584,506875600,0.7175930496778005,0.1229628253657537,0.0266922253303061,True
2011-01-25, $48.7714,135998561, $48.0471, $48.7771, $47.7957,10.086887537787016,10.240141662582634,10.0341028978612,10.238941192626951,546868000,1.170551921544538,0.2060387647214341,0.1520536548399356,True
2011-01-24, $48.2071,143251473, $46.6957, $48.2071, $46.6743,9.803170550867186,10.120475769042969,9.79867139204385,10.120475769042969,574683200,3.284119682449682,0.3218043769991183,0.3173052181757825,True
2011-01-21, $46.6743,188198066, $47.6814, $47.84, $46.6614,10.010112065836667,10.04340249165429,9.795975880503944,9.798675537109377,754401200,-1.79146959385994,0.2474266111503453,-0.2114365287272903,False
2011-01-20, $47.5257,190898107, $48.0614, $48.3286, $47.16,10.089884101663118,10.145967421163848,9.90064073837167,9.977417945861816,764789200,-1.8179676795735844,0.2453266827921769,-0.112466155801302,False
2011-01-19, $48.4057,283119845, $49.7643, $49.8, $48.1257,10.447376447360964,10.454874778243113,10.103380607660172,10.16216278076172,1135612800,-0.5313681188836572,0.3514941705829404,-0.2852136665992439,False
2011-01-18, $48.6643,462442329, $47.0743, $49.2518, $46.5714,9.882649352768803,10.339712958889542,9.777080853715072,10.216449737548828,1880998000,-2.2468742009961185,0.5626321051744707,0.3338003847800248,True
2011-01-14, $49.7828,76865693, $49.4128, $49.7828, $49.2057,10.373600214252658,10.451276779174805,10.330113414670857,10.451276779174805,308840000,0.8099877609086148,0.121163364503948,0.0776765649221467,True
2011-01-13, $49.3828,74023552, $49.3086, $49.52, $49.1214,10.35170799656184,10.396094954058755,10.31242003335239,10.367302894592283,296780400,0.3658293049547678,0.0836749207063647,0.015594898030443,True
2011-01-12, $49.2028,75491803, $49.0357, $49.2043, $48.8571,10.2944261818108,10.329814821199951,10.256936920069531,10.329514503479004,302590400,0.8136927336816369,0.0728779011304201,0.0350883216682031,True
2011-01-11, $48.8057,110618303, $49.2686, $49.28, $48.4957,10.34331320519934,10.34571174312606,10.181061524413543,10.246142387390137,444108000,-0.2365049855938106,0.1646502187125165,-0.0971708178092036,False
2011-01-10, $48.9221,111939414, $48.4043, $49.0328, $48.1671,10.16186481658519,10.293825219830584,10.112080148503978,10.270432472229004,448560000,1.883235483383272,0.1817450713266062,0.1085676556438137,True
2011-01-07, $48.0171,77371653, $47.7128, $48.05, $47.4143,10.01671000827877,10.087488900324797,9.954028484160752,10.080591201782228,311931200,0.7161721042661773,0.1334604161640449,0.0638811935034588,True
2011-01-06, $47.6757,74957912, $47.817, $47.8928, $47.5571,10.038600786913053,10.054496001433083,9.984017446725542,10.008910179138184,300428800,-0.0808389966329481,0.0704785547075417,-0.029690607774869,False
2011-01-05, $47.7143,63310259, $47.0786, $47.7628, $47.0714,9.883548235057669,10.02720501580703,9.88204824815636,10.017007827758787,255519600,0.817958576269473,0.1451567676506702,0.1334595927011186,True
2011-01-04, $47.3271,77212123, $47.4914, $47.5, $46.8786,9.97022691342957,9.9720264180298,9.84156513747988,9.93573760986328,309080800,0.5219465317416905,0.1304612805499214,-0.0344893035662909,False
2011-01-03, $47.0814,110964733, $46.52, $47.18, $46.4052,9.76628295493768,9.904841536120296,9.742290373175116,9.884147644042969,445138400,2.173232184171847,0.1625511629451796,0.1178646891052892,True
2010-12-31, $46.08,48344906, $46.1357, $46.2114, $45.9014,9.685607468578826,9.701502684561788,9.636421833752872,9.673911094665527,193508000,-0.3398463926923001,0.0650808508089166,-0.0116963739132991,False
2010-12-30, $46.2371,39354103, $46.4971, $46.5014, $46.15,9.761482979423572,9.762382330728151,9.688605091562502,9.706899642944336,157494400,-0.5011200247123981,0.0737772391656488,-0.0545833364792365,False
2010-12-29, $46.47,40775656, $46.6028, $46.6357, $46.4428,9.78367896001062,9.79057745906519,9.75008901969881,9.75578784942627,163139200,-0.055318104994384,0.0404884393663795,-0.0278911105843508,False
2010-12-28, $46.4957,43898371, $46.5586, $46.6657, $46.4371,9.77438311676806,9.796876518974576,9.748891341724953,9.761187553405762,175924000,0.2433475344008728,0.0479851772496235,-0.0131955633622986,False
2010-12-27, $46.3828,62274056, $46.1217, $46.4914, $45.9314,9.682608743051969,9.760285322811644,9.642720141970758,9.737491607666016,249816000,0.3336988471819735,0.1175651808408861,0.0548828646140471,True
2010-12-23, $46.2286,55731469, $46.4286, $46.45, $46.1671,9.747093419097178,9.751591779929417,9.692209733045022,9.705105781555176,223157200,-0.4797372710854897,0.0593820468843944,-0.041987637542002,False
2010-12-22, $46.4514,66449697, $46.3371, $46.5314, $46.2214,9.72789664139106,9.768684600614804,9.703603736184148,9.7518892288208,265921600,0.2961432425826249,0.0650808644306568,0.0239925874297401,True
2010-12-21, $46.315,63928793, $46.1428, $46.3414, $46.0071,9.687105669808664,9.728792967705775,9.658614731360364,9.723094940185549,256354000,0.6176166915791148,0.0701782363454111,0.0359892703768842,True
2010-12-20, $46.03,96006079, $45.9428, $46.1786, $45.4614,9.645117542637935,9.694603487522611,9.544048234276318,9.663412094116213,385610400,0.4990425991316272,0.1505552532462939,0.0182945514782773,True
2010-12-17, $45.8014,96587849, $45.9471, $45.97, $45.7471,9.646017775538684,9.65081645148753,9.604030161833403,9.615427017211914,386929200,-0.1992252910701819,0.0467862896541273,-0.0305907583267703,False
2010-12-16, $45.8928,80244454, $45.87, $46.0871, $45.7286,9.629822943880722,9.675409567859802,9.600132335560705,9.634621620178224,322030800,0.2778063147634624,0.0752772322990971,0.0047986762975025,True
2010-12-15, $45.7657,103780771, $45.7143, $46.1428, $45.5986,9.597132360895362,9.68710593976853,9.572840263412898,9.607930183410645,417312000,0.0218616278096606,0.1142656763556324,0.0107978225152827,True
2010-12-14, $45.7557,87718986, $45.9614, $46.0771, $45.5714,9.649017477628904,9.673310375529782,9.567141266028324,9.605830192565918,351008000,-0.4290398309819698,0.106169109501458,-0.0431872850629861,False
2010-12-13, $45.9528,109673093, $46.3386, $46.4371, $45.8571,9.728197500667642,9.748891398784862,9.627127349042814,9.647220611572266,439815600,0.3462873235468677,0.1217640497420475,-0.0809768890953765,False
2010-12-10, $45.7943,65576594, $45.6643, $45.8643, $45.5143,9.586636720816816,9.628624342227484,9.555145804547,9.61392879486084,262511200,0.2501945150727103,0.0734785376804847,0.0272920740440234,True
2010-12-09, $45.6796,73378782, $46.0188, $46.0714, $45.5743,9.661014495264032,9.672110233109768,9.567741424501325,9.589935302734377,294151200,-0.3893776416322825,0.1043688086084433,-0.0710791925296554,False
2010-12-08, $45.8586,80165284, $45.6614, $45.86, $45.3014,9.58603455601733,9.627722650416146,9.510457816866223,9.627422332763672,321935600,0.8799415770596397,0.1172648335499229,0.0413877767463422,True
2010-12-07, $45.4586,97437439, $46.2571, $46.2843, $45.4457,9.711095673496027,9.716792898187837,9.540746733178532,9.543445587158203,391454000,-0.6060461589116883,0.1760461650093052,-0.167650086337824,False
2010-12-06, $45.7357,111165143, $45.52, $46.0471, $45.4886,9.556348808758536,9.667016320367068,9.549750626368295,9.601635932922363,448481600,0.8537368907256537,0.1172656939987728,0.0452871241638277,True
2010-12-03, $45.3486,85503906, $45.2871, $45.5214, $45.1914,9.507461088222628,9.556645924715964,9.487367029142677,9.520357131958008,342092800,-0.2231651592090933,0.0692788955732872,0.0128960437353793,True
2010-12-02, $45.45,115699815, $45.3614, $45.5714, $44.9843,9.523055899293077,9.567142541600276,9.443879332928976,9.541650772094728,462837200,0.5530993017968333,0.1232632086713003,0.0185948728016516,True
2010-12-01, $45.2,114829084, $45.0386, $45.3928, $45,9.455276005584354,9.52965389364219,9.447178638978492,9.489166259765623,461750800,1.687315942919998,0.0824752546636968,0.0338902541812693,True
2010-11-30, $44.45,125157098, $44.7914, $44.9086, $44.41,9.403389028437864,9.427982240322027,9.3233131333229,9.331710815429688,501858000,-1.8051776175798009,0.1046691069991272,-0.0716782130081767,False
2010-11-29, $45.2671,110489713, $45.0714, $45.3543, $44.4828,9.462173298599572,9.521555319250073,9.33861058074545,9.50326156616211,445785200,0.5936452190749231,0.1829447385046236,0.0410882675625376,True
2010-11-26, $45,59436255, $44.82, $45.3857, $44.7057,9.409390061206876,9.528154910966098,9.385397477750908,9.447178840637209,237585600,0.0635568844722378,0.1427574332151895,0.0377887794303326,True
2010-11-24, $44.9707,103401091, $44.5714, $45.0571, $44.5357,9.35720309779702,9.459173355924566,9.34970636819841,9.44117832183838,413725200,1.9660810463957512,0.1094669877261562,0.0839752240413602,True
2010-11-23, $44.1043,129372219, $44.35, $44.5357, $43.7943,9.31072118596898,9.349710443483408,9.19405613375722,9.259136199951172,519447600,-1.4775163858984586,0.155654309726188,-0.0515849860178079,False
2010-11-22, $44.7657,97869619, $43.8114, $44.7657, $43.6957,9.197652352615403,9.397993087768556,9.173360254648893,9.397993087768556,393075200,2.1614943045893176,0.2246328331196636,0.2003407351531532,True
2010-11-19, $43.8186,96113949, $43.9957, $44.0571, $43.6057,9.236342847651084,9.249238892220427,9.15446741993008,9.199153900146484,384843200,-0.5511640221240954,0.0947714722903469,-0.0371889475045996,False
2010-11-18, $44.0614,123123667, $43.6, $44.2386, $43.5271,9.153266044688436,9.287326272928848,9.137971463875433,9.250137329101562,494491200,2.6389161079066747,0.1493548090534151,0.096871284413126,True
2010-11-17, $42.9286,119653066, $43.0286, $43.4271, $42.5371,9.033303440513652,9.11697837420196,8.930134280627392,9.012310028076172,479449600,-0.3613736542853796,0.1868440935745674,-0.0209934124374804,False
2010-11-16, $43.0843,164041549, $43.6743, $43.9428, $42.76,9.168859268336268,9.225242103020872,8.976916255112133,9.04499626159668,657650000,-1.7750136006943862,0.2483258479087382,-0.1238630067395885,False
2010-11-15, $43.8621,100475160, $44.0657, $44.3628, $43.7528,9.251034899625532,9.313416078040213,9.185354231454662,9.208447456359863,403606000,-0.3214137207269374,0.1280618465855507,-0.0425874432656687,False
2010-11-12, $44.0043,198704230, $45.1428, $45.2143, $43.3757,9.477168971675692,9.492164034754545,9.106180507887894,9.238140106201172,795846800,-2.722260572281088,0.3859835268666511,-0.2390288654745198,False
2010-11-11, $45.2364,90179837, $45, $45.4857, $44.8928,9.44717809643766,9.549148369999198,9.42468470084892,9.496664047241213,361284000,-0.4339204661120255,0.1244636691502787,0.0494859508035521,True
2010-11-10, $45.4328,95152429, $45.2343, $45.5386, $44.7928,9.49636350119211,9.56024468444752,9.403691058152388,9.53805160522461,384227200,0.6169285483401676,0.1565536262951319,0.0416881040324987,True
2010-11-09, $45.1543,95514329, $45.8643, $45.9, $44.9286,9.628624736424936,9.636123069701611,9.432184101183104,9.479569435119627,383544000,-0.7971815360712564,0.2039389685185071,-0.1490553013053084,False
2010-11-08, $45.5171,69985111, $45.3143, $45.6814, $45.2514,9.513158624088002,9.590235365627407,9.499962263306172,9.555746078491213,281758400,0.4698453875978892,0.0902731023212357,0.0425874544032112,True
2010-11-05, $45.3043,90104657, $45.4271, $45.6528, $45.25,9.536851694368572,9.584237024596108,9.49966275117575,9.511058807373049,361253200,-0.3582004851672149,0.0845742734203582,-0.0257928869955232,False
2010-11-04, $45.4671,159613418, $45.0643, $45.74, $45.0043,9.460674859731345,9.602532943570733,9.44807833278461,9.545249938964844,642488000,1.748731993690278,0.1544546107861233,0.0845750792334989,True
2010-11-03, $44.6857,126496828, $44.4814, $44.6971, $44.0757,9.338310158592048,9.383597267632052,9.253136053268353,9.381197929382324,508348400,1.1119862978849149,0.1304612143636987,0.0428877707902763,True
2010-11-02, $44.1943,107689502, $43.8571, $44.3128, $43.8571,9.20724946210653,9.302920267189869,9.20724946210653,9.278027534484863,433930000,1.7029599673420437,0.0956708050833388,0.0707780723783333,True
2010-11-01, $43.4543,105463082, $43.1743, $43.6571, $43.1714,9.063889913340418,9.16525952120433,9.063290078959325,9.122672080993652,423889200,1.0631700345180572,0.1019694422450054,0.0587821676532342,True
2010-10-29, $42.9971,106459252, $43.4614, $43.6971, $42.9814,9.124173986167666,9.173659131744074,9.023403390645996,9.026702880859377,430511200,-1.3956540966366116,0.1502557410980785,-0.0974711053082888,False
2010-10-28, $43.6057,137111911, $43.9928, $44, $42.9857,9.235742376370592,9.237242363448024,9.024306664545852,9.154467582702637,551051200,-0.8413730340200876,0.2129356989021715,-0.0812747936679549,False
2010-10-27, $43.9757,97963209, $43.95, $44.2714, $43.6571,9.226745843711328,9.294225242375404,9.165263990936111,9.232144355773926,399002800,-0.0713908129850726,0.1289612514392928,0.0053985120625981,True
2010-10-26, $44.0071,97175079, $43.8386, $44.2486, $43.6643,9.203350532293738,9.28942478189778,9.1667606273806,9.238739967346191,392929600,-0.255766825824677,0.1226641545171798,0.035389435052453,True
2010-10-25, $44.12,96214749, $44.1557, $44.5143, $44.0628,9.269928521148378,9.345204932219977,9.250433503544269,9.26243019104004,392462000,0.4455554084689117,0.0947714286757079,-0.0074983301083371,False
2010-10-22, $43.9243,92488648, $44.1528, $44.2914, $43.7571,9.269329148968255,9.298420719686048,9.186254879704684,9.221343994140623,372778000,-0.6623244548426444,0.1121658399813636,-0.0479851548276322,False
2010-10-21, $44.2171,136781721, $44.6228, $44.9628, $43.8286,9.36800051942588,9.439379222663645,9.201250533988398,9.28282642364502,551460000,-0.3252670904232091,0.2381286886752462,-0.0851740957808608,False
2010-10-20, $44.3614,179414674, $44.1428, $44.8928, $43.8386,9.267232786816963,9.424685773002803,9.203352400992893,9.313118934631348,721624400,0.3360696465273483,0.2213333720099104,0.0458861478143841,True
2010-10-19, $44.2128,307005952, $43.3428, $44.8243, $42.86,9.099280023334748,9.410286565208011,8.997910407869108,9.281925201416016,1232784000,-2.6761059978844703,0.4123761573389028,0.1826451780812679,True
2010-10-18, $45.4286,267603430, $45.4957, $45.5714, $44.8986,9.551245137740748,9.567139548569736,9.425882146742213,9.537149429321287,1093010800,1.0357440142155117,0.1412574018275236,-0.014095708419461,False
2010-10-15, $44.9628,229189449, $43.92, $45, $43.5586,9.220446758625078,9.447179449827658,9.144569677991417,9.43938159942627,922194000,4.111648515506561,0.3026097718362415,0.2189348408011913,True
2010-10-14, $43.1871,108314742, $43.0986, $43.21, $42.9143,9.048000200402145,9.071392954631708,9.009311259736954,9.066595077514648,435296400,0.7229965932008975,0.0620816948947542,0.0185948771125037,True
2010-10-13, $42.8771,155265647, $42.8857, $43.1371, $42.8286,9.003313939096312,9.05609779633587,8.991317243883923,9.001514434814453,630092400,0.5360097285504795,0.0647805524519462,-0.001799504281859,False
2010-10-12, $42.6486,139112862, $42.2014, $42.7857, $41.7843,8.859650604794021,8.982314732136519,8.772076387900434,8.953522682189941,558544000,1.0766386540870254,0.2102383442360853,0.09387207739592,True
2010-10-11, $42.1943,106676392, $42.1057, $42.4628, $42.0857,8.839559121912272,8.91453603109808,8.83536028045555,8.858152389526367,427753200,0.4386193034665364,0.0791757506425305,0.0185932676140954,True
2010-10-08, $42.01,164183439, $41.6733, $42.0714, $41.4286,8.74868959568841,8.832364545612045,8.697405723974736,8.81946849822998,658403200,1.6769543320889646,0.1349588216373085,0.070778902541571,True
2010-10-07, $41.3171,101859481, $41.4766, $41.4971, $40.9871,8.707599259031136,8.71179810112592,8.604730430674307,8.674009323120117,408399600,0.0103799980955443,0.1070676704516131,-0.033589935911019,False
2010-10-06, $41.3128,167206320, $41.37, $41.7128, $40.7514,8.685105746104007,8.757084293641004,8.555244363164224,8.67310905456543,670868800,0.0865014393795382,0.2018399304767797,-0.0119966915385774,False
2010-10-05, $41.2771,124901667, $40.2857, $41.35, $40.2601,8.457475360892017,8.680907756380979,8.452076048322304,8.665613174438477,501967200,3.69651070989776,0.2288317080586743,0.2081378135464593,True
2010-10-04, $39.8057,108637023, $40.2286, $40.4143, $39.6814,8.445479754238411,8.48446740888593,8.330613408825265,8.356706619262695,435302000,-1.3733336724947698,0.1538540000606651,-0.0887731349757157,False
2010-10-01, $40.36,112000034, $40.878, $40.94, $40.1928,8.581937326600027,8.594833370670116,8.43798021936145,8.47307014465332,448142800,-0.4334923918622446,0.1568531513086668,-0.1088671819467066,False
2010-09-30, $40.5357,167988710, $41.2857, $41.4286, $40.1786,8.667413171611702,8.697404104262299,8.434982442510375,8.509960174560547,673391600,-1.259728694248119,0.2624216617519241,-0.1574529970511555,False
2010-09-29, $41.0528,117244505, $41.0328, $41.4014, $40.8571,8.614331429175628,8.691708528877653,8.577442784432103,8.6185302734375,469644000,0.1778378145292247,0.1142657444455501,0.0041988442618716,True
2010-09-28, $40.98,258538988, $41.6814, $41.6814, $39.2857,8.750486263734524,8.750486263734524,8.247537375465011,8.603230476379395,1035042400,-1.4768521183128658,0.502948888269513,-0.1472557873551299,False
2010-09-27, $41.5948,120369236, $41.9964, $42.1043, $41.5728,8.816767117794818,8.839259714396144,8.727693680338936,8.732192039489746,482834800,-0.3968302746689911,0.1115660340572084,-0.0845750783050718,False
2010-09-24, $41.76,161761929, $41.7286, $41.9328, $41.5071,8.76038469836484,8.803271673819566,8.713898715072991,8.766982078552246,649488000,1.1767983091207856,0.0893729587465745,0.0065973801874061,True
2010-09-23, $41.2743,196189899, $40.9043, $41.8228, $40.8571,8.587335778006075,8.780178204771543,8.577438907143495,8.66501235961914,786116800,0.4066137193977415,0.2027392976280477,0.0776765816130655,True
2010-09-22, $41.1071,146168794, $40.3871, $41.14, $40.3443,8.478766814597334,8.636819609835651,8.469769296624815,8.629921913146973,585289600,1.402571771916605,0.1670503132108365,0.1511550985496388,True
2010-09-21, $40.5386,166544330, $40.5514, $41.05, $40.3986,8.513254922522329,8.617923220994875,8.481164182963704,8.510555267333984,668074400,0.1906031747885173,0.1367590380311707,-0.0026996551883442,False
2010-09-20, $40.4614,164490809, $39.44, $40.54, $39.4071,8.279928241916489,8.510859791979778,8.273030543420186,8.494364738464355,658677600,2.8543480073341065,0.2378292485595921,0.2144364965478669,True
2010-09-17, $39.3386,157292917, $39.67, $39.7086, $39.0971,8.328212982335042,8.336311150326104,8.207949741906091,8.258634567260742,634477200,-0.4338811547123122,0.1283614084200124,-0.0695784150743001,False
2010-09-16, $39.51,162463819, $38.6057, $39.5243, $38.5,8.104780911005907,8.29762254823187,8.082587028638423,8.294623374938965,652103200,2.3499599369110724,0.2150355195934459,0.1898424639330578,True
2010-09-15, $38.6028,106805122, $38.31, $38.6257, $38.2628,8.042697392274569,8.108977905672143,8.032799722239883,8.104178428649902,429368800,0.8057846337806263,0.0761781834322601,0.0614810363753335,True
2010-09-14, $38.2943,101293530, $38.03, $38.4528, $37.9314,7.9839146993447985,8.07268780925981,7.963220808013313,8.039398193359375,408150400,0.3819671313217032,0.1094670012464966,0.0554834940145765,True
2010-09-13, $38.1486,96883319, $37.9743, $38.3257, $37.9657,7.972218077140972,8.04599612200794,7.970419374413469,8.008807182312012,388780000,1.3780146957410588,0.0755767475944715,0.03658910517104,True
2010-09-10, $37.63,96849369, $37.5986, $37.7857, $37.3428,7.893346598504951,7.932635383150623,7.839662577429553,7.89994478225708,387542400,0.129257842289121,0.0929728057210699,0.0065981837521293,True
2010-09-09, $37.5814,109347103, $37.8628, $38.0743, $37.56,7.948829194095368,7.99321536881139,7.885248305255617,7.88974666595459,438575200,0.0571219441634518,0.1079670635557725,-0.0590825281407783,False
2010-09-08, $37.56,131395709, $37.1114, $37.77, $37.0143,7.791070067467087,7.929329087220886,7.770675698823195,7.885242462158203,526551200,1.9819835376378991,0.158653388397691,0.0941723946911157,True
2010-09-07, $36.83,85565506, $36.6628, $37.0757, $36.6071,7.696905639579748,7.7835797848940755,7.685209258862044,7.731995582580566,342557600,-0.3709430769836652,0.0983705260320313,0.035089943000818,True
2010-09-03, $36.9671,130035609, $36.4414, $36.9686, $36.3571,7.650416493003354,7.761083189251118,7.632721770246552,7.760783672332764,520788800,2.6173195232788604,0.1283614190045661,0.11036717932941,True
2010-09-02, $36.0243,103632581, $35.8946, $36.0243, $35.51,7.535547915296539,7.562839984893798,7.454872176363804,7.562839984893799,415427600,0.7350092412049758,0.1079678085299935,0.0272920695972596,True
2010-09-01, $35.7614,173960762, $35.3528, $35.9228, $35.1828,7.421883258477054,7.54154745846026,7.386194300973798,7.507658004760742,697037600,2.9741017652039847,0.1553531574864628,0.0857747462836879,True
2010-08-31, $34.7286,104966361, $34.55, $34.9371, $34.3357,7.2533322975763745,7.334608668614091,7.208346313122038,7.290821552276611,420786800,0.2474459455738209,0.1262623554920532,0.0374892547002367,True
2010-08-30, $34.6428,95553599, $34.3943, $35.1071, $34.3829,7.220640451164582,7.370296325182123,7.218241113657857,7.272825241088867,383289200,0.3642065288172569,0.1520552115242655,0.0521847899242855,True
2010-08-27, $34.5171,136758551, $34.5357, $34.6586, $33.6514,7.250332581890181,7.2761246589867055,7.064687447945499,7.246433258056641,548391200,0.5576473719242303,0.2114372110412068,-0.00389932383354,False
2010-08-26, $34.3257,116284385, $35.0643, $35.1071, $34.3254,7.361301444613412,7.370298963484416,7.206247806549072,7.206247806549072,466505200,-1.0745736153294885,0.1640511569353435,-0.1550536380643397,False
2010-08-25, $34.6986,148938905, $34.0057, $34.8557, $33.8857,7.139069086358946,7.317516302291937,7.11387683030098,7.284525394439697,596867600,1.2337164994696614,0.2036394719909564,0.1454563080807513,True
2010-08-24, $34.2757,150183995, $34.6671, $34.7143, $34.0928,7.277925963958955,7.287822032256423,7.157361628124151,7.195750236511231,602565600,-2.388119365217345,0.1304604041322719,-0.0821757274477237,False
2010-08-23, $35.1143,103289091, $35.97, $36, $35.0357,7.551444403630595,7.557742265914423,7.355303312968278,7.371797561645508,414041600,-1.5382228517242025,0.202438952946145,-0.1796468419850869,False
2010-08-20, $35.6628,95681559, $35.6271, $36.2743, $35.5714,7.47946621720296,7.61532514399443,7.467769042621388,7.486963748931885,384230000,-0.0960589061183125,0.1475561013730422,0.0074975317289247,True
2010-08-19, $35.6971,106533662, $36.12, $36.2114, $35.5257,7.58293568307935,7.602130391427893,7.458173282203072,7.494162559509277,426706000,-1.260505019999647,0.1439571092248206,-0.088773123570073,False
2010-08-18, $36.1528,84548265, $36.0514, $36.3814, $35.94,7.568539856120451,7.637818748987199,7.545146307164522,7.589832782745361,339696000,0.4365703705096591,0.0926724418226765,0.02129292662491,True
2010-08-17, $35.9957,105546662, $35.7257, $36.3757, $35.6,7.500158695167519,7.636618231645371,7.473765978967628,7.556841850280762,422640400,1.748508090298451,0.1628522526777427,0.0566831551132427,True
2010-08-16, $35.3771,79420764, $35.3686, $35.7157, $35.2314,7.425180992074986,7.498059677609129,7.396388938028663,7.426980495452881,318430000,-0.5861492387253198,0.1016707395804665,0.001799503377895,True
2010-08-13, $35.5857,88560037, $35.95, $35.9828, $35.5843,7.547247278622203,7.554144977018637,7.470470041275616,7.470770359039307,354869200,-1.068321423524321,0.0836749357430202,-0.0764769195828964,False
2010-08-12, $35.97,133552620, $35.2414, $36.1571, $35.16,7.398489455518685,7.590732013161718,7.381394572242987,7.551444053649902,534920400,0.6395060871660752,0.2093374409187314,0.1529545981312177,True
2010-08-11, $35.7414,154454626, $36.4857, $36.5271, $35.6871,7.65971308353555,7.668410284614621,7.492062920451389,7.503458976745605,620054400,-3.5542189092494625,0.1763473641632327,-0.1562541067899454,False
2010-08-10, $37.0586,112874754, $37.1214, $37.2071, $36.7928,7.79317272894209,7.811167766657976,7.724192551878441,7.779976367950439,451920000,-0.894018243968675,0.0869752147795352,-0.0131963609916514,False
2010-08-09, $37.3928,75552633, $37.3543, $37.45, $37.0814,7.842060044283597,7.862154910660539,7.784777822565775,7.850158214569092,303128000,0.6382466141441334,0.0773770880947646,0.0080981702854945,True
2010-08-06, $37.1558,111151143, $37.1114, $37.3557, $36.8043,7.791074761765656,7.842360231038501,7.726593729207801,7.80037260055542,444897600,-0.6152008392797281,0.1157665018307003,0.0092978387897639,True
2010-08-05, $37.3857,72257102, $37.39, $37.5971, $37.2214,7.84955695965261,7.893044574692726,7.8141675134329,7.848657608032227,289097200,-0.4867012931422776,0.0788770612598259,-0.000899351620383,False
2010-08-04, $37.5686,105052042, $37.5486, $37.7543, $37.1873,7.882845111280561,7.926031595245668,7.80696804623294,7.8870439529418945,420375200,0.4008487647997993,0.1190635490127283,0.0041988416613332,True
2010-08-03, $37.4186,104082541, $37.2871, $37.6086, $37.06,7.827963463229494,7.895442862277263,7.78027780767644,7.855555057525635,417653600,0.0305842595439642,0.1151650546008227,0.0275915942961404,True
2010-08-02, $37.4071,106583082, $37.2057, $37.5128, $37.0886,7.810866098708302,7.875346303925688,7.786273685595025,7.853153228759766,428055600,1.7881028250904762,0.0890726183306629,0.0422871300514637,True
2010-07-30, $36.75,112029784, $36.5561, $37.1, $36.4143,7.674410403567742,7.788675314862619,7.644718184257615,7.715197563171387,448210000,-0.3331950846718112,0.1439571306050044,0.0407871596036448,True
2010-07-29, $36.8728,160834008, $37.2443, $37.5214, $36.5857,7.818967079549104,7.877149449983268,7.6807087702105665,7.740990161895752,643806800,-1.0920791634627114,0.1964406797727012,-0.077976917653352,False
2010-07-28, $37.28,129737759, $37.6671, $37.9986, $37.1786,7.90773769018076,7.977316891810366,7.8051683912705885,7.826461315155029,519985200,-1.1814673697576383,0.1721485005397776,-0.0812763750257303,False
2010-07-27, $37.7257,145188934, $37.2671, $37.8286, $37.1857,7.823762494349016,7.941627173389934,7.806667611122875,7.920033931732178,584771600,1.8512823610319584,0.1349595622670589,0.0962714373831614,True
2010-07-26, $37.04,104188731, $37.1428, $37.1571, $36.8157,7.797670035167118,7.800669207714841,7.728990985942117,7.776076793670654,420551600,-0.2539156828425315,0.0716782217727241,-0.0215932414964639,False
2010-07-23, $37.1343,133236640, $36.7271, $37.1971, $36.6114,7.7103973059373345,7.809068095865452,7.686104404975713,7.795871734619141,533388800,0.3551842263436411,0.1229636908897395,0.0854744286818061,True
2010-07-22, $37.0034,161139628, $36.8114, $37.1428, $36.4728,7.7280919123953105,7.797671123519652,7.6570127143641775,7.768280029296875,645318800,1.8801335958289256,0.1406584091554741,0.0401881169015645,True
2010-07-21, $36.32,295973249, $37.87, $37.8786, $36.2857,7.950323919083887,7.952123422523127,7.617724108959041,7.624921321868896,1185671200,0.9329402634569606,0.3343993135640861,-0.3254025972149916,False
2010-07-20, $35.9843,263591379, $34.7, $36.1286, $34.2871,7.284824058586751,7.584734126993419,7.198149967931657,7.554442882537842,1074950800,2.569412230847634,0.386584159061762,0.2696188239510908,True
2010-07-19, $35.0828,255842447, $35.6971, $35.6971, $34.2286,7.49416256381062,7.49416256381062,7.185854768411009,7.365200519561768,1024478000,-1.7286867365829517,0.3083077953996112,-0.1289620442488521,False
2010-07-16, $35.7,259540618, $36.1686, $36.4243, $35.4871,7.593131932555068,7.646815924555268,7.450074993405091,7.4947614669799805,1039858400,-0.6164344757151774,0.1967409311501766,-0.0983704655750878,False
2010-07-15, $35.9214,205060442, $35.4614, $36.71, $35.3286,7.444677348408822,7.706798675581759,7.416785438469227,7.541248321533203,824866000,-0.5064405686940887,0.2900132371125314,0.0965709731243809,True
2010-07-14, $36.1038,202950851, $35.6257, $36.5428, $35.5714,7.479165988967354,7.671707262400582,7.467768332332347,7.579634666442871,812047600,0.3693150228920583,0.2039389300682348,0.1004686774755168,True
2010-07-13, $35.9711,296797219, $36.6171, $36.6286, $35.2043,7.687305160464154,7.689703698114369,7.390692945064203,7.551744937896728,1190924000,-2.1337982153267543,0.2990107530501653,-0.1355602225674266,False
2010-07-12, $36.755,140474992, $36.9328, $37.4071, $36.4086,7.753586237817294,7.853156400303187,7.643519367996121,7.716397285461426,562878400,-0.8974582895564187,0.2096370323070662,-0.0371889523558683,False
2010-07-09, $37.0886,108260072, $36.6986, $37.1286, $36.4514,7.704399634561427,7.794672747964949,7.652515138206909,7.786275863647461,433322400,0.5928564119721536,0.1421576097580397,0.0818762290860339,True
2010-07-08, $36.87,184252935, $37.4971, $37.5571, $36.4128,7.872047348497897,7.88464387229559,7.644415373945627,7.740386486053467,738144400,-0.2242635233467682,0.2402284983499631,-0.1316608624444297,False
2010-07-07, $36.9521,163169979, $35.7843, $36.9671, $35.6786,7.51245756560723,7.760784341133992,7.490265282078392,7.757784366607666,654556000,4.038137643340378,0.2705190590556006,0.2453268010004361,True
2010-07-06, $35.5186,153559326, $35.8571, $36.1143, $35.1657,7.527752019848908,7.581735531953661,7.382595250577679,7.456673622131348,615235600,0.6843970642593566,0.1991402813759819,-0.0710783977175602,False
2010-07-02, $35.2771,173446612, $35.7843, $35.8471, $34.7428,7.512454277919303,7.525651437178333,7.29381981791856,7.40598726272583,693842800,-0.6197969138766801,0.2318316192597738,-0.1064670151934725,False
2010-07-01, $35.4971,255527517, $36.3286, $36.4, $34.7457,7.626723507985431,7.641719375253845,7.294423097791227,7.452175617218018,1022896000,-1.2125531117769706,0.3472962774626182,-0.1745478907674131,False
2010-06-30, $35.9328,184538045, $36.6728, $36.8528, $35.7157,7.698999473639664,7.736788247940152,7.498060513308492,7.543646335601807,739452000,-1.811301010860844,0.2387277346316594,-0.1553531380378574,False
2010-06-29, $36.5957,282782865, $37.7316, $37.77, $36.3286,7.921233289034196,7.929331455897156,7.626721732086667,7.682805061340332,1133344800,-4.521048793435279,0.3026097238104892,-0.2384282276938636,False
2010-06-28, $38.3286,146186434, $38.1328, $38.5357, $37.7886,8.005507310850264,8.090083173985638,7.933229256160339,8.046595573425293,584948000,0.5998936707128255,0.1568539178252992,0.0410882625750286,True
2010-06-25, $38.1,136678611, $38.58, $38.61, $37.9728,8.099383032699862,8.105680896683975,7.971920159898305,7.998612403869629,549942400,-0.8550167900331473,0.1337607367856694,-0.100770628830233,False
2010-06-24, $38.4286,178309303, $38.7143, $39.0278, $38.3,8.127572728291774,8.19355373746872,8.040599108529005,8.067591667175293,714277200,-0.7270020515326436,0.1529546289397156,-0.0599810611164812,False
2010-06-23, $38.71,191838418, $39.2257, $39.2371, $38.2714,8.23494088611615,8.23734022447589,8.034600137314055,8.126672744750977,768457200,-1.0516715969941526,0.2027400871618354,-0.1082681413651727,False
2010-06-22, $39.1214,178776694, $38.88, $39.4243, $38.7857,8.162362207838523,8.276627890131804,8.142568467932294,8.21304702758789,717262000,1.362102643558183,0.1340594221995097,0.0506848197493674,True
2010-06-21, $38.5957,193217628, $39.67, $39.8586, $38.39,8.328212407416704,8.367800689721607,8.059492916434637,8.102680206298828,776490400,-1.4229968175838217,0.3083077732869697,-0.2255322011178755,False
2010-06-18, $39.1534,195928029, $38.8928, $39.2857, $38.7743,8.165062148904045,8.24753821174169,8.140169411433101,8.219645500183105,784621600,0.8091942923637685,0.1073688003085884,0.0545833512790601,True
2010-06-17, $38.8386,217872895, $38.6571, $38.9857, $38.5,8.115577394657365,8.184557581762204,8.082587288223243,8.153666496276855,872855200,1.728751457412958,0.1019702935389617,0.0380891016194908,True
2010-06-16, $38.1786,195557169, $37.3, $38.25, $37.2329,7.830659748662104,8.030100308654312,7.816564038802031,8.015105247497559,783678000,2.9111569707794605,0.2135362698522804,0.1844454988354549,True
2010-06-15, $37.0986,145862054, $36.52, $37.1214, $36.5,7.6669097777647455,7.793172146672098,7.662710935944757,7.7883734703063965,585074000,2.127581482455976,0.1304612107273408,0.121463692541651,True
2010-06-14, $36.3257,150469315, $36.5657, $37.0214, $36.2871,7.67650681995048,7.772177623156215,7.618024155380139,7.626121520996094,602960400,0.3037057241112695,0.1541534677760756,-0.050385298954386,False
2010-06-11, $36.2157,136154451, $35.4607, $36.2657, $35.3386,7.444677538253734,7.613527387504813,7.418885449290211,7.603030681610107,545759200,1.1975482394829928,0.1946419382146018,0.1583531433563738,True
2010-06-10, $35.7871,193507918, $34.9771, $35.8543, $34.6,7.343008642151667,7.527153100567681,7.26383205888861,7.513058185577393,776356000,3.0057886075621765,0.2633210416790703,0.1700495434257254,True
2010-06-09, $34.7428,213040094, $35.9243, $35.9857, $34.6414,7.541847735612709,7.554744579893757,7.272528407880068,7.293821334838867,854630000,-2.4585884671552094,0.2822161720136895,-0.2480264007738419,False
2010-06-08, $35.6186,249904415, $36.1771, $36.2571, $35.0928,7.594931228660874,7.61172659592908,7.367299224228882,7.47766637802124,1000770400,-0.6415864092303991,0.2444273717001985,-0.1172648506396338,False
2010-06-07, $35.8486,221253336, $36.8986, $37.0214, $35.7928,7.74638585236101,7.772177936977492,7.514254688271107,7.525951862335205,886942000,-1.9612453150240627,0.2579232487063851,-0.2204339900258052,False
2010-06-04, $36.5664,189045767, $36.8871, $37.4143, $36.3757,7.743986379248573,7.854653048030694,7.636619200833727,7.676506996154785,758304400,-2.72118754243047,0.2180338471969669,-0.0674793830937874,False
2010-06-03, $37.5886,162341809, $37.8828, $37.9357, $37.2014,7.953023055178101,7.964120393869559,7.809966130509516,7.891242504119873,650106800,-0.314456562810983,0.1541542633600423,-0.0617805510582281,False
2010-06-02, $37.7071,171594061, $37.7914, $37.8286, $37.1907,7.933829227803613,7.941627076390697,7.807566867108516,7.916135311126709,688548000,1.1961702655258757,0.1340602092821807,-0.0176939166769036,False
2010-06-01, $37.2614,218455576, $37.0986, $37.9914, $36.9943,7.788374352928029,7.9758182650458735,7.766480789952012,7.822564125061035,876472800,1.537693482058744,0.2093374750938617,0.034189772133006,True
2010-05-28, $36.6971,203645811, $37.0554, $37.0571, $36.1928,7.779376735524413,7.779676252373002,7.598229906514126,7.704098701477051,815614800,1.3933479894526757,0.1814463458588759,-0.0752780340473622,False
2010-05-27, $36.1928,165270400, $35.8, $36.27, $35.5871,7.515753694278533,7.614424462046543,7.471067227728575,7.598228931427002,666282400,3.7851191256608407,0.1433572343179676,0.0824752371484693,True
2010-05-26, $34.8727,212125404, $35.7257, $36.0186, $34.8214,7.500163056964297,7.561644923505658,7.310318944068859,7.321115970611572,850654000,-0.4525945099420392,0.2513259794367988,-0.1790470863527247,False
2010-05-25, $35.0314,261342838, $34.1928, $35.2514, $33.88,7.178353791353303,7.400587236726019,7.112673924992635,7.354401588439941,1048006400,-0.6241300027499674,0.2879133117333836,0.1760477970866381,True
2010-05-24, $35.2514,188078156, $35.3257, $35.8428, $35.18,7.416186599117606,7.524754279441528,7.385595829654664,7.400590896606445,754238800,1.832279284147642,0.1391584497868638,-0.0155957025111606,False
2010-05-21, $34.6171,305744272, $33.26, $34.9286, $33.05,6.982515390060742,7.332811638045472,6.938428742038283,7.267431259155273,1223891200,1.9178812829065084,0.3943828960071887,0.2849158690945312,True
2010-05-20, $33.9657,319497456, $34.5543, $34.8357, $33.7443,7.254235370959325,7.313318697325993,7.084186612726394,7.130673408508301,1282915200,-4.260254048487222,0.2291320845995992,-0.1235619624510242,False
2010-05-19, $35.4771,256089547, $35.6428, $36.1314, $34.9786,7.482765720488766,7.585335040945637,7.343307771101538,7.447976112365723,1025726800,-1.5929560145304,0.2420272698440984,-0.0347896081230434,False
2010-05-18, $36.0514,194856888, $36.7114, $36.9357, $35.7514,7.707098201693698,7.754184014156578,7.505557790458119,7.568539619445801,782678400,-0.731642655182696,0.2486262236984586,-0.1385585822478976,False
2010-05-17, $36.3171,190413707, $36.3857, $36.5971, $35.3871,7.6387184436624604,7.683105399713419,7.429080672161162,7.624322414398193,762834800,0.1576151540562564,0.2540247275522569,-0.014396029264267,False
2010-05-14, $36.26,189368537, $36.4521, $36.64, $35.6428,7.652512344163117,7.692100616067127,7.4827632031173055,7.612324237823486,759362800,-1.757251650025382,0.2093374129498215,-0.0401881063396309,False
2010-05-13, $36.9086,149704075, $37.6028, $37.8571, $36.6286,7.894240381891712,7.947624848290778,7.689701634941206,7.7484846115112305,599712400,-1.4231740151614105,0.2579232133495726,-0.1457557703804815,False
2010-05-12, $37.4414,163385299, $37.035, $37.59, $36.9571,7.774875874265577,7.891541677508597,7.758681945138481,7.860351085662842,654379600,2.171380722225469,0.1328597323701155,0.0854752113972647,True
2010-05-11, $36.6457,212068004, $35.9771, $37.1271, $35.7857,7.552941407097501,7.794369535613181,7.512754105985451,7.693300247192383,848906800,0.9961005062067984,0.2816154296277302,0.1403588400948816,True
2010-05-10, $36.2843,245539284, $35.75, $36.3786, $35.5043,7.505257212243817,7.637217595562171,7.453672247378271,7.617423057556152,984306400,7.68672614608592,0.1835453481839,0.1121658453123357,True
2010-05-07, $33.6943,418562326, $34.8157, $35.2243, $32.1728,7.309118744838472,7.39489270421639,6.754283661213071,7.07368803024292,1676018400,-4.219275928513822,0.6406090430033187,-0.2354307145955516,False
2010-05-06, $35.1786,319584886, $36.2614, $36.8928, $28.4643,7.612625638072035,7.745185863807989,5.975714469858565,7.385293960571289,1285860800,-3.804855095669179,1.7694713939494235,-0.2273316775007456,False
2010-05-05, $36.5693,220353346, $36.1471, $36.8771, $35.5328,7.588635088080988,7.741889245361574,7.459673034125418,7.677408218383789,883103200,-1.039860414424798,0.2822162112361566,0.0887731303028012,True
2010-05-04, $36.9543,180620564, $37.5557, $37.6128, $36.6786,7.884344593054248,7.896340481899756,7.700199410508122,7.758081436157227,723819600,-2.8796724888965897,0.1961410713916338,-0.1262631568970214,False
2010-05-03, $38.05,113343684, $37.6914, $38.2686, $37.5543,7.912835699168535,8.033999865116016,7.884043643289994,7.988112926483154,454342000,2.014614049495478,0.1499562218260219,0.0752772273146193,True
2010-04-30, $37.2986,135421971, $38.4728, $38.6528, $37.2857,8.076886966554012,8.114675743431286,7.827662511143832,7.830361366271973,542463600,-2.8104808110354873,0.2870132322874541,-0.2465256002820393,False
2010-04-29, $38.3771,139522502, $37.5743, $38.5714, $37.43,7.888245714502566,8.09758323474698,7.857955261249044,8.056796073913574,558840800,2.6911290822522194,0.2396279734979352,0.1685503594110082,True
2010-04-28, $37.3714,189375537, $37.6071, $37.7143, $36.63,7.895144422315722,7.917637024501551,7.69000573987236,7.845659255981445,758402400,-0.1678942160257546,0.227631284629191,-0.0494851663342768,False
2010-04-27, $37.4343,176955713, $38.1814, $38.2628, $37.2171,8.015706982597356,8.032801870619547,7.813267982825157,7.858853816986084,709343600,-2.768103154518453,0.2195338877943902,-0.1568531656112721,False
2010-04-26, $38.5,119378876, $38.84, $38.9228, $38.3128,8.153966928784609,8.171361335547937,8.043299420413943,8.082588195800781,479068800,-0.4910630839475516,0.1280619151339941,-0.0713787329838275,False
2010-04-23, $38.69,198906390, $38.2843, $38.8828, $38.1428,8.03729975228258,8.162962307787058,8.007609138545115,8.122474670410156,796955600,1.6362333899011094,0.1553531692419429,0.085174918127576,True
2010-04-22, $38.0671,197849809, $36.8914, $38.1071, $36.6,7.744885736949949,8.000109299147635,7.68370342148167,7.991711616516113,793424800,2.7968566176346465,0.3164058776659644,0.2468258795661642,True
2010-04-21, $37.0314,245072944, $36.9721, $37.1786, $36.5328,7.761679733535535,7.805167329272324,7.669607150679234,7.774276256561279,982391200,5.981438504222081,0.1355601785930904,0.0125965230257438,True
2010-04-20, $34.9414,177792843, $35.5057, $35.6071, $34.7078,7.453971889983405,7.475265611850003,7.286622088051193,7.335507392883301,738326400,-1.0037610230085536,0.1886435237988095,-0.1184644971001045,False
2010-04-19, $35.2957,141571402, $35.29, $35.4128, $34.5386,7.408685260849147,7.434477339370608,7.250932016006788,7.409884929656982,566924400,-0.1333897928531557,0.1835453233638206,0.0011996688078355,True
2010-04-16, $35.3428,187514026, $35.51, $35.8771, $34.9357,7.454871274796588,7.531948798219249,7.334307757069283,7.4197821617126465,750545600,-0.610659825590365,0.197641041149966,-0.0350891130839414,False
2010-04-15, $35.56,93876048, $35.1114, $35.5757, $35.0728,7.371197756205656,7.468668867801689,7.363100390259164,7.465370178222656,376784800,1.3146625321146077,0.1055684775425254,0.0941724220170003,True
2010-04-14, $35.0986,100827750, $35.04, $35.1157, $34.8671,7.3562030706236605,7.372098286482365,7.319914280004684,7.368499279022217,404076400,1.3447032609569032,0.052184006477681,0.0122962083985562,True
2010-04-13, $34.6328,76184103, $34.5514, $34.6857, $34.4443,7.253635453623775,7.2818268844612035,7.231141251323858,7.270729541778564,306210800,0.0577793060183573,0.0506856331373457,0.0170940881547885,True
2010-04-12, $34.6128,83236885, $34.6, $34.7243, $34.5443,7.263831334140838,7.2899237420658,7.252134958408231,7.266530990600586,333026400,0.2067917219132686,0.0377887836575689,0.0026996564597476,True
2010-04-09, $34.5414,83443105, $34.49, $34.5557, $34.3514,7.240739191917902,7.25453538999095,7.21164760944843,7.251535415649414,334182800,0.7668381367893939,0.0428877805425207,0.0107962237315124,True
2010-04-08, $34.2786,142899723, $34.3486, $34.5057, $34.0057,7.211046598631324,7.244036700838811,7.1390680482063935,7.196351051330566,572989200,-0.270195794149497,0.1049686526324178,-0.0146955473007572,False
2010-04-07, $34.3714,156909177, $34.2457, $34.56, $34.0943,7.184357041171244,7.255436266651595,7.157664791886583,7.215847969055176,628502000,0.4425578190546675,0.097771474765012,0.0314909278839321,True
2010-04-06, $34.22,111431983, $34.0286, $34.32, $33.8571,7.143866259891956,7.205047783515565,7.107876987022679,7.184054374694824,447017200,0.4402729517634318,0.097170796492886,0.0401881148028682,True
2010-04-05, $34.07,170363601, $33.5678, $34.0728, $33.5386,7.047295407636181,7.153163406501208,7.040996744214165,7.152563571929932,684507600,1.0679436073705029,0.1121666622870432,0.1052681642937507,True
2010-04-01, $33.71,150568295, $33.9271, $34.1043, $33.25,7.120172643458384,7.159760119784918,6.980414404743126,7.076985359191895,603145200,0.4127734751129042,0.1793457150417925,-0.0431872842664882,False
2010-03-31, $33.5714,107438412, $33.6414, $33.8014, $33.4943,7.062589869677275,7.096179800450251,7.03169879370021,7.047893524169922,430659600,-0.3603891717682494,0.0644810067500412,-0.0146963455073532,False
2010-03-30, $33.6921,131326339, $33.8004, $33.9257, $33.4643,7.095878629013126,7.122271343539094,7.025399285810908,7.073385238647461,527310000,1.48883955296637,0.096872057728186,-0.022493390365665,False
2010-03-29, $33.1986,130887089, $33.2857, $33.41, $33.0886,6.987914154158917,7.014005759603886,6.946526365043018,6.969618797302246,540744400,0.6453030045856067,0.067479394560868,-0.0182953568566706,False
2010-03-26, $32.9857,159986658, $32.7071, $33.1357, $32.65,6.866449336594584,6.956422115126005,6.854452645784854,6.92493200302124,640875200,1.8751374924519393,0.1019694693411503,0.0584826664266566,True
2010-03-25, $32.3786,135463131, $32.9886, $32.9957, $32.3214,6.925531981675691,6.927031968655166,6.785473400326808,6.7974700927734375,542284400,-1.185853383837021,0.1415585683283584,-0.1280618889022537,False
2010-03-24, $32.7671,149419805, $32.52, $32.8857, $32.5014,6.827160996760712,6.903938220995987,6.823261671582851,6.879045486450195,597780400,0.4422859790157663,0.0806765494131358,0.051884489689483,True
2010-03-23, $32.6228,150384825, $32.2343, $32.6828, $32.0143,6.767178503150928,6.86135093240841,6.720992040410263,6.848754405975342,602431200,1.6062453526759723,0.1403588919981464,0.0815759028244134,True
2010-03-22, $32.1071,113828294, $31.4957, $32.2857, $31.45,6.612124295474011,6.777974921992682,6.602526943990146,6.740485668182373,456419600,1.124863657496622,0.1754479780025359,0.1283613727083619,True
2010-03-19, $31.75,139669082, $32.1128, $32.1771, $31.6043,6.741685167215725,6.7551810419762495,6.634916636766184,6.665507793426514,559445600,-1.068336719385088,0.1202644052100652,-0.0761773737892115,False
2010-03-18, $32.0928,85156076, $32.0143, $32.1428, $31.8014,6.720990990167102,6.74798354259145,6.676304921736602,6.737486839294434,342109600,0.2364608566193915,0.0716786208548478,0.0164958491273319,True
2010-03-17, $32.0171,112501374, $32.1286, $32.35, $31.8957,6.7449856521709535,6.79147163335592,6.696100732960291,6.721592903137207,450956800,-0.1470005498353299,0.0953709003956291,-0.0233927490337464,False
2010-03-16, $32.0643,111581993, $32.0257, $32.14, $31.7871,6.7233908628610335,6.74738344099691,6.673305885504722,6.731488227844238,446908000,0.2724917571651941,0.0740775554921882,0.0080973649832047,True
2010-03-15, $31.9771,123005437, $32.1971, $32.2143, $31.4643,6.759381385793019,6.762979592461603,6.605527017880345,6.713195323944092,493502800,-1.2180167462041758,0.1574525745812582,-0.0461860618489273,False
2010-03-12, $32.3714,103841951, $32.4814, $32.5328, $32.25,6.8190638269286445,6.829860850904239,6.770478820733172,6.795971393585205,416323600,0.4878306388861775,0.0593820301710668,-0.0230924333434394,False
2010-03-11, $32.2143,101209110, $31.9871, $32.2143, $31.9028,6.715294660579109,6.762979507446289,6.697599540515394,6.762979507446289,405700400,0.2935547848835984,0.0653799669308954,0.0476848468671802,True
2010-03-10, $32.12,148907755, $31.9757, $32.2114, $31.8857,6.712894126951476,6.762379269589741,6.693999741518895,6.743184566497803,596218000,0.8160179425138026,0.0683795280708459,0.0302904395463263,True
2010-03-09, $31.86,229908139, $31.1871, $32.1428, $31.1271,6.547346474211979,6.747986393586363,6.534750344849037,6.688604354858398,920259200,1.7984487932833249,0.2132360487373255,0.1412578806464193,True
2010-03-08, $31.2971,107326832, $31.43, $31.4414, $31.1786,6.59832989448658,6.600728832585432,6.545545648262431,6.570438385009766,429889600,0.0593710042936512,0.0551831843230008,-0.0278915094768139,False
2010-03-05, $31.2786,224647427, $30.7057, $31.3857, $30.6614,6.4462757183526085,6.589033163672156,6.436978281146776,6.566539764404297,899620400,3.9106173073140127,0.1520548825253804,0.1202640460516883,True
2010-03-04, $30.1014,89591907, $29.8971, $30.1314, $29.8043,6.276525187291235,6.325710017190228,6.257030164589803,6.319411754608154,366041200,0.6592143764514224,0.0686798526004244,0.0428865673169189,True
2010-03-03, $29.9043,92846488, $29.8486, $29.9814, $29.7057,6.266330127483421,6.294221641825188,6.236339191568273,6.278026103973389,372052800,0.2298378231554432,0.0578824502569146,0.0116959764899675,True
2010-03-02, $29.8357,141486282, $29.99, $30.1186, $29.6771,6.296019780738767,6.323011937548127,6.230339493166353,6.263629913330078,566546400,-0.0669857383901462,0.0926724443817743,-0.0323898674086891,False
2010-03-01, $29.8557,137312041, $29.3928, $29.9286, $29.35,6.170656864676158,6.283123445382566,6.161659746439926,6.267828464508057,550093600,2.1356696261165986,0.12146369894264,0.0971715998318982,True
