Date,Close_Splits,Volume_Splits,Open_Splits,High_Splits,Low_Splits,Open_NoSplits,High_NoSplits,Low_NoSplits,Close_NoSplits,Volume_NoSplits,Daily_Return,Price_Range,Price_Change,Profit,pred_constant,error,squared_error,pred_linear,error_linear,squared_error_linear,Prev_Close
2020-02-27, $273.52,80151380, $281.1, $286, $272.96,67.9845784168311,69.16965138753342,66.01590018074076,66.15133666992188,320605600,-6.5368360563547885,3.1537512067926627,-1.833241746909224,False,26.17548033563116,39.97585633429071,1598.0690896598508,67.35337894565949,-1.202042275737611,1.4449056326604548,66.11265563964844
2020-02-26, $292.65,49678430, $286.53, $297.88, $286.5,69.29784412586203,72.0428654399997,69.29058886204834,70.7779769897461,198054800,1.586374980412586,2.7522765779513634,1.4801328638840658,True,26.17548033563116,44.60249665411493,1989.3827077803335,68.22099286212384,2.5569841276222576,6.538167828912157,66.15133666992188
2020-02-25, $288.08,57668360, $300.95, $302.53, $286.13,72.78534740458967,73.16747023858986,69.20109972929876,69.6727066040039,230673600,-3.3872446471837514,3.966370509291096,-3.112640800585765,False,26.17548033563116,43.49722626837274,1892.0086930420157,72.10983335967654,-2.4371267556726366,5.939586823215431,70.7779769897461
2020-02-24, $298.18,55548830, $297.26, $304.18, $289.23,71.8929330165793,73.56654484289926,69.950861613102,72.11543273925781,222195200,-4.75002650223324,3.615683229797256,0.2224997226785063,True,26.17548033563116,45.93995240362665,2110.479226847482,71.14226898883456,0.9731637504232538,0.947047685137853,69.6727066040039
2020-02-21, $313.05,32426420, $318.62, $320.45, $310.5,77.05887881173565,77.5014720805536,75.09504186089677,75.71176147460938,129554000,-2.263501405473589,2.4064302196568264,-1.347117337126278,False,26.17548033563116,49.53628113897821,2453.8431490798885,75.35759666882284,0.35416480578653875,0.12543270965781672,72.11543273925781
2020-02-20, $320.3,25141490, $322.63, $324.65, $318.21,78.0287063254119,78.51724467318775,76.95971731481961,77.4651870727539,100566000,-1.025913163214709,1.5575273583681335,-0.5635192526579971,False,26.17548033563116,51.28970673712274,2630.634017180054,77.24816705990493,0.21702001284897676,0.04709768597697004,75.71176147460938
2020-02-19, $323.62,23495990, $320, $324.57, $320,77.39264718918032,78.49791270322793,77.39264718918032,78.26815032958984,93984000,1.4482444766340308,1.105265514047602,0.8755031404095206,True,26.17548033563116,52.09266999395868,2713.646267099483,77.44877104525212,0.8193792843377281,0.6713824116018074,77.4651870727539
2020-02-18, $319,38190550, $315.36, $319.75, $314.61,76.27047270748963,77.33220694132359,76.08908363725979,77.15081787109375,152531200,-1.8310202075075943,1.2431233040638006,0.8803451636041189,True,26.17548033563116,50.975337535462586,2598.4850368543407,77.00027331707375,0.15054455402000144,0.022663662745081133,78.26815032958984
2020-02-14, $324.95,20028450, $324.74, $325.98, $322.85,78.53901899642953,78.83892050632156,78.08192253766144,78.58981323242188,80113600,0.0246543511434049,0.7569979686601158,0.0507942359923418,True,26.17548033563116,52.41433289679071,2747.2622930155967,78.08416823680355,0.5056449956183258,0.25567686159385666,77.15081787109375
2020-02-13, $324.87,23686890, $324.19, $326.22, $323.35,78.4059846442796,78.89694380995043,78.20282989097468,78.57044219970703,94747600,-0.7121405673793046,0.694113918975745,0.1644575554274325,True,26.17548033563116,52.39496186407587,2745.2320287379644,78.5017566435034,0.06868555620363281,0.004717705631002402,78.58981323242188
2020-02-12, $327.2,28432570, $321.47, $327.22, $321.47,77.7481726332658,79.13882181030785,77.7481726332658,79.13398742675781,113730400,2.3747770105666977,1.3906491770420502,1.3858147934920169,True,26.17548033563116,52.95850709112665,2804.6034733209117,78.06717214713204,1.0668152796257715,1.138094840843013,78.57044219970703
2020-02-11, $319.61,23580780, $323.6, $323.9, $318.71,78.26331921379253,78.33587187126635,77.08065923180118,77.29832458496094,94323200,-0.6033173477503428,1.2552126394651708,-0.9649946288315904,False,26.17548033563116,51.12284424932977,2613.5452041412304,78.59961003758016,-1.3012854526192257,1.693343829198423,79.13398742675781
2020-02-10, $321.55,27337220, $314.18, $321.55, $313.85,75.9850613598187,77.76750946044922,75.90525344548281,77.76750946044922,109348800,0.4749550983892625,1.8622560149664047,1.7824481006305175,True,26.17548033563116,51.592029124818055,2661.7374692160743,76.4749131917425,1.292596268706717,1.6708051138745272,77.29832458496094
2020-02-07, $320.03,29421010, $322.37, $323.4, $318,77.96582750464246,78.2149347676415,76.90893545307632,77.39989471435547,117684000,-1.3592929109957796,1.3059993145651705,-0.5659327902869933,False,26.17548033563116,51.224414378724305,2623.940628443257,77.92743938050108,-0.5275446661456158,0.2783033747786892,77.76750946044922
2020-02-06, $325.21,26356390, $322.57, $325.22, $320.2648,77.82951018159336,78.46889922045179,77.27215526816731,78.46648406982422,105425600,1.1697205358294216,1.1967439522844785,0.6369738882308553,True,26.17548033563116,52.291003734193055,2734.349071529392,77.71000548400765,0.7564785858165664,0.5722598507990322,77.39989471435547
2020-02-05, $321.45,29706720, $323.52, $324.76, $318.95,78.0587002140709,78.35789164403798,76.95605907395962,77.55925750732422,118826800,0.8154611950332624,1.401832570078355,-0.4994427067466773,False,26.17548033563116,51.383777171693055,2640.2925564302045,78.2327008873562,-0.6734433800319835,0.4535259861089025,78.46648406982422
2020-02-04, $318.85,34154130, $315.31, $319.64, $313.6345,76.07777685481715,77.12252036593104,75.67242939074868,76.9319076538086,136616400,3.301299910145783,1.4500909751823627,0.8541307989914486,True,26.17548033563116,50.75642731817743,2576.214914105428,76.6266187551846,0.3052888986239992,0.09320131162305446,77.55925750732422
2020-02-03, $308.66,43496400, $304.3, $313.49, $302.22,73.42133771869904,75.63869657493804,72.91947967499588,74.47332000732422,173788400,-0.274574303069508,2.719216899942154,1.051982288625183,True,26.17548033563116,48.297839671693055,2332.6813169525676,74.67927048278673,-0.20595047546251521,0.042415598343236084,76.9319076538086
2020-01-31, $309.51,49897100, $320.93, $322.68, $308.29,77.43377343365503,77.85601226019499,74.38400653828495,74.6783676147461,199588400,-4.433891774557452,3.472005721910037,-2.7554058189089403,False,26.17548033563116,48.50288727911493,2352.530074410529,76.42741328739461,-1.7490456726485206,3.059160765010516,74.47332000732422
2020-01-30, $323.87,31685810, $320.544, $324.09, $318.75,77.33969324731856,78.19623208684209,76.90780110255082,78.14315032958984,126743200,-0.1449024991318381,1.2884309842912671,0.8034570822712794,True,26.17548033563116,51.96766999395868,2700.638724600993,76.43806138569579,1.7050889438940544,2.9073283065897417,74.6783676147461
2020-01-29, $324.34,54149930, $324.45, $327.85, $321.38,78.28309057876027,79.1034389225781,77.54236118317645,78.25654602050781,216229200,2.093225029678192,1.5610777394016535,-0.0265445582524535,False,26.17548033563116,52.08106568487665,2712.437402872436,78.26536040896923,-0.008814388461416911,7.769344394875958e-05,78.14315032958984
2020-01-28, $317.69,40558490, $312.6, $318.4, $312.19,75.42393505290065,76.82335250031947,75.32500962430629,76.65204620361328,162234000,2.8289025640143795,1.498342876013183,1.2281111507126354,True,26.17548033563116,50.47656586798212,2547.8837018247373,76.4456746604222,0.2063715431910822,0.042589213839068704,78.25654602050781
2020-01-27, $308.95,40485010, $310.06, $311.77, $304.88,74.81110584028455,75.22369163896585,73.56128005375581,74.54328918457031,161940000,-2.940512068389689,1.6624115852100374,-0.2678166557142418,False,26.17548033563116,48.36780884893915,2339.444932847516,75.48504560254472,-0.9417564179744033,0.8869051507959791,76.65204620361328
2020-01-24, $318.31,36634380, $320.25, $323.33, $317.5188,77.26973366124079,78.01287102929439,76.61103819892749,76.80165100097656,146537600,-0.2881541798699816,1.4018328303668994,-0.4680826602642298,False,26.17548033563116,50.6261706653454,2563.009156236679,76.34524383740492,0.45640716357164024,0.20830749895950998,74.54328918457031
2020-01-23, $319.23,26117990, $317.92, $319.56, $315.65,76.70752240640822,77.10321665071739,76.15981365357148,77.02359771728516,104472000,0.4815644634408977,0.9434029971459096,0.3160753108769398,True,26.17548033563116,50.84811738165399,2585.5310412584627,76.7707617506132,0.2528359666719524,0.06392602604294063,76.80165100097656
2020-01-22, $317.7,25458120, $318.58, $319.99, $317.31,76.86677674803076,77.20698153576836,76.56035460570881,76.65445709228516,101832400,0.35693887780055,0.6466269300595542,-0.2123196557456026,False,26.17548033563116,50.47897675665399,2548.127094398814,76.95208233298855,-0.2976252407033968,0.08858078390375489,77.02359771728516
2020-01-21, $316.57,27710810, $317.19, $319.02, $316,76.53141272712692,76.97295078497612,76.2442896548719,76.38182067871094,110843200,-0.6776901351888132,0.7286611301042143,-0.1495920484159825,False,26.17548033563116,50.20634034307977,2520.6766106451596,76.60466676655031,-0.22284608783937188,0.04966037886531305,76.65445709228516
2020-01-17, $318.73,34454120, $316.27, $318.74, $315,76.30943200280402,76.90539240608445,76.00300982033474,76.90298461914062,137816400,1.1071116726039776,0.902382585749706,0.5935526163366092,True,26.17548033563116,50.72750428350946,2573.279690833471,76.36479550082242,0.5381891183182006,0.2896475270761221,76.38182067871094
2020-01-16, $315.24,27207250, $313.59, $315.7, $312.09,75.66279597280943,76.17189926714461,75.3008769215495,76.06090545654297,108829200,1.2526151161457388,0.871022345595108,0.3981094837335348,True,26.17548033563116,49.885425120911805,2488.5556394940986,76.12683804200309,-0.06593258546011782,0.00434710582545574,76.90298461914062
2020-01-15, $311.34,30480880, $311.85, $315.5, $309.55,75.2429965849295,76.12366508873906,74.68804944207676,75.11994171142578,121923600,-0.4285081226726772,1.4356156466622991,-0.1230548735037189,False,26.17548033563116,48.94446137579462,2395.560299366651,75.55883248017531,-0.4388907687495305,0.19262510689355383,76.06090545654297
2020-01-14, $312.68,40653460, $316.7, $317.57, $312.17,76.41316970238127,76.62308154945259,75.32017458987174,75.44322204589844,161954400,-1.350339440434567,1.3029069595808522,-0.9699476564828302,False,26.17548033563116,49.26774171026727,2427.3103732296095,75.990201427363,-0.5469793814645669,0.2991864437473602,75.11994171142578
2020-01-13, $316.96,30521720, $311.64, $317.07, $311.15,75.1923057311866,76.50245093143005,75.07407383392189,76.47590637207031,121532000,2.136440186114452,1.4283770975081609,1.2836006408837193,True,26.17548033563116,50.30042603643915,2530.132859447285,75.30948106581322,1.1664253062570964,1.3605479950769612,75.44322204589844
2020-01-10, $310.33,35217270, $310.6, $312.67, $308.25,74.94137084294664,75.44082088635776,74.3743628731269,74.876220703125,140644800,0.2260611680507951,1.0664580132308572,-0.0651501398216396,False,26.17548033563116,48.700740367493836,2371.7621123420436,75.50805667569378,-0.6318359725687799,0.39921669623193595,76.47590637207031
2020-01-09, $309.63,42621540, $307.235, $310.43, $306.2,74.13067516689924,74.90035698659045,73.87974991049977,74.70733642578125,170108400,2.1240931987008382,1.020607076090684,0.5766612588820124,True,26.17548033563116,48.531856090150086,2355.341055555038,74.42043451900946,0.2869019067717886,0.08231270410928809,74.876220703125
2020-01-08, $303.19,33090950, $297.16, $304.4399, $297.156,71.6985739444987,73.45508735263148,71.6985739444987,73.15348815917969,132079200,1.6086238916132256,1.7565134081327756,1.4549142146809828,True,26.17548033563116,46.97800782354852,2206.9332190693863,72.77958969771117,0.3738984614685137,0.13980005948852162,74.70733642578125
2020-01-07, $298.39,27877660, $299.84, $300.9, $297.48,72.34520436217124,72.60095990158051,71.77578859164102,71.99535369873047,108872000,-0.4703218496204142,0.825171309939492,-0.3498506634407761,False,26.17548033563116,45.819873363099305,2099.4607950104573,72.65577603834274,-0.6604223396122677,0.43615766665894146,73.15348815917969
2020-01-06, $299.8,29644640, $293.79, $299.96, $292.75,70.88547942287144,72.37416924858576,70.63454677653742,72.33556365966797,118387200,0.7968241426733025,1.7396224720483389,1.4500842367965276,True,26.17548033563116,46.160083324036805,2130.7532924820207,71.30075027921953,1.0348133804484405,1.070838732355129,71.99535369873047
2020-01-03, $297.43,36633880, $297.15, $300.58, $296.5,71.69617497011174,72.52376157647284,71.5393448267866,71.76373291015625,146322800,-0.9721894687194644,0.9844167496862326,0.0675579400445087,True,26.17548033563116,45.588252574525086,2078.288772798693,71.94715587705412,-0.18342296689786508,0.03364398478561531,72.33556365966797
2020-01-02, $300.35,33911860, $296.24, $300.6, $295.19,71.4765996590847,72.52858156247073,71.22325926076245,72.46826171875,135480400,2.2816134172471303,1.3053223017082871,0.991662059665302,True,26.17548033563116,46.292781383118836,2143.021608185234,71.60403590286327,0.8642258158867264,0.7468862608450779,71.76373291015625
2019-12-31, $293.65,25247630, $289.93, $293.68, $289.52,69.95414009700069,70.85893791713207,69.85521465174138,70.85169982910156,100805600,0.7307056017653357,1.0037232653906898,0.8975597321008735,True,26.17548033563116,44.6762194934704,1995.9645882287443,70.86073527175304,-0.009035442651480707,8.163922390819672e-05,72.46826171875
2019-12-30, $291.52,36059610, $289.46, $292.69, $285.22,69.8407032741633,70.62003805453982,68.81768141074184,70.33773803710938,144114400,0.5934806167345208,1.802356643797978,0.4970347629460718,True,26.17548033563116,44.16225770147821,1950.3050052917715,70.22065324219199,0.11708479491738899,0.013708849200847039,70.85169982910156
2019-12-27, $289.8,36592940, $291.12, $293.97, $288.12,70.24125055231326,70.92889824450315,69.51741242648437,69.92276000976562,146266000,-0.0379673785940948,1.4114858180187753,-0.3184905425476358,False,26.17548033563116,43.74727967413446,1913.824478886938,70.30109349615655,-0.3783334863909289,0.14313622692471517,70.33773803710938
2019-12-26, $289.91,23334000, $284.82, $289.98, $284.7,68.72120656096197,69.96620925880787,68.6922542085201,69.9493179321289,93121200,1.9840534458728245,1.2739550502877677,1.228111371166932,True,26.17548033563116,43.77383759649774,1916.1488579245593,69.16718087705081,0.7821370550780955,0.6117383729262358,69.92276000976562
2019-12-24, $284.27,12119710, $284.69, $284.89, $282.9197,68.68982629575491,68.73808511636746,68.26276445005648,68.58848571777344,48478800,0.0950510121201508,0.4753206663109779,-0.1013405779814746,False,26.17548033563116,42.41300538214227,1798.8630255456294,69.15607688448132,-0.567591166707885,0.3221597325248181,69.9493179321289
2019-12-23, $284,24677880, $280.53, $284.25, $280.3735,67.68611371554155,68.58367343016074,67.64750812570958,68.52335357666016,98572000,1.6318478916933945,0.9361653044511656,0.8372398611186043,True,26.17548033563116,42.34787324102899,1793.3423680382593,68.02660355161643,0.496750025043724,0.24676058738094042,68.58848571777344
2019-12-20, $279.44,69032740, $282.23, $282.65, $278.56,68.09628249807736,68.19761571489019,67.21078392805164,67.42311096191406,275978000,-0.2071226149619742,0.9868317868385504,-0.6731715361632951,False,26.17548033563116,41.2476306262829,1701.3670322822709,68.27053392578313,-0.8474229638690645,0.7181256796926297,68.52335357666016
2019-12-19, $280.02,24626950, $279.5, $281.18, $278.95,67.43758668961861,67.84293428071314,67.30488597596364,67.56304931640625,98369200,0.1001043544942126,0.5380483047494948,0.1254626267876375,True,26.17548033563116,41.387568980775086,1712.9308661384161,67.45672635369854,0.1063229627077078,0.011304572398944624,67.42311096191406
2019-12-18, $279.74,29024690, $279.8, $281.9, $279.12,67.50995957045932,68.0166476810069,67.34589137870454,67.4954833984375,116028400,-0.2389614115265947,0.6707563023023653,-0.0144761720218156,False,26.17548033563116,41.320003062806336,1707.342653110325,67.5528158700711,-0.057332471633600335,0.003287012303617587,67.56304931640625
2019-12-17, $280.41,28575800, $279.57, $281.77, $278.8,67.45448408416172,67.98529434981573,67.26869423240927,67.65715789794922,114158400,0.1965524679051533,0.7166001174064576,0.2026738137874986,True,26.17548033563116,41.481677562318055,1720.729573384121,67.49306866513437,0.16408923281484533,0.026925276325764514,67.4954833984375
2019-12-16, $279.86,32081110, $277, $280.79, $276.98,66.83438152775894,67.74883234755957,66.82955859141919,67.5244369506836,128186000,1.7117749805179772,0.9192737561403844,0.690055422924658,True,26.17548033563116,41.34895661505243,1709.736213153488,67.14643139635159,0.378005554332006,0.14288819910584713,67.65715789794922
2019-12-13, $275.15,33432810, $271.46, $275.3, $270.93,65.49770182904206,66.4242138126888,65.36982404554227,66.38802337646484,133587600,1.359326371819214,1.0543897671465317,0.8903215474227864,True,26.17548033563116,40.21254304083368,1617.0486178109013,66.23064669628636,0.15737668017848705,0.024767419464001798,67.5244369506836
2019-12-12, $271.46,34437040, $267.78, $272.5599, $267.321,64.60978960566402,65.76310470333209,64.49880315683109,65.49769592285156,137310400,0.2548261475146862,1.2643015465010023,0.887906317187543,True,26.17548033563116,39.3222155872204,1546.2366386878389,65.25510023654826,0.24259568630330364,0.058852667012970906,66.38802337646484
2019-12-11, $270.77,19723390, $268.81, $271.1, $268.5,64.85830938290775,65.41084122340847,64.78351336435996,65.33121490478516,78756800,0.8529240434858254,0.6273278590485063,0.4729055218774078,True,26.17548033563116,39.15573456915399,1533.171549650041,65.10482410862157,0.22639079616358515,0.05125279258758196,65.49769592285156
2019-12-10, $268.48,22632380, $268.6, $270.07, $265.86,64.80765413470544,65.16233517909905,64.1465435122952,64.77870178222656,90420400,0.5844928556916651,1.0157916668038496,-0.0289523524788819,False,26.17548033563116,38.6032214465954,1490.208706054883,65.01355997755012,-0.2348581953235538,0.05515837191063654,65.33121490478516
2019-12-09, $266.92,32182650, $270, $270.8, $264.91,65.14541210218792,65.33843260014966,63.91730132800084,64.40227508544922,128042400,-1.400038195602371,1.4211312721488198,-0.7431370167387001,False,26.17548033563116,38.226794749818055,1461.2878368447173,65.0396609070527,-0.6373858216034876,0.40626068558115286,64.77870178222656
2019-12-06, $270.71,26547490, $267.48, $271, $267.3,64.53740668374826,65.38670739096737,64.49397080231735,65.31673431396484,106075600,1.9315717904698548,0.892736588650024,0.779327630216585,True,26.17548033563116,39.14125397833368,1532.037762996422,64.51238453028807,0.8043497836767699,0.6469785745008665,64.40227508544922
2019-12-05, $265.58,18661340, $263.79, $265.89, $262.73,63.64711740381334,64.15380579491827,63.39136173879889,64.0790023803711,74424400,1.4671668488066114,0.7624440561193779,0.4318849765577539,True,26.17548033563116,37.90352204473993,1436.676983396086,64.25374897207436,-0.17474659170326845,0.03053637131190881,65.31673431396484
2019-12-04, $261.74,16810390, $261.07, $263.31, $260.68,62.99079753107585,63.53126088330564,62.89669505639606,63.15245056152344,67181600,0.8825974089285982,0.6345658269095793,0.1616530304475887,True,26.17548033563116,36.97697022589227,1367.2963270865237,63.39332163057446,-0.24087106905102473,0.058018871905783524,64.0790023803711
2019-12-03, $259.45,29377270, $258.31, $259.53, $256.29,62.32488301011455,62.61924418107647,61.8375012589291,62.599945068359375,114430400,-1.7829792995039284,0.781742922147366,0.2750620582448277,True,26.17548033563116,36.42446473272821,1326.741631065761,62.63566641202354,-0.03572134366416435,0.0012760143931733346,63.15245056152344
2019-12-02, $264.16,23693550, $267.27, $268.25, $263.45,64.48672622239427,64.72318262516326,63.5650447443697,63.7363510131836,94487200,-1.1562190745325274,1.1581378807935607,-0.7503752092106666,False,26.17548033563116,37.560870677552444,1410.819006055819,63.84803734873931,-0.11168633555571006,0.012473837549862666,62.599945068359375
2019-11-29, $267.25,11654360, $266.6, $268, $265.9,64.32507297913462,64.66286257965973,64.15617449724154,64.48190307617188,46617600,-0.2202957298990226,0.5066880824181936,0.1568300970372576,True,26.17548033563116,38.30642274054071,1467.3820231770146,64.14101148500856,0.340891591163313,0.11620707692585536,63.7363510131836
2019-11-27, $267.84,16386120, $265.58, $267.98, $265.31,64.0789738287976,64.65805022533677,64.01383104765496,64.624267578125,65235600,1.3431954655599876,0.6442191776818049,0.5452937493273993,True,26.17548033563116,38.448787242493836,1478.3092404185568,64.24214446879085,0.3821231093341453,0.14601807068719516,64.48190307617188
2019-11-26, $264.29,26334880, $266.94, $267.16, $262.5,64.407131169223,64.46021293797112,63.33584991868023,63.76774215698242,105207600,-0.780839803878064,1.1243630192908896,-0.639389012240585,False,26.17548033563116,37.59226182135126,1413.1781488450233,64.50542961393072,-0.7376874569482936,0.5441827841388406,64.624267578125
2019-11-25, $266.37,21029520, $262.71, $266.44, $262.52,63.38650127732471,64.28647597885696,63.34065760793023,64.26958465576172,84020400,1.7533547942080618,0.9458183709267232,0.8830833784370071,True,26.17548033563116,38.094104320130555,1451.1607839529895,63.54162188579119,0.7279627699705316,0.529929794463169,63.76774215698242
2019-11-22, $261.78,16331260, $262.59, $263.18, $260.84,63.3575641963564,63.4999181754677,62.93532519681373,63.16212844848633,65325200,-0.0877859870803465,0.5645929786539696,-0.1954357478700714,False,26.17548033563116,36.986648112855164,1368.0121386241724,63.69860732256495,-0.5364788740786253,0.28780958233266946,64.26958465576172
2019-11-21, $262.01,30348780, $263.69, $264.005, $261.18,63.62297233217371,63.70018351555707,63.01735861761003,63.21762466430664,121395200,-0.4483276708677097,0.682824897947043,-0.4053476678670691,False,26.17548033563116,37.04214432867548,1372.1204564664247,63.48325027492241,-0.2656256106157713,0.07055696501500135,63.16212844848633
2019-11-20, $263.19,26609920, $265.54, $266.083, $260.4,64.06933118896113,64.1996167578222,62.82915159180207,63.502323150634766,106234400,-1.1641570923651146,1.370465166020125,-0.5670080383263638,False,26.17548033563116,37.3268428150036,1393.293194535986,63.79297457143545,-0.2906514208006854,0.0844782484134571,63.21762466430664
2019-11-19, $266.29,19069600, $267.9, $268, $265.3926,64.63875387055919,64.66288328473601,64.033147545322,64.25029754638672,76167200,-0.3032308756131918,0.6297357394140164,-0.3884563241724663,False,26.17548033563116,38.074817210755555,1449.6917056324473,64.2630252217214,-0.01272767533468766,0.00016199371942521664,63.502323150634766
2019-11-18, $267.1,21700900, $265.8, $267.43, $264.23,64.1320492800849,64.5253358048109,63.7532462907842,64.44571685791016,86703200,0.5041969014068837,0.7720895140266961,0.3136675778252566,True,26.17548033563116,38.27023652227899,1464.611003471177,64.19552582991615,0.2501910279940063,0.06259555048869764,64.25029754638672
2019-11-15, $265.76,25093670, $263.68, $265.78, $263.01,63.62054837598867,64.12723657232394,63.45889530662177,64.1224136352539,100206400,1.1879449541339682,0.6683412657021677,0.5018652592652373,True,26.17548033563116,37.94693329962274,1439.9697468460174,63.93133746839311,0.1910761668607961,0.03651010154221479,64.44571685791016
2019-11-14, $262.64,22395560, $263.75, $264.88, $262.1,63.63743402929962,63.91008089634329,63.23932454025214,63.3696174621582,89182800,-0.6919535264623411,0.6707563560911467,-0.2678165671414163,False,26.17548033563116,37.19413712652704,1383.4038365868971,63.82906000690466,-0.45944254474645874,0.21108745192310174,64.1224136352539
2019-11-13, $264.47,25817590, $261.13, $264.78, $261.07,63.005288756272336,63.88595706365368,62.99081258182594,63.811161041259766,102734400,0.9581654365045988,0.8951444818277352,0.80587228498743,True,26.17548033563116,37.6356807056286,1416.444462176025,63.15423578443453,0.6569252568252324,0.4315507930548975,63.3696174621582
2019-11-12, $261.96,21847230, $261.55, $262.79, $260.92,63.10662189866164,63.4058133511267,62.954622067164166,63.20554733276367,87388800,-0.0915332635678667,0.4511912839625367,0.0989254341020284,True,26.17548033563116,37.03006699713251,1371.225861812122,63.37481679682515,-0.1692694640614789,0.028652151463660302,63.811161041259766
2019-11-11, $262.2,20507460, $258.3, $262.47, $258.28,62.32245899356224,63.32859721707962,62.31763605688488,63.26345443725586,81821200,0.7918820165991658,1.0109611601947393,0.940995443693616,True,26.17548033563116,37.087974101624695,1375.517822962784,62.652690720191266,0.610763717064593,0.3730323180825582,63.20554733276367
2019-11-08, $260.14,17520500, $258.69, $260.44, $256.85,62.41656042739546,62.8387993222777,61.97260727293929,62.76641845703125,69986400,0.2736863236246112,0.8661920493384088,0.34985802963579,True,26.17548033563116,36.590938121400086,1338.8967526041301,62.73417409675335,0.03224436027790034,0.0010396987697310373,63.26345443725586
2019-11-07, $259.43,23735080, $258.74, $260.35, $258.11,62.428620865759896,62.81708447430913,62.2766136869042,62.5951042175293,94940400,1.1541197899383349,0.5404707874049279,0.1664833517694006,True,26.17548033563116,36.41962388189813,1326.3890036989249,62.56789698860587,0.027207228923430193,0.0007402333056919365,62.76641845703125
2019-11-06, $257.24,18966120, $256.77, $257.49, $255.365,61.76786206100636,61.94106351751216,61.43108349036237,61.88092422485352,75864400,0.0427819662756956,0.5099800271497941,0.1130621638471609,True,26.17548033563116,35.705443889222366,1274.8787233264068,62.07816771209093,-0.19724348723740803,0.038904993257573545,62.5951042175293
2019-11-05, $257.13,19974430, $257.05, $258.19, $256.32,61.83521298667724,62.1094516637506,61.65961096409468,61.85446166992188,79897600,-0.1436866905922706,0.4498406996559154,0.0192486832446405,True,26.17548033563116,35.678981334290725,1272.989709052666,61.87177860523373,-0.01731693531184675,0.00029987624859468485,61.88092422485352
2019-11-04, $257.5,25817950, $257.33, $257.845, $255.38,61.902568240845305,62.027662657351385,61.43348620261237,61.94346618652344,103272000,0.6567065664519811,0.5941764547390136,0.0408979456781324,True,26.17548033563116,35.76798585089227,1279.3488118296298,61.90631181803503,0.03715436848840881,0.0013804470977724654,61.85446166992188
2019-11-01, $255.82,37781330, $249.54, $255.93, $249.16,60.02863102849158,61.56579110685089,59.937221805325485,61.53933334350586,151125200,2.838077156955654,1.6285693015254026,1.510702315014278,True,26.17548033563116,35.363853007874695,1250.6020995625681,60.71880382716414,0.8205295163417219,0.67326868718798,61.94346618652344
2019-10-31, $248.76,34790520, $247.24, $249.17, $237.26,59.47535535189402,59.93962892278996,57.07459217991583,59.84099960327149,139162000,2.260939413282604,2.865036742874125,0.3656442513774749,True,26.17548033563116,33.665519267640335,1133.3671875598627,60.21741419282091,-0.37641458954941953,0.14168794322565798,61.53933334350586
2019-10-30, $243.26,31130520, $244.76, $245.3, $241.21,58.8787801432467,59.008683089420536,58.02480500243757,58.5179443359375,124522000,-0.0122930405356158,0.9838780869829692,-0.3608358073092006,False,26.17548033563116,32.342464000306336,1046.0349776111113,59.234484017825864,-0.7165396818883636,0.5134291157206773,59.84099960327149
2019-10-29, $243.29,35709870, $248.97, $249.75, $242.57,59.89150517600361,60.079139431932,58.35194110925527,58.52513885498047,142839600,-2.312794376196892,1.7271983226767276,-1.3663663210231434,False,26.17548033563116,32.349658519349305,1046.500406318509,59.42960551562251,-0.9044666606420435,0.8180599402129695,58.5179443359375
2019-10-28, $249.05,24143240, $247.42, $249.25, $246.72,59.51864206341161,59.95886203254911,59.350252813891615,59.91075134277344,96572800,1.0016857790871023,0.6086092186574987,0.3921092793618257,True,26.17548033563116,33.73527100714227,1138.068509925334,59.18963977461044,0.7211115681629963,0.5200018937384956,58.52513885498047
2019-10-25, $246.58,18369300, $243.16, $246.73, $242.88,58.49388048589636,59.35266764688448,58.42652477407812,59.31658554077149,73477200,1.2316423705964752,0.9261428728063592,0.8227050548751293,True,26.17548033563116,33.141105205140335,1098.3328542181798,59.008605378558684,0.30798016221280733,0.09485178031662711,59.91075134277344
2019-10-24, $243.58,17916260, $244.51, $244.8, $241.805,58.81862222108492,58.888385843954616,58.169118707672105,58.59490585327149,69275200,0.1644790897732617,0.7192671362825109,-0.2237163678134308,False,26.17548033563116,32.419425517640335,1051.0191508938292,59.01164972488722,-0.41674387161572923,0.17367545452926741,59.31658554077149
2019-10-23, $243.18,19932550, $242.1, $243.24, $241.22,58.238889244421685,58.51312425689027,58.02719777142456,58.49868774414063,75828800,1.3418824419149322,0.4859264854657112,0.2597984997189471,True,26.17548033563116,32.323207408509475,1044.7897371735219,58.38181172955126,0.1168760145893728,0.013660002786295283,58.59490585327149
2019-10-22, $239.96,22684000, $241.16, $242.2, $239.6218,58.01276606582909,58.26294389922715,57.64230598082633,57.724098205566406,82293600,-0.2286719042787655,0.6206379184008242,-0.2886678602626844,False,26.17548033563116,31.548617869935246,995.3152895031975,58.20104891137758,-0.47695070581117704,0.22748197577377996,58.49868774414063
2019-10-21, $240.51,22367480, $237.52, $240.99, $237.32,57.13713599798401,57.971869612391714,57.089025301514894,57.85639953613281,87247200,1.7342580527364817,0.8828443108768198,0.7192635381488017,True,26.17548033563116,31.680919200501652,1003.6806413887142,57.36024329156449,0.49615624456832563,0.24617101902414415,57.724098205566406
2019-10-18, $236.41,24377170, $234.59, $237.58, $234.29,56.43230897960908,57.15157628203032,56.36014109020242,56.87012481689453,97433600,0.4802957167403088,0.791435191827901,0.4378158372854486,True,26.17548033563116,30.69464448126337,942.1611998311519,56.948216762709244,-0.07809194581471246,0.006098352001127987,57.85639953613281
2019-10-17, $235.28,17272900, $235.09, $236.15, $233.52,56.55257922947988,56.8075692199058,56.17490641458794,56.59828567504883,67585200,0.3882670861300896,0.6326628053178638,0.0457064455689462,True,26.17548033563116,30.422805339417668,925.5470847201002,56.680923404789,-0.08263772974017058,0.006828994376609474,56.87012481689453
2019-10-16, $234.37,19286690, $233.37, $235.24, $233.2,56.13882591575506,56.5886703222945,56.09793163708986,56.3793830871582,73903200,-0.4037352111054937,0.49073868520464,0.2405571714031396,True,26.17548033563116,30.203902751527043,912.2757414237028,56.316614920349224,0.06276816680897923,0.003939842764559842,56.59828567504883
2019-10-15, $235.32,23040480, $236.39, $237.65, $234.88,56.865323557592056,57.16842434652988,56.50208346104349,56.60792922973633,87360000,-0.2331568230406255,0.6663408854863917,-0.257394327855728,False,26.17548033563116,30.432448894105168,926.1339456923229,56.71239668188467,-0.10446745214834152,0.010913448558366026,56.3793830871582
2019-10-14, $235.87,24413480, $234.9, $238.1342, $234.6701,56.50688216419218,57.28388452662698,56.45155503855571,56.7402229309082,96427600,-0.1439289108396635,0.8323294880712666,0.2333407667160258,True,26.17548033563116,30.564742595277043,934.2034899155428,56.55935326025053,0.18086967065767112,0.03271383776381442,56.60792922973633
2019-10-11, $236.21,41990210, $232.95, $237.64, $232.3075,56.03778756451031,57.16600118945812,55.88383113476842,56.82200622558594,166795600,2.6598431453901394,1.2821700546897006,0.7842186610756272,True,26.17548033563116,30.646525889954777,939.2095491236685,56.30062921192557,0.5213770136603699,0.27183399037340555,56.7402229309082
2019-10-10, $230.09,28962980, $227.93, $230.44, $227.3,54.83018438867168,55.433985128762735,54.67863589414209,55.34978866577149,113013600,1.3478221025418735,0.7553492346206454,0.519604277099809,True,26.17548033563116,29.17430833014033,851.1402665420956,55.54393215873983,-0.19414349296833677,0.03769169586194663,56.82200622558594
2019-10-09, $227.03,19029420, $227.03, $227.79, $225.64,54.61369323730469,54.7965153624932,54.27931892256888,54.61369323730469,74770400,1.1720112279140604,0.5171964399243194,0.0,False,26.17548033563116,28.438212901673527,808.7319530409106,54.88739659953687,-0.27370336223218317,0.07491353049720167,55.34978866577149
2019-10-08, $224.4,29282700, $225.82, $228.06, $224.33,54.32262393488646,54.86146966676648,53.96419241668242,53.98102951049805,111820000,-1.1714948112042656,0.8972772500840591,-0.3415944243884112,False,26.17548033563116,27.805549174866886,773.1485649159406,54.44023674297584,-0.4592072324777945,0.2108712823599152,54.61369323730469
2019-10-07, $227.06,30889270, $226.27, $229.93, $225.84,54.43087209456384,55.311308550510645,54.32743060234528,54.62091064453125,122306000,0.0220462065017024,0.9838779481653646,0.1900385499674115,True,26.17548033563116,28.44543030890009,809.1425054584919,54.289001138542716,0.3319095059885342,0.11016392016555282,53.98102951049805
2019-10-04, $227.01,34755550, $225.64, $227.49, $223.89,54.279309374301256,54.72434152245183,53.858334406822216,54.60887145996094,138478800,2.8031648872111514,0.8660071156296141,0.3295620856596812,True,26.17548033563116,28.433391124329777,808.4577308291153,54.41459613246481,0.19427532749612908,0.03774290287372821,54.62091064453125
2019-10-03, $220.82,30352690, $218.43, $220.96, $215.132,52.54489975216936,53.15351275615426,51.75106404471548,53.11983489990234,114426000,0.8494501206423255,1.4024487114387796,0.5749351477329796,True,26.17548033563116,26.944354564271176,725.998242885161,53.282430498215184,-0.16259559831284776,0.02643732859071294,54.60887145996094
2019-10-02, $218.96,35767260, $223.06, $223.58, $217.93,53.658691430124286,53.78378220885523,52.42463175086889,52.67240905761719,138449200,-2.506760147352405,1.3591504579863385,-0.9862823725070982,False,26.17548033563116,26.496928721986027,702.087231698008,53.485133056322766,-0.8127239987055788,0.6605202980719856,53.11983489990234
2019-10-01, $224.59,36187160, $225.07, $228.22, $224.2,54.14219965889246,54.89995321519849,53.932912441810814,54.02672958374024,139223200,0.2768328716502122,0.9670407733876728,-0.115470075152217,False,26.17548033563116,27.85124924810908,775.6920846802966,53.642834471590575,0.3838951121496663,0.14737545713240488,52.67240905761719
2019-09-30, $223.97,26318580, $220.9, $224.58, $220.79,53.13906661128495,54.02431872612578,53.11260518112533,53.87757873535156,103909600,2.3535020044313626,0.9117135450004454,0.7385121240666095,True,26.17548033563116,27.702098399720402,767.4062557477916,53.4649037515846,0.4126749837669621,0.17030064222706243,54.02672958374024
2019-09-27, $218.82,25361290, $220.54, $220.96, $217.2814,53.05248026433511,53.15351751274349,52.26826515822796,52.63872528076172,101408000,-0.4865863506874679,0.8852523545155293,-0.4137549835733907,False,26.17548033563116,26.46324494513056,700.3033330259781,53.3563434155372,-0.7176181347754778,0.5149757873586358,53.87757873535156
2019-09-26, $219.89,19088310, $220, $220.94, $218.83,52.92257196747614,53.14869627136216,52.641120547940574,52.89611053466797,75334000,-0.5157806671966747,0.5075757234215885,-0.0264614328081691,False,26.17548033563116,26.72063019903681,713.9920782336778,52.837867304992386,0.0582432296755826,0.0033922738030426653,52.63872528076172
2019-09-25, $221.03,22481010, $218.55, $221.5, $217.1402,52.57377216014629,53.283415103474375,52.23458565709621,53.170352935791016,87613600,1.5389556784144889,1.0488294463781642,0.5965807756447248,True,26.17548033563116,26.994872600159855,728.7231466988613,52.701196996293206,0.46915593949781,0.22010729556607275,52.89611053466797
2019-09-24, $217.68,31434370, $221.03, $222.49, $217.19,53.170354738877656,53.52156984690006,52.24661602191957,52.36448669433594,124763200,-0.4754862347380428,1.2749538249804857,-0.8058680445417181,False,26.17548033563116,26.189006358704777,685.8640540562792,53.18524774063211,-0.8207610462961696,0.6736486951171832,53.170352935791016
2019-09-23, $218.72,19419650, $218.95, $219.84, $217.65,52.66998928927248,52.884085014203336,52.357264248092,52.61466217041016,76662000,0.4546915162414455,0.5268207661113351,-0.0553271188623156,False,26.17548033563116,26.439181834779003,699.030336092508,52.57753323390564,0.03712893650452287,0.001378557925956891,52.36448669433594
2019-09-20, $217.73,57977090, $221.38, $222.56, $217.473,53.25454647661872,53.53840217003478,52.3139670785029,52.37651062011719,221652400,-1.461783304869135,1.2244350915318805,-0.8780358565015334,False,26.17548033563116,26.201030284486027,686.4939879685539,53.04533237288233,-0.6688217527651403,0.4473225369718345,52.61466217041016
2019-09-19, $220.96,22187880, $222.01, $223.76, $220.37,53.40608162735368,53.82705656163751,53.01156812147781,53.15349960327149,88242400,-0.8125134850031634,0.8154884401597045,-0.2525820240821872,False,26.17548033563116,26.97801926764033,727.8135236051729,53.06045238287089,0.09304722040059943,0.008657785224277726,52.37651062011719
2019-09-18, $222.77,25643090, $221.06, $222.85, $219.44,53.17756244125368,53.60816179083854,52.787861036882994,53.58891677856445,101360000,0.9379213676500964,0.8203007539555429,0.411354337310776,True,26.17548033563116,27.413436442933293,751.4964976107432,53.1840311465732,0.40488563199125593,0.16393237499295873,53.15349960327149
2019-09-17, $220.7,18386470, $219.96, $220.82, $219.12,52.912955319127846,53.11983462664283,52.71088451204481,53.090965270996094,73274800,0.3638053976810829,0.4089501145980208,0.1780099518682476,True,26.17548033563116,26.915484935364933,724.4433293058567,53.16448203822515,-0.07351676722905864,0.005404715063811591,53.58891677856445
2019-09-16, $219.9,21158140, $217.73, $220.13, $217.56,52.37650901593333,52.95384839785664,52.335614739521375,52.89851760864258,84632400,0.5257164281816662,0.6182336583352637,0.5220085927092484,True,26.17548033563116,26.723037273011418,714.1207210947575,52.641170815337645,0.25734679330493293,0.06622737202433188,53.090965270996094
2019-09-13, $218.75,39763300, $220, $220.79, $217.02,52.922572195870536,53.11261072641425,52.205712927533845,52.62187576293945,159053200,-1.9454167322401128,0.906897798880408,-0.3006964329310833,False,26.17548033563116,26.446395427308293,699.411831097553,52.928877271683916,-0.3070015087444631,0.09424992637137664,52.89851760864258
2019-09-12, $223.085,32226670, $224.8, $226.42, $222.86,54.07725558292079,54.46695704558074,53.610574059650254,53.66590118408203,128906800,-0.2236143220685993,0.8563829859304875,-0.4113543988387604,False,26.17548033563116,27.49042084845087,755.7232384249423,53.58289633421796,0.08300484986406786,0.006889805100956447,52.62187576293945
2019-09-11, $223.59,44289650, $218.07, $223.71, $217.73,52.45830188762013,53.81504412951995,52.37650966317453,53.78617477416992,177158400,3.17949090970826,1.4385344663454165,1.327872886549791,True,26.17548033563116,27.61069443853876,762.3504473783553,52.89577377549118,0.8904009986787429,0.7928139384481027,53.66590118408203
2019-09-10, $216.7,31777930, $213.86, $216.78, $211.71,51.44556444565141,52.14799104975191,50.92836791874749,52.12874603271485,127111600,1.181301665704737,1.2196231310044183,0.6831815870634443,True,26.17548033563116,25.95326569708369,673.572000343421,52.279288647803085,-0.1505426150882343,0.02266307895760427,53.78617477416992
2019-09-09, $214.17,27309400, $214.84, $216.44, $211.07,51.68131067884882,52.06620368728937,50.77441263010286,51.520137786865234,109237600,0.4267302940065276,1.291791057186508,-0.1611728919835826,False,26.17548033563116,25.344657451234074,642.3516613203949,51.85197636861061,-0.33183858174537306,0.11011684433478064,52.12874603271485
2019-09-06, $213.26,19362290, $214.05, $214.42, $212.51,51.491262157017566,51.5802671339122,51.12080206554331,51.30121994018555,77449200,-0.0093683313373671,0.4594650683688925,-0.190042216832019,False,26.17548033563116,25.125739604554386,631.3027906758728,51.51517490943036,-0.21395496924480994,0.04577672886454757,51.520137786865234
2019-09-05, $213.28,23946880, $212, $213.97, $211.51,50.99811361359005,51.47201147242179,50.88023929372371,51.30602645874024,95654800,1.955145720577378,0.5917721786980792,0.3079128451501915,True,26.17548033563116,25.13054612310908,631.5443484457129,51.1177721507458,0.1882543079944412,0.03543968447846593,51.30121994018555
2019-09-04, $209.19,19216820, $208.39, $209.48, $207.32,50.12970852858372,50.391914963037,49.87231426530339,50.3221549987793,76752400,1.696649032973574,0.5196006977336154,0.192446470195577,True,26.17548033563116,24.146674663148136,583.0618972879201,50.554701329794085,-0.23254633101478817,0.054077796068439425,51.30602645874024
2019-09-03, $205.7,20059570, $206.43, $206.98, $204.22,49.658214500289326,49.79052167700322,49.12658521378133,49.482608795166016,80092000,-1.4563551177583234,0.6639364632218872,-0.1756057051233099,False,26.17548033563116,23.307128459534855,543.2222370292596,49.90340457602479,-0.420795780858775,0.1770690891885462,50.3221549987793
2019-08-30, $208.74,21162560, $210.16, $210.45, $207.2,50.55549223711403,50.62525219652797,49.84344144801472,50.21390151977539,84573600,-0.1291928006803444,0.7818107485132444,-0.3415907173386401,False,26.17548033563116,24.03842118414423,577.845693026314,50.19282832480956,0.0210731949658296,0.000444079546067866,49.482608795166016
2019-08-29, $209.01,21007650, $208.5, $209.32, $206.655,50.156175336347125,50.35343399884403,49.71355097691558,50.27885818481445,83962000,1.693215087965716,0.6398830219284548,0.1226828484673276,True,26.17548033563116,24.103377849183293,580.9728237404998,50.18932307406126,0.08953511075319653,0.008016536057587169,50.21390151977539
2019-08-28, $205.53,15957630, $204.1, $205.72, $203.32,49.09770888213141,49.48741023576001,48.910074625153904,49.44170379638672,63755200,0.6710186434285115,0.5773356106061058,0.3439949142553118,True,26.17548033563116,23.26622346075556,541.3171541258123,49.52372025670526,-0.08201646031854182,0.006726699763182945,50.27885818481445
2019-08-27, $204.16,25897340, $207.86, $208.55, $203.53,50.00221288345861,50.16819791599971,48.96059990979167,49.112152099609375,103493200,-1.12838969240453,1.2075980062080447,-0.8900607838492363,False,26.17548033563116,22.936671763978214,526.0909116084755,49.81868139650393,-0.7065292968945585,0.4991836473703191,49.44170379638672
2019-08-26, $206.49,26066130, $205.86, $207.19, $205.0573,49.52110100092201,49.84104248936947,49.32865452365744,49.67265319824219,104174400,1.8999338190567536,0.5123879657120298,0.1515521973201785,True,26.17548033563116,23.497172862611027,552.117132535424,49.390349523317866,0.2823036749243215,0.079695364875777,49.112152099609375
2019-08-23, $202.64,46882840, $209.43, $212.051, $201,50.37988339602778,51.01014564047347,48.35198833377321,48.74650192260742,187272000,-4.622037688564673,2.658157306700261,-1.633381473420357,False,26.17548033563116,22.57102158697626,509.4510154797484,50.14519956097256,-1.3986976383651353,1.9563550835682066,49.67265319824219
2019-08-22, $212.46,22267820, $213.19, $214.435, $210.75,51.28437413685631,51.58507054352148,50.69741416374821,51.108768463134766,89014800,-0.0846507862358625,0.8876563797732686,-0.1756056737215416,False,26.17548033563116,24.933288127503605,621.6688568491122,50.408974903340464,0.6997935597943012,0.48971102632958025,48.74650192260742
2019-08-21, $212.64,21564750, $212.99, $213.65, $211.6032,51.23626555737707,51.39503047697511,50.90189128621012,51.15206909179688,86141600,1.0838319412566522,0.4931391907649853,-0.0841964655801845,False,26.17548033563116,24.97658875616572,623.829985894624,51.205231672339806,-0.05316258054292433,0.0028262599699829167,51.108768463134766
2019-08-20, $210.36,26919530, $210.88, $213.35, $210.32,50.72870175988584,51.32287831702901,50.59399031983276,50.60361099243164,107537200,0.004756950009499,0.7288879971962459,-0.1250907674541963,False,26.17548033563116,24.42813065680048,596.7335673857154,50.89031390288474,-0.28670291045310137,0.08219855886227906,51.15206909179688
2019-08-19, $210.35,24431920, $210.62, $212.7307, $210.025,50.66615171375127,51.17372750673664,50.52422385951554,50.60120391845703,97654400,1.8644114913679344,0.6495036472211027,-0.0649477952942376,False,26.17548033563116,24.42572358282587,596.6159725446159,50.65750087820447,-0.05629695974744209,0.003169347676805115,50.60361099243164
2019-08-16, $206.5,28813620, $204.28, $207.16, $203.84,49.141019237305535,49.83382507339097,49.03517349339124,49.67505645751953,110481600,2.3594520671990304,0.7986515799997278,0.534037220213996,True,26.17548033563116,23.49957612188837,552.2300779084261,49.66480989241888,0.01024656510065114,0.0001049920963618819,50.60120391845703
2019-08-15, $201.74,27883360, $203.46, $205.14, $199.67,48.94377274292089,49.347907103580994,48.032058839474224,48.53001403808594,108909600,-0.4981407905898849,1.3158482641067692,-0.4137587048349544,False,26.17548033563116,22.354533702454777,499.7251770541865,49.21208776876124,-0.682073730675306,0.4652245740773298,49.67505645751953
2019-08-14, $202.75,36547440, $203.16, $206.44, $202.5869,48.87160143948995,49.66062875871768,48.73448207413917,48.7729721069336,146189600,-2.976495733954532,0.9261466845785052,-0.0986293325563494,False,26.17548033563116,22.59749177130244,510.6466343540815,48.76402372724887,0.008948379684731833,8.007349898212139e-05,48.53001403808594
2019-08-13, $208.97,47539790, $201.02, $212.14, $200.83,48.35680487555332,51.03179951623649,48.226901944089214,50.26923370361328,188874000,4.234839084657471,2.804897572147276,1.9124288280599584,True,26.17548033563116,24.09375336798212,580.5089513571498,48.514345743392646,1.7548879602206355,3.0796317529273427,48.7729721069336
2019-08-12, $200.48,22481890, $199.62, $202.0516, $199.15,48.02002268819342,48.60457853933476,47.90696052090706,48.22690200805664,89927600,-0.2537367590005002,0.697618018427697,0.2068793198632192,True,26.17548033563116,22.05142167242548,486.2651977751162,48.81949107463986,-0.5925890665832227,0.3511618018339752,50.26923370361328
2019-08-09, $200.99,24619750, $201.3, $202.76, $199.29,48.42415480097006,48.77536618277326,47.94063258255727,48.34958267211914,98478800,-0.8240229824078016,0.8347336002159906,-0.0745721288509173,False,26.17548033563116,22.17410233648798,491.6908144290417,48.366847836267866,-0.01726516414872492,0.0002980858930824163,48.22690200805664
2019-08-08, $203.43,27009520, $200.2, $203.53, $199.39,47.97724715546842,48.77527074843569,47.78313400034172,48.75130462646485,108038000,2.205585155686074,0.9921367480939692,0.7740574709964321,True,26.17548033563116,22.57582429083369,509.6678424105965,48.11918513536851,0.6321194910963399,0.39957505102389573,48.34958267211914
2019-08-07, $199.04,33364400, $195.41, $199.56, $193.82,46.82934223936549,47.82387415087288,46.44830502903327,47.699256896972656,133457600,1.0355272231118429,1.3755691218396109,0.8699146576071684,True,26.17548033563116,21.523776561341496,463.27295746255356,47.513392113191074,0.18586478378158233,0.03454571785017435,48.75130462646485
2019-08-06, $197,35824790, $196.31, $198.067, $194.04,47.04502381388391,47.46680417334717,46.50102500392178,47.21038055419922,143299200,1.8930111354419576,0.9657791694253888,0.1653567403153104,True,26.17548033563116,21.03490021856806,442.46702720511456,47.28510668248801,-0.07472612828879477,0.005583994249033414,47.699256896972656
2019-08-05, $193.34,52392970, $197.99, $198.649, $192.58,47.44764549457553,47.605809517619385,46.15115613267699,46.33328628540039,209572000,-5.234793690503025,1.4546533849423966,-1.1143592091751415,False,26.17548033563116,20.15780594976923,406.3371407085518,47.3756838677277,-1.042397582327311,1.0865927196418232,47.21038055419922
2019-08-02, $204.02,40862120, $205.53, $206.43, $201.63,49.254584458359176,49.47026501910301,48.31996381951147,48.89271926879883,163448400,-2.115782581803094,1.1503011995915386,-0.3618651895603477,False,26.17548033563116,22.717238933167668,516.0729447466289,48.24353883072138,0.6491804380774511,0.4214352411824313,46.33328628540039
2019-08-01, $208.43,54017920, $213.9, $218.03, $206.7435,51.260410296588674,52.2501520023427,49.54454328515418,49.94954299926758,216071600,-2.163927091577267,2.705608717188525,-1.3108672973210955,False,26.17548033563116,23.774062663636418,565.2060555345112,50.444612874080754,-0.49506987481317566,0.2450941809475334,48.89271926879883
2019-07-31, $213.04,69281360, $216.42, $221.37, $211.3,51.86432814544622,53.05057834512591,50.63733845360822,51.0543212890625,277125600,2.040429821312384,2.4132398915176907,-0.8100068563837226,False,26.17548033563116,24.87884095343134,618.9567271861324,51.20758599785278,-0.15326470879028165,0.023490070960569837,49.94954299926758
2019-07-30, $208.78,33935720, $208.76, $210.16, $207.31,50.028630420839946,50.36413790530998,49.68114352994248,50.033424377441406,135742800,-0.42923505122755,0.6829943753674996,0.0047939566014605,True,26.17548033563116,23.857944041810246,569.201493902149,50.40078990660233,-0.3673655291609208,0.13495743201568336,51.0543212890625
2019-07-29, $209.68,21673390, $208.46, $210.64, $208.44,49.956745607175016,50.47917358387077,49.95195164997363,50.24911117553711,86693600,0.9338631060513024,0.5272219338971382,0.2923655683620936,True,26.17548033563116,24.07363083990595,579.5397018160708,49.99640253271968,0.25270864281743144,0.06386165815462815,50.033424377441406
2019-07-26, $207.74,17618870, $207.48, $209.73, $207.14,49.72188447879348,50.26108942568483,49.640405497764334,49.78419494628906,70475600,0.3478018160924856,0.6206839279204956,0.0623104674955854,True,26.17548033563116,23.608714610657902,557.3714055674919,49.91922288641772,-0.13502794012865849,0.01823254461538858,50.24911117553711
2019-07-25, $207.02,13909560, $208.89, $209.24, $206.73,50.05978275817563,50.14366053862095,49.54214517668298,49.61164474487305,55638400,-0.7907284218569011,0.6015153619379703,-0.4481380133025823,False,26.17548033563116,23.436164409241886,549.2538022170161,49.97610179691759,-0.3644570520445427,0.13282894278499852,49.78419494628906
2019-07-24, $208.67,14991570, $207.67, $209.15, $207.17,49.76741817507398,50.12209418470075,49.647594852943,50.00706481933594,59966400,-0.0813964859492921,0.4744993317577481,0.2396466442619598,True,26.17548033563116,23.831584483704777,567.9444190039583,49.725519370406516,0.2815454489294211,0.07926783981286928,49.61164474487305
2019-07-23, $208.84,18355210, $208.46, $208.91, $207.29,49.956738737439146,50.064578990974375,49.67634895884314,50.04780197143555,73420800,0.7817660538389948,0.3882300321312328,0.091063233996401,True,26.17548033563116,23.872321635804386,569.8877402832942,49.98716384862824,0.06063812280730474,0.003676981937593771,50.00706481933594
2019-07-22, $207.22,22277930, $203.65, $207.23, $203.61,48.80403991560377,49.6619753808488,48.79445565834239,49.65958023071289,89111600,2.2854317388449674,0.8675197225064082,0.8555403151091241,True,26.17548033563116,23.48409989508173,551.5029478821778,49.25179385918576,0.4077863715271306,0.16628972480326298,50.04780197143555
2019-07-19, $202.59,20929310, $205.79, $206.5, $202.36,49.31687142833677,49.48702212061245,48.494885358506615,48.55000305175781,83717200,-1.4927757505093897,0.9921367621058366,-0.7668683765789552,False,26.17548033563116,22.374522716126652,500.6192667744676,49.449305483360476,-0.8993024316026634,0.8087448634864631,49.65958023071289
2019-07-18, $205.66,18582160, $204, $205.88, $203.7,48.88791415785004,49.33845100749355,48.816019435097935,49.28572845458984,74162400,1.1359910110790403,0.5224315723956181,0.3978142967397957,True,26.17548033563116,23.110248118958676,534.083568119833,48.78163496939091,0.5040934851989292,0.254110241820003,48.55000305175781
2019-07-17, $203.35,14107450, $204.05, $205.0915, $203.27,48.89988765516557,49.14911850100448,48.7129636066072,48.73213577270508,56430000,-0.5623533373295686,0.4361548943972835,-0.1677518824604931,False,26.17548033563116,22.556655437073918,508.80270450687635,49.04715929795803,-0.3150235252529541,0.0992398214627986,49.28572845458984
2019-07-16, $204.5,16866820, $204.59, $206.11, $203.5,49.02929970892977,49.39356358481479,48.76808577819675,49.00773239135742,67467200,-0.3460213248983379,0.6254778066180435,-0.021567317572348,False,26.17548033563116,22.83225205572626,521.3117339362161,48.93738730119179,0.07034509016563106,0.004948431710410764,48.73213577270508
2019-07-15, $205.21,16947420, $204.09, $205.87, $204,48.90949163010754,49.33606244180714,48.8879243058203,49.17789840698242,67789600,0.939514781862627,0.4481381359868379,0.2684067768748832,True,26.17548033563116,23.00241807135126,529.1112371292271,48.95601819694072,0.22188021004170366,0.049230827608150535,49.00773239135742
2019-07-12, $203.3,17595210, $202.45, $204, $202.2,48.51646413508877,48.88791717832645,48.45655247188003,48.72016525268555,70380800,0.7682855511662812,0.4313647064464163,0.2037011175967791,True,26.17548033563116,22.544684917054386,508.26281800925955,48.76003062219505,-0.039865369509506365,0.0015892476861294799,49.17789840698242
2019-07-11, $201.75,20191840, $203.31, $204.39, $201.71,48.72255727579953,48.98137608305649,48.33912484990282,48.34870910644531,80767200,-0.7282431893788632,0.6422512331536723,-0.3738481693542184,False,26.17548033563116,22.173228770814152,491.6520741228605,48.733708333318106,-0.3849992268727931,0.14822440469264841,48.72016525268555
2019-07-10, $203.23,17897140, $201.85, $203.73, $201.56,48.37267831988703,48.82321154048537,48.303178742828166,48.70338821411133,71588400,0.98886388110504,0.5200327976572012,0.3307098942242987,True,26.17548033563116,22.527907878480168,507.5066333812888,48.37604202201849,0.32734619209283977,0.10715552947768235,48.34870910644531
2019-07-09, $201.24,20578020, $199.2, $201.51, $198.81,47.73761261486467,48.29119579901545,47.64415056632906,48.22649383544922,82312000,0.6099409317931404,0.6470452326863878,0.4888812205845454,True,26.17548033563116,22.05101349981806,486.24719636915825,48.087286593131864,0.13920724231735448,0.01937865631360265,48.70338821411133
2019-07-08, $200.02,25338630, $200.81, $201.4, $198.41,48.12344323760648,48.26483388360054,47.54829273986113,47.93412399291992,101354400,-2.061414054812405,0.7165411437394056,-0.1893192446865583,False,26.17548033563116,21.75864365728876,473.4385738048724,48.17114145041688,-0.23701745749696101,0.05617727515832372,48.22649383544922
2019-07-05, $204.23,17265520, $203.35, $205.08, $202.9,48.73215615328759,49.14674390548091,48.62431221679531,48.94304275512695,69062000,-0.088050927653549,0.5224316886856002,0.2108866018393627,True,26.17548033563116,22.767562419495793,518.3618985256371,48.464586756295745,0.47845599883120826,0.22892014281756917,47.93412399291992
2019-07-03, $204.41,11362050, $203.28, $204.44, $202.6901,48.71537363624573,48.9933646445024,48.57398298189236,48.986175537109375,45448000,0.8286974840391981,0.4193816626100428,0.2708019008636455,True,26.17548033563116,22.810695201478214,520.3278155747413,48.80711446376465,0.17906107334472665,0.03206286798736558,48.94304275512695
2019-07-02, $202.73,16935220, $201.41, $203.1323, $201.36,48.26723307900931,48.679425613175255,48.25525001506029,48.58356475830078,67740800,0.5854715762636076,0.4241755981149637,0.3163316792914727,True,26.17548033563116,22.40808442266962,502.1222474934889,48.530782935531846,0.05278182276893517,0.0027859208148112834,48.986175537109375
2019-07-01, $201.55,27316740, $203.17, $204.49, $200.65,48.68900379311359,49.00533908963892,48.08509328129439,48.300777435302734,109012000,1.834102317956221,0.9202458083445322,-0.3882263578108578,False,26.17548033563116,22.125297099671574,489.5287717487354,48.66403375953577,-0.3632563242330349,0.13195515709529576,48.58356475830078
2019-06-28, $197.92,31110640, $198.68, $199.495, $197.05,47.61297723888489,47.80948917517964,47.22235582893298,47.43084716796875,124442400,-0.9112171355362576,0.5871333462466595,-0.1821300709161377,False,26.17548033563116,21.25536683233759,451.7906191772369,47.8651901558778,-0.4343429879090479,0.18865383114575934,48.300777435302734
2019-06-27, $199.74,20899720, $200.29, $201.57, $199.57,47.99882237571496,48.30557342924731,47.8262801646343,47.86701965332031,83598800,-0.0300354801079927,0.4792932646130126,-0.1318027223946458,False,26.17548033563116,21.691539317689152,470.5228779708544,47.81136707300604,0.05565258031427334,0.0030972096956366443,47.43084716796875
2019-06-26, $199.8,26067510, $197.77, $200.99, $197.35,47.3949186584968,48.1665811585655,47.29426750501623,47.88140106201172,104270000,2.162910316834044,0.8723136535492699,0.4864824035149198,True,26.17548033563116,21.70592072638056,471.1469945799171,47.571425952498615,0.30997510951310403,0.09608456851766084,47.86701965332031
2019-06-25, $195.57,21070330, $198.43, $199.26, $195.29,47.55308073051549,47.751987879310825,46.80059043176467,46.86769485473633,84281200,-1.5157618179266197,0.9513974475461566,-0.6853858757791613,False,26.17548033563116,20.692214519105168,428.1677417046667,47.67932241810796,-0.8116275633716299,0.6587393016245691,47.88140106201172
2019-06-24, $198.58,18220420, $198.54, $200.16, $198.17,47.57944330591722,47.967673357520425,47.49077521738597,47.58903121948242,72881600,-0.1005866553916101,0.4768981401344518,0.0095879135651983,True,26.17548033563116,21.41355088385126,458.54016145528715,47.34134783624851,0.24768338323391248,0.06134705833019716,46.86769485473633
2019-06-21, $198.78,47800590, $198.8, $200.85, $198.15,47.64174158739226,48.13301781549063,47.485969113903344,47.63694763183594,191202400,-0.3409371770120795,0.6470487015872877,-0.0047939555563232,False,26.17548033563116,21.461467296204777,460.5945785060672,47.63455942404042,0.0023882077955192926,5.7035364745791195e-06,47.58903121948242
2019-06-20, $199.46,21513990, $200.37, $200.61, $198.03,48.0179909537039,48.07550745757391,47.45721875366059,47.7999153137207,86056000,0.8035590311436858,0.618288703913322,-0.2180756399831978,False,26.17548033563116,21.624434978089543,467.6161881216225,47.89603369376723,-0.0961183800465264,0.009238742982768484,47.63694763183594
2019-06-19, $197.87,21124240, $199.68, $199.88, $197.31,47.85263645530765,47.90056870581225,47.28467512265792,47.41887664794922,84496800,-0.2922833240007083,0.6158935831543246,-0.4337598073584345,False,26.17548033563116,21.24339631231806,451.2818868822085,47.845588241409025,-0.4267115934598067,0.18208278399300734,47.7999153137207
2019-06-18, $198.45,26551000, $196.05, $200.29, $195.21,46.98272986269059,47.998829391898425,46.78142753974012,47.55788040161133,106204000,2.3518655941693334,1.2174018521583037,0.5751505389207381,True,26.17548033563116,21.382400065980168,457.20703258162865,47.146372587721615,0.41150781388971325,0.16933868089229087,47.41887664794922
2019-06-17, $193.89,14669140, $192.9, $194.96, $192.17,46.22783260024407,46.72150772045912,46.052891587494855,46.46508407592773,58676400,0.5966403211020488,0.6686161329642673,0.2372514756836565,True,26.17548033563116,20.289603740296567,411.6680199382564,46.704131579770284,-0.23904750384255635,0.057143709093357,47.55788040161133
2019-06-14, $192.74,18761470, $191.545, $193.5863, $190.3,45.90431878881444,46.39319636982068,45.60476046163178,46.18949890136719,75046000,-0.7262187465052472,0.7884359081889016,0.2851801125527444,True,26.17548033563116,20.014018565736027,400.5609391496264,46.11091331509144,0.07858558627575007,0.006175694370303358,46.46508407592773
2019-06-13, $194.15,21674630, $194.7, $196.79, $193.6,46.65919589790624,47.16005645303748,46.39558681154533,46.52738952636719,86698400,-0.0206075877564382,0.7644696414921484,-0.1318063715390494,False,26.17548033563116,20.351909190736027,414.20020770796555,46.505294344520124,0.022095181847063827,0.0004881970608548189,46.18949890136719
2019-06-12, $194.19,18253190, $193.95, $195.97, $193.385,46.47946316766171,46.963550384252,46.34526163990616,46.53697967529297,73012800,-0.3182621172479249,0.6182887443458398,0.0575165076312558,True,26.17548033563116,20.36149933966181,414.59065535904824,46.50677679914315,0.03020287614982209,0.0009122137277214919,46.52738952636719
2019-06-11, $194.81,26932880, $194.86, $196, $193.6,46.69754519733289,46.97074222523136,46.39559174230331,46.68556213378906,107731600,1.1579611492474884,0.575150482928052,-0.0119830635438304,False,26.17548033563116,20.510081798157902,420.66345536712805,46.65196287605905,0.03359925773001038,0.0011289101200076621,46.53697967529297
2019-06-10, $192.58,26220850, $191.81, $195.37, $191.62,45.96662081555493,46.8197622574143,45.92108736949208,46.15114974975586,104883600,1.2779190851319733,0.8986748879222191,0.1845289342009266,True,26.17548033563116,19.9756694141247,399.02736854239697,46.228667871361694,-0.07751812160583427,0.0060090591772969095,46.68556213378906
2019-06-07, $190.15,30684390, $186.51, $191.92, $185.77,44.6965033238102,45.9929928084873,44.51916711157243,45.56881713867188,122737600,2.661706949685549,1.4738256969148722,0.872313814861684,True,26.17548033563116,19.39333680304072,376.1015123561737,45.21545136563651,0.353365773035371,0.12486736955288531,46.15114974975586
2019-06-06, $185.22,22526310, $183.08, $185.47, $182.1489,43.87451208506323,44.44726747099112,43.65163878401224,44.38735580444336,90105200,1.4681732294945071,0.7956286869788798,0.512843719380129,True,26.17548033563116,18.2118754688122,331.67240809152355,44.4768799594463,-0.08952415500294109,0.008014574328990621,45.56881713867188
2019-06-05, $182.54,29773430, $184.28, $184.99, $181.14,44.16208845470289,44.33223920089857,43.40959805036203,43.74510192871094,119093600,1.6143522950279543,0.922641150536542,-0.4169865259919518,False,26.17548033563116,17.569621593079777,308.69160292401517,44.25001440399015,-0.5049124752792125,0.2549366076925813,44.38735580444336
2019-06-04, $179.64,30967960, $175.44, $179.83, $174.52,42.04360617306693,43.095654753036754,41.82313170796883,43.05012130737305,123872000,3.658386149184145,1.2725230450679277,1.0065151343061205,True,26.17548033563116,16.874640971741886,284.75350792519,42.64729741433401,0.40282389303903443,0.16226708880312346,43.74510192871094
2019-06-03, $173.3,40396070, $175.6, $177.92, $170.27,42.08195356453021,42.637931895817616,40.80463647024104,41.53076553344727,161584400,-1.0110167676904314,1.8332954255765728,-0.5511880310829369,False,26.17548033563116,15.355285197816112,235.7847835062706,42.428772157631755,-0.8980066241844824,0.8064158970792102,43.05012130737305
2019-05-31, $175.07,27043580, $176.23, $177.99, $174.99,42.23292429098691,42.65470469718947,41.93576481212676,41.95493698120117,108174400,-1.8115638294671663,0.71893988506271,-0.2779873097857361,False,26.17548033563116,15.779456645570011,248.9912520294236,41.994696746520596,-0.039759765319423934,0.0015808389382556663,41.53076553344727
2019-05-30, $178.3,21218410, $177.95, $179.23, $176.67,42.64512229809682,42.95186972951379,42.33837486667986,42.729000091552734,84873600,0.5186769188771034,0.6134948628339316,0.0838777934559118,True,26.17548033563116,16.553519755921574,274.01901630968587,42.411358443815374,0.3176416477373607,0.10089621637730554,41.95493698120117
2019-05-29, $177.38,28481170, $176.42, $179.35, $176,42.27845585703999,42.98062234841405,42.17780471640916,42.50851821899414,113924800,-0.4769239796573288,0.8028176320048885,0.2300623619541539,True,26.17548033563116,16.33303788336298,266.7681264993703,42.4440701629101,0.06444805608403925,0.0041535519330114685,42.729000091552734
2019-05-28, $178.23,27948160, $178.92, $180.59, $177.91,42.87757983293096,43.27778931506044,42.63553802351406,42.71222305297852,111792800,-0.4134573675788511,0.6422512915463798,-0.1653567799524395,False,26.17548033563116,16.536742717347362,273.463859699741,42.756463060397124,-0.044240007418601124,0.0019571782563978825,42.50851821899414
2019-05-24, $178.97,23714690, $180.2, $182.14, $178.62,43.184317369517565,43.64923236699889,42.80567529586491,42.88955307006836,94858800,-0.3840753290542675,0.8435570711339793,-0.2947642994492057,False,26.17548033563116,16.7140727344372,279.36022737205695,43.027306743677826,-0.1377536736094669,0.018976074592903534,42.71222305297852
2019-05-23, $179.66,36529740, $179.8, $180.54, $177.81,43.08846676529334,43.265802939260645,42.61156863348258,43.05491638183594,146118800,-1.7069750708746725,0.6542343057780684,-0.0335503834574026,False,26.17548033563116,16.879436046204777,284.9153612379172,43.027093517416205,0.027822864419732696,0.0007741117845188276,42.88955307006836
2019-05-22, $182.78,29748560, $184.66, $185.71, $182.55,44.25315300927631,44.50478273302888,43.74749841159521,43.802616119384766,118994400,-2.047169845121044,0.7572843214336729,-0.4505368898915449,False,26.17548033563116,17.627135783753605,310.71591593888684,43.84245996726259,-0.03984384787782602,0.0015875322137113412,43.05491638183594
2019-05-21, $186.6,28364850, $185.22, $188, $184.7,44.38735740248691,45.05357486594591,44.26274010770005,44.71807098388672,113459200,1.9171075946610383,0.7908347582458646,0.3307135813998059,True,26.17548033563116,18.54259064825556,343.8276679487745,44.19167020282051,0.5264007810662079,0.27709778230711374,43.802616119384766
2019-05-20, $183.09,38612290, $183.52, $184.349, $180.2839,43.979953493197925,44.17886064816322,43.203497043820846,43.87690353393555,154449200,-3.126971064509787,0.9753636043423768,-0.1030499592623783,False,26.17548033563116,17.701423198304386,313.3403832454687,44.247420917735155,-0.3705173837996085,0.1372831316977064,44.71807098388672
2019-05-17, $189,32879090, $186.93, $190.9, $186.76,44.79713884034815,45.74853617008886,44.75639935564675,45.29320907592773,131516400,-0.5681928571285133,0.9921368144421124,0.4960702355795803,True,26.17548033563116,19.117728740296567,365.48755218756133,44.48418979357456,0.8090192823531694,0.6545121992192373,43.87690353393555
2019-05-16, $190.08,33031360, $189.91, $192.4689, $188.84,45.51129298187126,46.12478777769744,45.25486932916094,45.552032470703125,132125600,-0.4399962814632174,0.8699184485365024,0.0407394888318677,True,26.17548033563116,19.376552135071964,375.4507726431619,45.444786284782836,0.1072461859202889,0.011501744394449172,45.29320907592773
2019-05-15, $190.92,26544720, $186.27, $191.75, $186.02,44.63898984677007,45.95225268045824,44.57907817443571,45.75334548950195,106178800,1.1979427918614285,1.373174506022529,1.11435564273188,True,26.17548033563116,19.577865153870793,383.29280398314825,44.9681669995334,0.7851784899685512,0.6165052611092943,45.552032470703125
2019-05-14, $188.66,36529680, $186.41, $189.7, $185.41,44.67252984613877,45.46096566171211,44.43288321254333,45.21173477172852,146118800,1.583024128398658,1.028082449168778,0.5392049255897504,True,26.17548033563116,19.036254436097362,362.3789829558365,45.06050273922422,0.1512320325043035,0.02287112765538271,45.75334548950195
2019-05-13, $185.72,57430620, $187.71, $189.48, $182.85,44.98407358813538,45.408245519270494,43.81939074079154,44.50717544555664,229722400,-5.811953585422536,1.5888547784789535,-0.4768981425787402,False,26.17548033563116,18.33169510992548,336.0510456032658,45.07337493208164,-0.5661994865250009,0.3205818585411746,45.21173477172852
2019-05-10, $197.18,41208710, $197.419, $198.85, $192.77,47.31104511214,47.65374175144033,46.19668956028004,47.2535285949707,164834800,-1.3853246848261724,1.4570521911602867,-0.0575165171692972,False,26.17548033563116,21.078048259339543,444.2841184230467,46.339867537006725,0.9136610579639779,0.8347765288398554,44.50717544555664
2019-05-09, $200.72,34908610, $200.4, $201.68, $196.66,47.84094484782978,48.14651547093701,46.94810716328086,47.91733932495117,139634400,-1.0744332563034642,1.1984083076561518,0.07639447712139,True,26.17548033563116,21.74185898932001,472.7084323114754,47.64657590435513,0.2707634205960403,0.07331282993286822,47.2535285949707
2019-05-08, $202.9,26339500, $201.9, $205.34, $201.75,48.19904352807667,49.02026607598343,48.1632358878382,48.43777084350586,105358000,0.0197161628739284,0.8570301881452309,0.2387273154291875,True,26.17548033563116,22.2622905078747,495.60957865700794,48.11200474258996,0.3257661009158994,0.10612355250594796,47.91733932495117
2019-05-07, $202.86,38763700, $205.88, $207.4175, $200.825,49.149180158416655,49.51681861609969,47.943606504322965,48.42822265625,155054800,-2.6956884911332413,1.5732121117767264,-0.7209575021666552,False,26.17548033563116,22.25274232061884,495.1845407878607,48.912228601626126,-0.4840059453761256,0.2342617551594371,48.43777084350586
2019-05-06, $208.48,32443110, $204.29, $208.84, $203.5,48.76959522626785,49.85580509657565,48.581002274765794,49.76986312866211,129772400,-1.5442841541403074,1.2748028218098568,1.0002679023942562,True,26.17548033563116,23.59438279303095,556.6948993840749,48.662026158675154,1.1078369699869555,1.2273027520698785,48.42822265625
2019-05-03, $211.75,20892380, $210.89, $211.84, $210.23,50.34520096477196,50.57199117489854,50.1876400699806,50.55050659179688,83569600,1.2431237022303645,0.3843511049179398,0.20530562702492,True,26.17548033563116,24.37502625616572,594.1419049887683,50.15669869278559,0.39380789901129276,0.15508466132368856,49.76986312866211
2019-05-02, $209.15,31996320, $209.84, $212.65, $208.13,50.09453963227768,50.76536281433166,49.68631795761022,49.92981719970703,127985200,-0.6507629072657339,1.0790448567214384,-0.1647224325706489,False,26.17548033563116,23.75433686407587,564.2685198519939,50.26715786187429,-0.3373406621672572,0.11379872235144357,50.55050659179688
2019-05-01, $210.52,64827330, $209.88, $215.31, $209.23,50.10408494939952,51.400372389710334,49.948910024794905,50.25687026977539,259309200,4.908546791572865,1.4514623649154288,0.1527853203758695,True,26.17548033563116,24.08138993414423,579.913341160303,50.05592711785755,0.20094315191784062,0.04037815030267638,49.92981719970703
2019-04-30, $200.67,45751160, $203.06, $203.4, $199.11,48.47596891449491,48.55713532887878,47.532996731014585,47.90541076660156,186139600,-1.9255925293576224,1.0241385978641944,-0.570558147893351,False,26.17548033563116,21.729930430970402,472.1898765348135,49.111677949739416,-1.2062671831378537,1.4550805171153325,50.25687026977539
2019-04-29, $204.61,22010360, $204.4, $205.97, $203.86,48.795851084600464,49.17065463588192,48.666939965404616,48.845985412597656,88818800,0.1517134737317071,0.5037146704773008,0.0501343279971919,True,26.17548033563116,22.670505076966496,513.9518004447636,48.49595108157261,0.3500343310250429,0.1225240328961493,47.90541076660156
2019-04-26, $204.3,18612770, $204.9, $205, $202.12,48.91522593472804,48.93910012357154,48.25156428300405,48.77199172973633,74596400,-0.4773942768109829,0.6875358405674916,-0.1432342049917139,False,26.17548033563116,22.596511394105168,510.6023271839247,48.90308460935928,-0.13109287962295468,0.01718534308783849,48.845985412597656
2019-04-25, $205.28,18463850, $206.83, $207.76, $205.12,49.37597136789553,49.597986024015086,48.9677460534086,49.00594329833984,74172800,-0.907494632938699,0.630239970606489,-0.3700280695556941,False,26.17548033563116,22.830462962708676,521.2300390916126,49.17680241956101,-0.17085912122117008,0.029192839304470492,48.77199172973633
2019-04-24, $207.16,17427570, $207.36, $208.48, $207.05,49.50248715739649,49.7698605357806,49.428482286071535,49.45474243164063,70162400,-0.1542556071400858,0.3413782497090665,-0.0477447257558552,False,26.17548033563116,23.27926209600947,541.9240437347033,49.341037471001435,0.11370496063919688,0.012928818073961313,49.00594329833984
2019-04-23, $207.48,23286380, $204.43, $207.75, $203.9,48.80302789469298,49.59560440430232,48.67650269713452,49.53114700317383,93292000,1.442364747542424,0.9191017071678048,0.7281191084808469,True,26.17548033563116,23.355666667542668,545.4871654853636,49.04337652661827,0.4877704765555606,0.2379200377992387,49.45474243164063
2019-04-22, $204.53,17841920, $202.83, $204.94, $202.34,48.421049618013726,48.924764272283525,48.30407195157679,48.82688522338867,77758000,0.3286552342396609,0.6206923207067376,0.4058356053749463,True,26.17548033563116,22.65140488775751,513.0861433891249,48.82172836880234,0.0051568545863318604,2.6593149224571943e-05,49.53114700317383
2019-04-18, $203.86,24185530, $203.12, $204.15, $202.52,48.49027930010313,48.73616808351934,48.34704513144578,48.66693878173828,96783200,0.3593278450052306,0.3891229520735564,0.1766594816351485,True,26.17548033563116,22.49145844610712,505.8657030329633,48.62003560816561,0.04690317357267304,0.0021999076911882946,48.82688522338867
2019-04-17, $203.13,28865310, $199.54, $203.38, $198.61,47.63565702732204,48.5523728815622,47.41364232534743,48.49269104003906,115627200,1.947342618629233,1.1387305562147674,0.8570340127170226,True,26.17548033563116,22.317210704407902,498.05789362493863,48.008212381477506,0.4844786585615566,0.23471957060160534,48.66693878173828
2019-04-16, $199.25,25668330, $199.46, $201.37, $198.56,47.61654439577956,48.07251072757956,47.401687660312966,47.56641006469727,102785600,0.0100256665083398,0.6708230672665962,-0.0501343310822903,False,26.17548033563116,21.390929729066112,457.57187467384443,47.93474071304371,-0.36833064834643636,0.13566746651130615,48.49269104003906
2019-04-15, $199.23,17524150, $198.58, $199.85, $198.01,47.40647039627106,47.70965510465262,47.270394078957786,47.561641693115234,70146400,0.1810216890161697,0.439261025694833,0.1551712968441734,True,26.17548033563116,21.386161357484074,457.36789760834506,47.47362963537363,0.08801205774160792,0.007746122307912127,47.56641006469727
2019-04-12, $198.87,27738580, $199.2, $200.14, $196.21,47.55448083017114,47.778885091039584,46.84068848347784,47.47570037841797,111042800,-0.0401992695057806,0.9381966075617428,-0.0787804517531682,False,26.17548033563116,21.30022004278681,453.69937387113686,47.568215626062326,-0.09251524764435715,0.008559071046696731,47.561641693115234
2019-04-11, $198.95,20543190, $200.85, $201, $198.4431,47.948376968364045,47.984184604276585,47.373043333440464,47.49479293823242,83603200,-0.8324420541063082,0.6111412708361215,-0.4535840301316227,False,26.17548033563116,21.31931260260126,454.513089847433,47.79427350321071,-0.299480564978289,0.08968860879971519,47.47570037841797
2019-04-10, $200.62,21654750, $198.68, $200.74, $198.18,47.43034676524087,47.92212815174793,47.31098309372453,47.89347839355469,86781200,0.5614385321524251,0.6111450580233964,0.4631316283138176,True,26.17548033563116,21.717998057923527,471.6714396439701,47.464068546972285,0.4294098465824021,0.18439281634192212,47.49479293823242
2019-04-09, $199.5,35738280, $200.32, $202.85, $199.23,47.82184528555595,48.42582494696021,47.56162981016656,47.6260871887207,143072800,-0.2998695781749938,0.8641951367936542,-0.1957580968352488,False,26.17548033563116,21.450606853089543,460.1285343658121,47.8583404427486,-0.23225325402789565,0.05394157400654623,47.89347839355469
2019-04-08, $200.1,25829880, $196.42, $200.23, $196.34,46.89081455147626,47.80036495686794,46.871715930873805,47.76933288574219,103526800,1.573621514674883,0.9286490259941332,0.8785183342659266,True,26.17548033563116,21.593852550111027,466.2944679559365,47.15918629466694,0.6101465910752495,0.3722788626007477,47.6260871887207
2019-04-05, $197,18473070, $196.45, $197.1, $195.93,46.89796945071504,47.0531443551704,46.77383025568853,47.02927017211914,74106400,0.6694343238318856,0.2793140994818728,0.1313007214041022,True,26.17548033563116,20.85378983648798,434.8805505444094,47.21402086455227,-0.18475069243312703,0.0341328183545199,47.76933288574219
2019-04-04, $195.69,19090050, $194.79, $196.37, $193.14,46.50167696165577,46.87886643379977,46.10777847709495,46.71653366088867,76457200,0.1740096224302822,0.7710879567048181,0.2148566992329037,True,26.17548033563116,20.54105332525751,421.9348717110727,46.69704082776758,0.019492833121091735,0.00037997054308673095,47.02927017211914
2019-04-03, $195.35,23243160, $193.25, $196.5, $193.15,46.13405477487213,46.90991856798124,46.11018058570054,46.63538360595703,93087200,0.6854992767637791,0.7997379822806963,0.5013288310848978,True,26.17548033563116,20.45990327032587,418.60764183109126,46.34840598419285,0.28697762176417996,0.08235615539342474,46.71653366088867
2019-04-02, $194.02,22727370, $191.09, $194.46, $191.05,45.6184019777921,46.4229155104042,45.60885448792773,46.31787490844727,91062800,1.453670787162209,0.8140610224764728,0.6994729306551761,True,26.17548033563116,20.142394572816112,405.716059127012,45.98463038977792,0.33324451866935334,0.11105190922316899,46.63538360595703
2019-04-01, $191.24,27308200, $191.64, $191.68, $188.38,45.74970242041629,45.759249910216006,44.97145268625358,45.65421295166016,111448000,0.6791395854734317,0.7877972239624285,-0.0954894687561278,False,26.17548033563116,19.478732616029003,379.4210243267521,45.958790848035825,-0.3045778963756618,0.09276769496062337,46.31787490844727
2019-03-29, $189.95,23524830, $189.83, $190.08, $188.54,45.31760251717808,45.37728434049375,45.00964226896314,45.34624862670898,94256000,0.6517375759666821,0.3676420715306108,0.0286461095308965,True,26.17548033563116,19.170768291077817,367.5183568701947,45.4452885075506,-0.09903988084162307,0.009808897997122897,45.65421295166016
2019-03-28, $188.72,20710390, $188.95, $189.559, $187.53,45.10753001684638,45.25315383947743,44.76853763227856,45.0526237487793,83121600,0.1326875589516385,0.4846162071988686,-0.0549062680670857,False,26.17548033563116,18.877143413148136,356.3465434405621,45.20078559404244,-0.14816184526314657,0.021951932391780588,45.34624862670898
2019-03-27, $188.47,29771210, $188.75, $189.76, $186.55,45.05976707313321,45.30088027696458,44.53456786757349,44.992923736572266,119393600,0.8993545059046593,0.7663124093910838,-0.0668433365609431,False,26.17548033563116,18.817443400941105,354.0961761476219,45.06686170257865,-0.07393796600638325,0.005466822817161085,45.0526237487793
2019-03-26, $186.79,49696100, $191.664, $192.88, $184.58,45.754489402134034,46.04573709000146,44.06429915609198,44.59188461303711,199202000,-1.0331434763927616,1.9814379339094828,-1.1626047890969249,False,26.17548033563116,18.41640427740595,339.16394650885616,45.49775031127133,-0.9058656982342228,0.820592663237376,44.992923736572266
2019-03-25, $188.74,43751810, $191.51, $191.98, $186.6,45.71866412166276,45.83086624459337,44.54651584172195,45.05739212036133,175381200,-1.2090997003534445,1.284350402871425,-0.6612720013014339,False,26.17548033563116,18.881911784730168,356.526592646332,45.333960807659764,-0.2765686872984361,0.07649023879398012,44.59188461303711
2019-03-22, $191.05,42287640, $195.34, $197.69, $190.78,46.63298702263183,47.19399759999864,45.54439118481218,45.608848571777344,169630800,-2.070839557952475,1.6496064151864616,-1.0241384508544868,False,26.17548033563116,19.433368236146183,377.6558010016554,46.09165288179054,-0.48280431001319357,0.23310000176731593,45.05739212036133
2019-03-21, $195.09,50943120, $190.02, $196.33, $189.81,45.36296154771991,46.8693301940771,45.31282721306185,46.57330703735352,204136800,3.6830460833618073,1.5565029810152495,1.2103454896336103,True,26.17548033563116,20.397826701722362,416.0713341534978,45.45889515445847,1.1144118828950553,1.2419138447377025,45.608848571777344
2019-03-20, $188.16,31003380, $186.23, $189.49, $184.73,44.458176915154105,45.236430119419495,44.100086022695,44.918922424316406,124140800,0.873829007963689,1.1363440967244929,0.4607455091623009,True,26.17548033563116,18.743442088685246,351.3166213318975,45.208348365733016,-0.28942594141661004,0.08376737556489099,46.57330703735352
2019-03-19, $186.53,31440300, $188.35, $188.99, $185.92,44.96429352836273,45.11707887203992,44.384184229156126,44.5298080444336,126585600,-0.7924723034983705,0.7328946428837924,-0.4344854839291301,False,26.17548033563116,18.35432770880244,336.88134564211305,44.95793394630976,-0.4281259018761574,0.18329178785727315,44.918922424316406
2019-03-18, $188.02,26148590, $185.8, $188.39, $185.79,44.35553834520154,44.97384125151117,44.35314874059598,44.88551330566406,104879200,1.0208659975366574,0.6206925109151911,0.5299749604625248,True,26.17548033563116,18.710032970032902,350.0653337397182,44.42572525258214,0.4597880530819225,0.21140505375686477,44.5298080444336
2019-03-15, $186.12,39017490, $184.85, $187.33, $183.74,44.12874187114219,44.7207845418945,43.86375442838504,44.431922912597656,156171600,1.3008182122898893,0.8570301135094596,0.303181041455467,True,26.17548033563116,18.256442576966496,333.29769556607505,44.402841265417706,0.02908164717995021,0.000845742202699106,44.88551330566406
2019-03-14, $183.73,23527660, $183.9, $184.1, $182.56,43.90194947627824,43.9496978509338,43.58205576514747,43.861366271972656,94318000,1.11164831770989,0.3676420857863292,-0.0405832043055838,False,26.17548033563116,17.685885936341496,312.79056135328193,44.096449440489295,-0.23508316851663835,0.055264096119822186,44.431922912597656
2019-03-13, $181.71,30929740, $182.25, $183.3, $180.92,43.508053910775175,43.758718324395794,43.19054613921437,43.37914276123047,124130000,0.4422288006507902,0.5681721851814245,-0.1289111495447059,False,26.17548033563116,17.20366242559931,295.96600085397745,43.64040916445515,-0.2612664032246812,0.0682601334539617,43.861366271972656
2019-03-12, $180.91,32416800, $180, $182.67, $179.37,42.97090961813976,43.60831100701947,42.82051026881575,43.18815231323242,129870400,1.1235267594925435,0.7878007382037211,0.2172426950926649,True,26.17548033563116,17.01267197760126,289.4310078174592,43.122153807975494,0.0659985052569283,0.004355802696148792,43.37914276123047
2019-03-11, $178.9,31123000, $175.49, $179.12, $175.35,41.89425565466456,42.76083328628098,41.86083397800015,42.70831298828125,128044000,3.4642226978258472,0.899999308280826,0.8140573336166881,True,26.17548033563116,16.53283265265009,273.334555520533,42.355060236420684,0.35325275186056615,0.12478750669706272,43.18815231323242
2019-03-08, $172.91,23985960, $170.32, $173.07, $169.5,40.66003653722328,41.31653662922078,40.464278397663925,41.27833938598633,95997600,0.2376701819287952,0.8522582315568528,0.6183028487630509,True,26.17548033563116,15.102859050355168,228.096351494895,41.38430761849747,-0.10596823251114529,0.01122926630153615,42.70831298828125
2019-03-07, $172.5,24755470, $173.87, $174.44, $172.02,41.50752098479349,41.64359731559196,41.06587759625248,41.18046569824219,99185600,-1.1574469144881805,0.5777197193394841,-0.3270552865512997,False,26.17548033563116,15.004985362611027,225.14958573217118,41.43451193094279,-0.25404623270060256,0.0645394883493687,41.27833938598633
2019-03-06, $174.52,20755140, $174.67, $175.49, $173.94,41.69849684673069,41.89425498024918,41.52422693854948,41.662689208984375,83241600,-0.5753935199725446,0.3700280416996975,-0.0358076377463163,False,26.17548033563116,15.487208873353214,239.85363868687054,41.52442343493178,0.13826577405259854,0.019117424274364234,41.18046569824219
2019-03-05, $175.53,19238480, $175.94, $176, $174.54,42.00168002759919,42.01600308218327,41.66745963565002,41.90380096435547,78949600,-0.1819560713844814,0.3485434465332488,-0.0978790632437238,False,26.17548033563116,15.728320628724308,247.3800697999546,41.89052558189201,0.013275382463461938,0.00017623577955119276,41.662689208984375
2019-03-04, $175.85,27413060, $175.69, $177.75, $173.97,41.94198922989236,42.43376675972055,41.53137808713145,41.98018646240234,109744800,0.5029414738173088,0.9023886725890976,0.0381972325099795,True,26.17548033563116,15.804706126771176,249.78873575359836,41.93617222423478,0.044014238167555675,0.0019372531614703147,41.90380096435547
2019-03-01, $174.97,25737560, $174.28, $175.15, $172.89,41.60538488377798,41.81307642584319,41.273554151625085,41.77010726928711,103544800,1.051090598204785,0.5395222742181076,0.1647223855091297,True,26.17548033563116,15.594626933655949,243.19238919990755,41.744025661088784,0.026081608198325057,0.0006802502862109369,41.98018646240234
2019-02-28, $173.15,27953810, $174.32, $174.91, $172.92,41.61494648285592,41.75579472169711,41.28072606279908,41.33563232421875,112861600,-0.9835769568236064,0.4750686588980244,-0.2793141586371703,False,26.17548033563116,15.16015198858759,229.83020831707626,41.67664947474631,-0.34101715052756276,0.1162926969539384,41.77010726928711
2019-02-27, $174.87,27817640, $173.21, $175, $172.73,41.34995418814767,41.7772744208693,41.23536246985703,41.746238708496094,111341600,0.3097417407243785,0.541911951012267,0.3962845203484235,True,26.17548033563116,15.570758372864933,242.44851630614343,41.35211137738584,0.3941273311102549,0.1553363531280925,41.33563232421875
2019-02-26, $174.33,16991610, $173.71, $175.3, $173.1732,41.46932269171113,41.8488982409956,41.34040790419096,41.617332458496094,68280800,0.0573945409702458,0.5084903368046412,0.1480097667849662,True,26.17548033563116,15.441852122864933,238.45079698442825,41.57358358180692,0.04374887668917182,0.0019139642115643617,41.746238708496094
2019-02-25, $174.23,21846400, $174.16, $175.87, $173.95,41.57675106475054,41.984972743412,41.52661672459904,41.59346008300781,87493600,0.7284502445535246,0.4583560188129638,0.0167090182572735,True,26.17548033563116,15.417979747376652,237.71409949051662,41.59828993842103,-0.00482985541322023,2.3327503312612757e-05,41.617332458496094
2019-02-22, $172.97,18890250, $171.58, $173, $171.38,40.96083275523248,41.29982510218546,40.91308802122455,41.29266357421875,75652800,1.1165806780006449,0.3867370809609056,0.3318308189862691,True,26.17548033563116,15.11718323858759,228.52922906903356,41.18937350260857,0.10329007161018211,0.010668838893236549,41.59346008300781
2019-02-21, $171.06,17154540, $171.8, $172.37, $170.3,41.01334849852102,41.14942115745932,40.65525756921384,40.83668899536133,68998800,-0.5639059681759151,0.4941635882454847,-0.1766595031596907,False,26.17548033563116,14.661208659730168,214.95103936414685,41.118152049832545,-0.28146305447121733,0.07922145103226745,41.29266357421875
2019-02-20, $172.03,25323890, $171.19, $173.32, $170.99,40.86774530443196,41.3762358459738,40.82000055166685,41.06827545166016,104457600,0.6435754311108655,0.5562352943069513,0.2005301472281999,True,26.17548033563116,14.892795116029003,221.79534636801733,40.86372521974375,0.2045502319164143,0.041840797377058876,40.83668899536133
2019-02-19, $170.93,18958570, $169.71, $171.44, $169.49,40.51441626019325,40.92741351587097,40.46189595684812,40.805660247802734,75891200,0.2992486482006118,0.4655175590228495,0.2912439876094836,True,26.17548033563116,14.630179912171574,214.04216426250863,40.7150716154309,0.09058863237183346,0.008206300314999191,41.06827545166016
2019-02-15, $170.42,24603320, $171.25, $171.7, $169.75,40.88205832041398,40.98948489841133,40.52396729862934,40.68391418457031,98507200,-0.2224660282989066,0.4655175997819896,-0.1981441358436697,False,26.17548033563116,14.508433848939152,210.49465274904333,40.86216356613336,-0.17824938156304881,0.03177284202760937,40.805660247802734
2019-02-14, $170.8,21785180, $169.71, $171.2615, $169.38,40.51441198616583,40.88443638975765,40.43563153945899,40.77462387084961,87342800,0.3643373097574232,0.4488048502986643,0.2602118846837769,True,26.17548033563116,14.599143535218449,213.13499196191063,40.580420329087794,0.19420354176181576,0.03771501563283332,40.68391418457031
2019-02-13, $170.18,22389660, $171.39, $172.48, $169.92,40.91546759362625,41.17567944962109,40.56453820729998,40.62660598754883,89960800,-0.4154863431563349,0.6111412423211107,-0.2888616060774254,False,26.17548033563116,14.451125651917668,208.83503260751283,40.873018213227894,-0.24641222567906595,0.060718984964110934,40.77462387084961
2019-02-12, $170.89,22224400, $170.1, $171, $169.7,40.60751528119588,40.82236839461806,40.51202217536083,40.79610824584961,89134000,0.861701798570369,0.3103462192572266,0.1885929646537292,True,26.17548033563116,14.620627910218449,213.76276048905868,40.62089263561906,0.175215610230552,0.030700510068464713,40.62660598754883
2019-02-11, $169.43,20940020, $171.05, $171.21, $169.25,40.83431156223369,40.87250881024949,40.404601628781016,40.44757080078125,83973600,-0.5750899861577063,0.4679071814684761,-0.3867407614524367,False,26.17548033563116,14.27209046515009,203.6925662454281,40.82776592156895,-0.3801951207876968,0.14454832987077135,40.79610824584961
2019-02-08, $170.41,23793830, $168.99, $170.66, $168.42,40.34253380423419,40.74120801805574,40.206457474282914,40.68152618408203,95280000,0.1175283393130222,0.534750543772823,0.3389923798478378,True,26.17548033563116,14.50604584845087,210.42536615735875,40.38584660996361,0.2956795741184237,0.08742641055085243,40.44757080078125
2019-02-07, $170.94,31644240, $172.4, $173.94, $170.34,40.98082132939204,41.34689335525924,40.49114386491136,40.63376998901367,126966800,-1.8939383473263849,0.8557494903478826,-0.3470513403783712,False,26.17548033563116,14.458289653382511,209.04213970110777,40.882906309862335,-0.24913632084866322,0.062068906366008064,40.68152618408203
2019-02-06, $174.24,28204640, $174.65, $175.57, $172.8531,41.51566269527601,41.73435704669742,41.08779158917797,41.41820526123047,112958400,0.0344487803574766,0.6465654575194506,-0.0974574340455447,False,26.17548033563116,15.242724925599308,232.34066315748643,41.21400278635504,0.20420247487543008,0.04169865074525066,40.63376998901367
2019-02-05, $174.18,36054570, $172.86, $175.08, $172.3501,41.09016970398383,41.61788130053395,40.96894003396188,41.4039421081543,144406400,1.710938874169643,0.6489412665720735,0.3137724041704643,True,26.17548033563116,15.228461772523136,231.9060479571985,41.21209106385611,0.19185104429818978,0.03680682319830598,41.41820526123047
2019-02-04, $171.25,31384720, $167.41, $171.655, $167.28,39.79466519430484,40.8049233830398,39.76376201843734,40.707462310791016,125982000,2.840492830223451,1.0411613646024591,0.9127971164861748,True,26.17548033563116,14.531981975159855,211.17850012637092,40.36458189682774,0.34288041396327884,0.11756697827962946,41.4039421081543
2019-02-01, $166.52,32644590, $166.96, $168.98, $165.93,39.68769901522233,40.16786619757071,39.4428566249422,39.583106994628906,130672400,0.048074104699336,0.7250095726285082,-0.1045920205934223,False,26.17548033563116,13.407626658997746,179.76445262706704,40.051028883257615,-0.46792188862870887,0.21895089385785782,40.707462310791016
2019-01-31, $166.44,40613260, $166.11, $169, $164.56,39.48564290460484,40.17261830328575,39.1171950882309,39.5640869140625,162958400,0.7201183607214778,1.0554232150548517,0.0784440094576623,True,26.17548033563116,13.38860657843134,179.25478611201493,39.525743200492855,0.03834371356964539,0.0014702403703110078,39.583106994628906
2019-01-30, $165.25,60800480, $163.25, $166.15, $160.23,38.8058000469352,39.495151246226506,38.087921443945866,39.28121566772461,244439200,6.833445364568025,1.407229802280639,0.4754156207894127,True,26.17548033563116,13.105735332093449,171.76029859488258,39.076954207818424,0.20426145990618494,0.041722744003006,39.5640869140625
2019-01-29, $154.68,39914850, $156.25, $158.13, $154.11,37.14185313626924,37.58874507388774,36.63315846080026,36.76865005493164,166348800,-1.0364564231816642,0.9555866130874832,-0.3732030813375999,False,26.17548033563116,10.59316971930048,112.21524470190461,37.89573574317234,-1.1270856882406974,1.2703221486370067,39.28121566772461
2019-01-28, $156.3,26147280, $155.79, $156.33, $153.66,37.03249899249603,37.16086324410127,36.52618381177193,37.15373229980469,104768400,-0.9254466027268872,0.6346794323293423,0.1212333073086568,True,26.17548033563116,10.978251964173527,120.5220161888799,36.944422973646645,0.2093093261580421,0.043810394016733645,36.76865005493164
2019-01-25, $157.76,33508960, $155.48, $158.13, $154.32,36.95880850768255,37.58873636724454,36.6830702104898,37.50078201293945,134142000,3.3136958310392206,0.9056661567547408,0.5419735052569052,True,26.17548033563116,11.325301677308293,128.26245808204203,37.03140051557057,0.4693814973688859,0.22031899007225744,37.15373229980469
2019-01-24, $152.7,25418110, $154.11, $154.48, $151.74,36.63314628936311,36.72109700768508,36.06978000885468,36.297977447509766,101766000,-0.7926125697623077,0.6513169988304028,-0.3351688418533456,False,26.17548033563116,10.122497111878605,102.46494777999071,36.94118843755834,-0.6432109900485727,0.4137203777192651,37.50078201293945
2019-01-23, $153.92,23046560, $154.15, $155.14, $151.7,36.64265013280645,36.87798212341248,36.060266840198814,36.58797836303711,92522400,0.4043992643745886,0.8177152832136656,-0.0546717697693424,False,26.17548033563116,10.412498027405949,108.42011517073277,36.5260055461745,0.061972816862606805,0.0038406300298862023,36.297977447509766
2019-01-22, $153.3,30273990, $156.41, $156.73, $152.62,37.17988432442107,37.25594894751966,36.2789695747918,36.44061279296875,121576000,-2.244619927091951,0.9769793727278612,-0.7392715314523173,False,26.17548033563116,10.26513245733759,105.37294436668566,36.97698041384285,-0.5363676208741026,0.28769022472214506,36.58797836303711
2019-01-18, $156.82,33259460, $157.5, $157.88, $155.9806,37.43898716508409,37.529317310673214,37.07767020986163,37.27734756469727,135004000,0.6159462556981188,0.4516471008115843,-0.1616396003868203,False,26.17548033563116,11.101867229066112,123.25145597181208,37.093859432373,0.1834881323242712,0.033667894703849253,36.44061279296875
2019-01-17, $155.86,29616190, $154.2, $157.66, $153.26,36.65454885295936,37.477019589891874,36.4311028990532,37.04914474487305,119284800,0.5938033409011778,1.0459166908386734,0.3945958919136885,True,26.17548033563116,10.873664409241886,118.2365776848137,36.876834269855976,0.17231047501707053,0.02969089980060849,37.27734756469727
2019-01-16, $154.94,30483120, $153.08, $155.88, $153,36.38830771618193,37.0538902314347,36.36929065835952,36.8304443359375,122278800,1.2216467095217176,0.6845995730751824,0.4421366197555727,True,26.17548033563116,10.65496400030634,113.52825784782408,36.62374475678971,0.20669957914778792,0.04272471601987264,37.04914474487305
2019-01-15, $153.07,28449940, $150.27, $153.39, $150.05,35.72035413413402,36.462001351236886,35.66805812501693,36.38593673706055,114843600,2.046666692343213,0.7939432262199588,0.665582602926527,True,26.17548033563116,10.210456401429386,104.25341992549033,36.11273625346597,0.2732004835945787,0.07463850423631167,36.8304443359375
2019-01-14, $150,32018540, $150.85, $151.27, $149.22,35.858226807909084,35.95806365903001,35.47076189295389,35.65617370605469,129756800,-1.503675493140122,0.4873017660761221,-0.2020531018543963,False,26.17548033563116,9.480693370423527,89.88354678399261,36.0466809196744,-0.3905072136197134,0.15249588388903249,36.38593673706055
2019-01-11, $152.29,26924630, $152.88, $153.7, $151.51,36.34076226258162,36.535680732984765,36.015100176105385,36.20051193237305,108092800,-0.9818190886474288,0.5205805568793807,-0.1402503302085733,False,26.17548033563116,10.025031596741886,100.50125851567317,36.10484202631996,0.09566990605308945,0.00915273092420696,35.65617370605469
2019-01-10, $153.8,35661200, $152.5, $153.97, $150.86,36.25043882659319,36.59986957627264,35.8605981869204,36.5594596862793,143122800,0.3196065028770123,0.7392713893522398,0.3090208596861075,True,26.17548033563116,10.383979350648136,107.82702715468689,36.23679273926181,0.3226669470174883,0.10411395869758662,36.20051193237305
2019-01-09, $153.31,45034370, $151.29, $154.53, $149.63,35.96281471962946,36.73298936707537,35.56822249255178,36.44298553466797,180396400,1.6981647871976646,1.1647668745235862,0.4801708150385053,True,26.17548033563116,10.267505199036808,105.42166301224789,36.17548628704925,0.2674992476187157,0.07155584747657896,36.5594596862793
2019-01-08, $150.75,40622910, $149.56, $151.82, $148.52,35.55158448343476,36.08880653095804,35.30436992220377,35.83445739746094,164101200,1.9063004986730407,0.7844366087542696,0.2828729140261785,True,26.17548033563116,9.658977061829777,93.2958378809538,35.86724573595033,-0.032788338489389446,0.0010750751408947774,36.44298553466797
2019-01-07, $147.93,54571440, $148.7, $148.83, $145.9,35.34715961100301,35.378062794844915,34.68157684830646,35.16412353515625,219111200,-0.2225655633207757,0.6964859465384521,-0.1830360758467577,False,26.17548033563116,8.98864319952509,80.79570656836864,35.52112288951466,-0.3569993543584076,0.12744853901231987,35.83445739746094
2019-01-04, $148.26,57423650, $144.53, $148.5499, $143.8,34.35591215580835,35.311498641777554,34.18238645663675,35.24256134033203,234428400,4.268947351135344,1.129112185140805,0.8866491845236837,True,26.17548033563116,9.06708100470087,82.21195794580736,34.64164977742189,0.6009115629101416,0.36109470643910907,35.16412353515625
2019-01-03, $142.19,91106840, $143.98, $145.72, $142,34.225166520409374,34.63877937995314,33.75450611274441,33.7996711730957,365248800,-9.960766532209798,0.8842732672087337,-0.4254953473136709,False,26.17548033563116,7.624190837464543,58.128285926078284,34.58409939486233,-0.7844282217666247,0.615327635103949,35.24256134033203
2019-01-02, $157.92,35637070, $154.89, $158.85, $154.23,36.81857144063734,37.75989619158616,36.661683377623504,37.53882598876953,148158800,0.1141172859558281,1.098212813962654,0.7202545481321891,True,26.17548033563116,11.36334565313837,129.12562443269871,35.76521281830397,1.773613170465559,3.1457036784488923,33.7996711730957
2018-12-31, $157.74,34499390, $158.53, $159.36, $156.48,37.68382412991746,37.88112207522634,37.196522325444576,37.496036529541016,140014000,0.9665375347730708,0.6845997497817606,-0.1877876003764456,False,26.17548033563116,11.320556193909855,128.15499253947078,37.63780897786426,-0.14177244832324476,0.020099427103567106,37.53882598876953
2018-12-28, $156.23,41740600, $157.5, $158.52, $154.55,37.43898254454257,37.68144554233319,36.73774518421436,37.13709259033203,169165600,0.0512421019744468,0.943700358118832,-0.3018899542105373,False,26.17548033563116,10.96161225470087,120.1569432224083,37.46358991086205,-0.32649732053001657,0.10660050031328037,37.496036529541016
2018-12-27, $156.15,51608850, $155.84, $156.77, $150.07,37.04438367014031,37.265453816149545,35.672812239071256,37.118072509765625,212468400,-0.6489895026884795,1.5926415770782896,0.0736888396253121,True,26.17548033563116,10.942592174134464,119.74032348942883,37.081223896383065,0.03684861338255985,0.0013578203082173688,37.13709259033203
2018-12-26, $157.17,58133850, $148.3, $157.23, $146.72,35.252071232061816,37.37480037184857,34.876492432675754,37.360538482666016,234330000,7.042140685209786,2.4983079391728182,2.1084672506042,True,26.17548033563116,11.185058147034855,125.10552575255079,35.90895647657345,1.4515820060925648,2.107090320411715,37.118072509765625
2018-12-24, $146.83,37169230, $148.15, $151.55, $146.59,35.216417596506616,36.02462648734003,34.845593919582576,34.902645111083984,148676800,-2.587403921111031,1.179032567757453,-0.313772485422632,False,26.17548033563116,8.727164775452824,76.16340501790454,35.97070974425519,-1.068064633171204,1.1407620606311386,37.360538482666016
2018-12-21, $150.73,95497900, $156.86, $158.16, $149.63,37.28685460935689,37.595875549010096,35.568227818141445,35.82970428466797,382978400,-3.8895571367248527,2.027647730868651,-1.457150324688918,False,26.17548033563116,9.654223949036808,93.20404005815587,36.45614512741447,-0.6264408427465042,0.39242812946095046,34.902645111083984
2018-12-20, $156.83,64398230, $160.4, $162.11, $155.3,38.12833539369746,38.53481738866487,36.91602760796268,37.27972030639648,259092000,-2.5234286671830253,1.618789780702187,-0.8486150873009848,False,26.17548033563116,11.104239970765317,123.30414532834212,37.328155049609464,-0.048434743212986575,0.0023459243501079492,35.82970428466797
2018-12-19, $160.89,47597670, $166, $167.45, $159.09,39.45948734110407,39.80416286052456,37.816925883080046,38.24480056762695,196189200,-3.1191968871036035,1.987236977444517,-1.2146867734771192,False,26.17548033563116,12.069320231995793,145.66849086246296,38.70181647222326,-0.4570159045963038,0.20886353705397787,37.27972030639648
2018-12-18, $166.07,33753490, $165.38, $167.53, $164.39,39.31212009387407,39.82319045162126,39.07678804833182,39.47613906860352,135366000,1.2992544322687705,0.7464024032894372,0.1640189747294513,True,26.17548033563116,13.300658732972362,176.90752273099397,38.944062900517004,0.5320761680865189,0.2831050486456335,38.24480056762695
2018-12-17, $163.94,43250420, $165.45, $168.35, $162.73,39.32875944469472,40.01811432265728,38.68219386191158,38.96982192993164,177151600,-0.9306445997593004,1.3359204607457045,-0.3589375147630775,False,26.17548033563116,12.79434159430048,163.69517683164736,39.386243577512445,-0.4164216475808047,0.1734069885739119,39.47613906860352
2018-12-14, $165.48,40620360, $169, $169.08, $165.28,40.17263211444055,40.1916491802834,39.28835850198743,39.335899353027344,162814800,-3.1997396297571923,0.9032906782959672,-0.8367327614132094,False,26.17548033563116,13.160419017396183,173.19662871344312,39.75767211467215,-0.42177276164480304,0.17789226246548384,38.96982192993164
2018-12-13, $170.95,31754210, $170.49, $172.57, $169.55,40.52680679610269,41.02123948791272,40.30336086904943,40.63615036010742,127594400,1.0940339037482485,0.7178786188632955,0.1093435640047317,True,26.17548033563116,14.460670024476261,209.11097755678628,40.11624782754946,0.519902532557964,0.27029864336018483,39.335899353027344
2018-12-12, $169.1,35474680, $170.4, $171.92, $169.02,40.50540546611536,40.866722318061136,40.17737118640724,40.196388244628906,142510800,0.278703108387579,0.6893511316538934,-0.3090172214864566,False,26.17548033563116,14.020907908997746,196.58585859259554,40.55783056250884,-0.3614423178799342,0.1306405491544194,40.63615036010742
2018-12-11, $168.63,45968040, $171.66, $171.79, $167,40.8049254280497,40.83582497833246,39.69720611155068,40.08467102050781,189126800,-0.5719502342927507,1.1386188667817834,-0.7202544075418871,False,26.17548033563116,13.909190684876652,193.46558550825944,40.5985626200265,-0.5138915995186863,0.26408457605587393,40.196388244628906
2018-12-10, $169.6,61759000, $165, $170.09, $163.33,39.22179661258494,40.431728740606445,38.824824924550015,40.31525421142578,248104000,0.6588100920143392,1.6069038160564304,1.0934575988408426,True,26.17548033563116,14.13977387579462,199.93320525860403,39.52986129120254,0.7853929202232379,0.6168420391367854,40.08467102050781
2018-12-07, $168.49,41678680, $173.49, $174.49, $168.3,41.23993069277843,41.47763851102162,40.00622653575494,40.0513916015625,169126400,-3.5657031042909293,1.471411975266676,-1.1885390912159297,False,26.17548033563116,13.87591126593134,192.54091346000027,40.923102810369215,-0.8717112088067154,0.759880431559265,40.31525421142578
2018-12-06, $174.72,42704910, $171.76, $174.78, $170.42,40.828693744644816,41.54657237465909,40.510166137236766,41.53231048583984,172393600,-1.1149475522887808,1.0364062374223266,0.7036167411950203,True,26.17548033563116,15.356830150208676,235.83223226235822,40.563225127064655,0.9690853587751818,0.9391264325924228,40.0513916015625
2018-12-04, $176.69,41141250, $180.95, $182.3899, $176.27,43.01322909530219,43.35552893478612,41.90075824411287,42.00059509277344,165377200,-4.398872813262422,1.45477069067325,-1.012634002528749,False,26.17548033563116,15.825114757142277,250.43425707672228,42.502697861942075,-0.502102769168637,0.2521071908068136,41.53231048583984
2018-12-03, $184.82,40537700, $184.46, $184.94, $181.21,43.8475839184316,43.96168265082732,43.07503354139538,43.93315887451172,163210000,3.4942383053306214,0.8866491094319429,0.0855749560801157,True,26.17548033563116,17.75767853888056,315.33514709021915,43.20935672540673,0.7238021491049906,0.5238895510490031,42.00059509277344
2018-11-30, $178.58,39424260, $180.29, $180.33, $177.03,42.85633792843457,42.865848271687376,42.081411801458295,42.44985961914063,158126000,-0.5402371380409221,0.7844364702290818,-0.4064783092939379,False,26.17548033563116,16.27437928350947,264.8554210635223,43.241725355332775,-0.7918657361921433,0.6270513441551251,43.93315887451172
2018-11-29, $179.55,41523580, $182.66, $182.8, $177.7,43.41970656582618,43.45298551193402,42.24067431047254,42.68043518066406,167080000,-0.7682280095197891,1.2123112014614748,-0.7392713851621195,False,26.17548033563116,16.504954845032902,272.41353443657505,43.08847816546746,-0.4080429848033944,0.16649907744726317,42.44985961914063
2018-11-28, $180.94,45941750, $176.73, $181.29, $174.93,42.01010503821361,43.09405219512892,41.582230205975,43.01085662841797,184250000,3.845293047205756,1.5118219891539155,1.000751590204359,True,26.17548033563116,16.83537629278681,283.4298949197281,42.252538965311416,0.7583176631065527,0.5750456781793831,42.68043518066406
2018-11-27, $174.24,41156140, $171.51, $174.77, $170.88,40.76926040452482,41.544190095580014,40.61950696824367,41.41820526123047,165549600,-0.2176319464324394,0.924683127336344,0.648944856705647,True,26.17548033563116,15.242724925599308,232.34066315748643,41.56132612771641,-0.14312086648594402,0.020483582423687415,43.01085662841797
2018-11-26, $174.62,44662320, $174.24, $174.95, $170.26,41.41821459606718,41.58698512821086,40.47213479849216,41.50854110717773,179994000,1.3523721631024443,1.1148503297187062,0.0903265111105469,True,26.17548033563116,15.333060771546567,235.1027526239402,41.425430292841554,0.08311081433617318,0.006907407459621849,41.41820526123047
2018-11-23, $172.29,23623970, $174.94, $176.595, $172.1,41.58460933705691,41.97920521463513,40.90951995451612,40.954681396484375,94496000,-2.5398674686775258,1.0696852601190088,-0.6299279405725358,False,26.17548033563116,14.779201060853214,218.4247839971248,41.56528892931992,-0.6106075328355445,0.37284155915551054,41.50854110717773
2018-11-21, $176.78,31096240, $179.73, $180.27, $176.55,42.723221376680144,42.85158561836727,41.96731232258113,42.0219841003418,124496800,-0.1130276391341666,0.8842732957861372,-0.7012372763383468,False,26.17548033563116,15.846503764710636,251.11168156498837,42.11174193452398,-0.08975783418217986,0.008056468797075696,40.954681396484375
2018-11-20, $176.98,67678680, $178.37, $181.47, $175.51,42.39994806836374,43.13684385464393,41.720103471884805,42.06953430175781,271300800,-4.777793645829553,1.416740382759123,-0.330413766605929,False,26.17548033563116,15.894053966126652,252.62095147814637,42.27540073010611,-0.20586642834829405,0.04238098632088329,42.0219841003418
2018-11-19, $185.86,41626820, $190, $190.7, $184.99,45.164492142823775,45.33088691476528,43.97357710314176,44.18038177490234,167701200,-3.9632019955608944,1.357309811623523,-0.9841103679214384,False,26.17548033563116,18.004901439271176,324.17647583786925,44.08993947058217,0.0904423043201632,0.008179810410741012,42.06953430175781
2018-11-16, $193.53,36191330, $190.5, $194.9695, $189.46,45.283342805851085,46.34589712406459,45.036128252088695,46.00359725952149,147713200,1.107587030264634,1.3097688719758978,0.7202544536704067,True,26.17548033563116,19.82811692389033,393.1542207474662,44.906699239131896,1.0968980203895953,1.203185267134613,44.18038177490234
2018-11-15, $191.41,46271660, $188.39, $191.97, $186.9,44.78177050498005,45.632764830183646,44.42758459138479,45.49964904785156,185915200,2.4678534220683668,1.205180238798853,0.7178785428715102,True,26.17548033563116,19.324168712220402,373.4234964183579,45.21921340747522,0.2804356403763393,0.0786441483932875,46.00359725952149
2018-11-14, $186.8,60547340, $193.9, $194.48, $185.93,46.09155124730951,46.22942223730996,44.19701936866865,44.40382766723633,243204000,-2.824722307977301,2.032402868641313,-1.6877235800731825,False,26.17548033563116,18.228347331605168,332.2726464416372,45.89446836663077,-1.49064069939444,2.2220096946911454,45.49964904785156
2018-11-13, $192.23,46725710, $191.63, $197.18, $191.4501,45.55194993542723,46.871225412365966,45.50916064244286,45.69457244873047,187531600,-0.9991119427378736,1.3620647699231083,0.1426225133032375,True,26.17548033563116,19.51909211309931,380.99495691965564,45.15966100593617,0.5349114427942965,0.2861302516322759,44.40382766723633
2018-11-12, $194.17,50991030, $199, $199.85, $193.79,47.30384878341077,47.50590184967047,46.06538963892169,46.15571975708008,204542000,-5.037437764293518,1.4405122107487855,-1.1481290263306931,False,26.17548033563116,19.980239421448918,399.2099673384214,46.751153547218735,-0.5954337901386566,0.35454139843888577,45.69457244873047
2018-11-09, $204.47,34317760, $205.55, $206.01, $202.25,48.86084706340695,48.9701906382226,48.076410468774,48.604122161865234,137463200,-1.9281424045159643,0.893780169448597,-0.2567249015417161,False,26.17548033563116,22.428641826234074,503.04397416949655,47.925272761523985,0.6788494003412495,0.46083650834367407,46.15571975708008
2018-11-08, $208.49,25289270, $209.98, $210.12, $206.75,49.9138861511166,49.947165100246615,49.146090921602585,49.5597038269043,101450400,-0.3489074819131965,0.8010741786440292,-0.354182324212303,False,26.17548033563116,23.384223491273136,546.8219082898104,49.46781982294452,0.0918840039597768,0.00844267018368028,48.604122161865234
2018-11-07, $209.95,33291640, $205.97, $210.06, $204.13,48.7904402414107,49.75928386295156,48.35457952948075,49.73322677612305,133697600,3.03281880148818,1.4047043334708107,0.9427865347123472,True,26.17548033563116,23.557746440491886,554.9674173545081,49.07196015060562,0.6612666255174275,0.4372735500232058,49.5597038269043
2018-11-06, $203.77,31774720, $201.92, $204.72, $201.69,47.83107430781383,48.49434270740384,47.77659261786653,48.26930618286133,127531600,1.0813988470170344,0.7177500895373115,0.4382318750474994,True,26.17548033563116,22.093825847230168,488.13714056773586,48.50883859421537,-0.23953241135404113,0.05737577608908157,49.73322677612305
2018-11-05, $201.59,66072170, $204.3, $204.39, $198.17,48.39485679873955,48.416175251111405,46.94277307848563,47.752906799316406,264654800,-2.838809436934686,1.473402172625775,-0.6419499994231472,False,26.17548033563116,21.577426463685246,465.58533279574436,48.3626492338884,-0.6097424345719915,0.37178583651777936,48.26930618286133
2018-11-02, $207.48,91046560, $209.55, $213.65, $205.43,49.63847450952793,50.609685619388856,48.662521147330224,49.14812850952149,365314800,-6.633073893134933,1.9471644720586312,-0.4903460000064399,False,26.17548033563116,22.97264817389033,527.7425641213467,48.99051416251788,0.15761434700360866,0.02484228238137396,47.752906799316406
2018-11-01, $222.22,52954070, $219.05, $222.36, $216.81,51.88884958968762,52.67292611590215,51.35823417541894,52.63976287841797,233292800,1.535235767850773,1.3146919404832076,0.7509132887303522,True,26.17548033563116,26.46428254278681,700.3582505044507,50.94278358265164,1.696979295766326,2.879738730259575,49.14812850952149
2018-10-31, $218.86,38016810, $216.88, $220.45, $216.62,51.37481380979864,52.22047811049344,51.31322236292952,51.84383773803711,153435600,2.606654500331129,0.9072557475639158,0.4690239282384709,True,26.17548033563116,25.66835740240595,658.8645717376482,51.8316687651854,0.012168972851711146,0.0001480839002656829,52.63976287841797
2018-10-30, $213.3,36487930, $211.15, $215.18, $209.27,50.01748223969893,50.97211353591535,49.57214787858827,50.52677917480469,146640000,0.499428277464875,1.3999656573270798,0.509296935105759,True,26.17548033563116,24.351298839173527,592.985755154734,50.67012133636016,-0.14334216155547352,0.02054697527939547,51.84383773803711
2018-10-29, $212.24,45713690, $219.19, $219.69, $206.09,51.92201247556305,52.04045312499331,48.8188660146814,50.27568817138672,183742000,-1.8770235885804727,3.221587110311916,-1.646324304176332,False,26.17548033563116,24.10020783575556,580.8200177266136,51.44731614066235,-1.171627969275633,1.3727120983889438,50.52677917480469
2018-10-26, $216.3,47191700, $215.9, $220.19, $212.67,51.142672067536914,52.15889488542669,50.37754646798605,51.2374267578125,189033600,-1.5923383247657408,1.7813484174406398,0.094754690275586,True,26.17548033563116,25.06194642218134,628.1011584682881,50.85252183905095,0.3849049187615492,0.1481517964868348,50.27568817138672
2018-10-25, $219.8,29027340, $217.71, $221.38, $216.75,51.571420652025175,52.4407744415898,51.3440130522694,52.06650161743164,119423200,2.189751347064739,1.096761389320399,0.4950809654064656,True,26.17548033563116,25.89102128180048,670.3449830146453,51.468266179971785,0.5982354374598557,0.357885638632785,51.2374267578125
2018-10-24, $215.09,39992120, $222.6, $224.23, $214.54,52.729786809714994,53.11590092930237,50.82052020643141,50.9508056640625,163702000,-3.430146497685216,2.29538072287096,-1.7789811456524944,False,26.17548033563116,24.77532532843134,613.8167451296115,52.51203227309405,-1.56122660903155,2.4374285247481526,52.06650161743164
2018-10-23, $222.73,38681170, $215.83, $223.25, $214.7,51.12609101465835,52.88374981323003,50.8584139910956,52.76057052612305,155071200,0.9426710033532348,2.02533582213443,1.634479511464697,True,26.17548033563116,26.585090190491886,706.7670204365879,51.07824411472752,1.682326411395529,2.8302221544789585,50.9508056640625
2018-10-22, $220.65,28751540, $219.79, $223.36, $218.94,52.06413853844261,52.909806501448585,51.86279160524243,52.26785659790039,115168400,0.6110146981009867,1.0470148962061572,0.2037180594577776,True,26.17548033563116,26.09237626226923,680.8120990118308,52.322282128500916,-0.05442553060052546,0.0029621383811487337,52.76057052612305
2018-10-19, $219.31,32874330, $218.06, $221.26, $217.43,51.65433023008418,52.4123495869144,51.505093870239605,51.95043182373047,132314800,1.5229757662011734,0.907255716674797,0.2961015936462914,True,26.17548033563116,25.77495148809931,664.3481242138728,51.883162901563026,0.06726892216744318,0.004525107889569529,52.26785659790039
2018-10-18, $216.02,32389280, $217.86, $219.74, $213,51.60696904538655,52.05230712268696,50.45572558464888,51.17110824584961,130325200,-2.337338457477034,1.5965815380380803,-0.4358607995369397,False,26.17548033563116,24.99562791021845,624.7814146260915,51.741162766314766,-0.5700545204651561,0.32496215630275915,51.95043182373047
2018-10-17, $221.19,22692880, $222.3, $222.64, $219.34,52.65871322646053,52.7392520002313,51.95754299454812,52.395774841308594,91541600,-0.4321322812498862,0.781709005683183,-0.2629383851519336,False,26.17548033563116,26.220294505677433,687.5038439644582,52.15213856685021,0.24363627445838176,0.059358634231959924,51.17110824584961
2018-10-16, $222.15,28802550, $218.93, $222.99, $216.7627,51.86041853976065,52.82215960325249,51.34638657960489,52.62317657470703,116736000,2.20371990023267,1.475773023647598,0.7627580349463798,True,26.17548033563116,26.44769623907587,699.4806363544279,52.06200144799829,0.5611751267087399,0.3149175228365703,52.395774841308594
2018-10-15, $217.36,30280450, $221.16, $221.83, $217.27,52.38866351212896,52.54737353222936,51.46719549932301,51.4885139465332,123164000,-2.138588684596332,1.0801780329063462,-0.9001495655957541,False,26.17548033563116,25.313033610902043,640.7496705866565,52.48520071390092,-0.99668676736772,0.9933845122459156,52.62317657470703
2018-10-12, $222.11,39494770, $220.42, $222.88, $216.84,52.21337471372891,52.79610429097438,51.36533924220412,52.61370468139648,161351600,3.5719118526758686,1.4307650487702546,0.4003299676675667,True,26.17548033563116,26.438224345765317,698.979706557018,51.97371193115767,0.6399927502388039,0.40959072035822797,51.4885139465332
2018-10-11, $214.45,52902320, $214.52, $219.5, $212.32,50.81578539388251,51.995453439346754,50.29464717570925,50.79920196533203,212497600,-0.8827561588283794,1.700806263637503,-0.0165834285504757,False,26.17548033563116,24.62372162970087,606.3276668969985,51.45898411335377,-0.6597821480217405,0.4353124828481819,52.61370468139648
2018-10-10, $216.36,41084070, $225.46, $226.35, $216.05,53.407249758837416,53.618073932849306,51.178196264433616,51.25162887573242,167962400,-4.632626083470348,2.43987766841569,-2.1556208831049943,False,26.17548033563116,25.07614854010126,628.8132256052227,52.50865311813743,-1.2570242424050093,1.5801099459938877,50.79920196533203
2018-10-09, $226.87,26656630, $223.64, $227.27, $222.2462,52.976134925197805,53.83601521931259,52.64687005570699,53.74126052856445,107564000,1.3853456624539406,1.189145163605602,0.7651256033666485,True,26.17548033563116,27.565780192933293,759.8722376451134,52.386776948152985,1.3544835804114683,1.8346257696042705,51.25162887573242
2018-10-08, $223.77,28784550, $222.21, $224.8, $220.2,52.63739704276325,53.25091876301774,52.16126330037392,53.00693130493164,118655600,-0.2318251701622475,1.0896554626438189,0.3695342621683934,True,26.17548033563116,26.83145096930048,719.9267611179757,53.038645410107144,-0.03171410517550299,0.0010057844670828657,53.74126052856445
2018-10-05, $224.29,33507770, $227.96, $228.41, $220.58,53.99945772125052,54.106053573442246,52.25127273302901,53.13010025024414,134322000,-1.622899637852704,1.854780840413234,-0.8693574710063814,False,26.17548033563116,26.95461991461298,726.5515347412506,53.667193348795905,-0.5370930985517646,0.28846899651193547,53.00693130493164
2018-10-04, $227.99,31961120, $230.78, $232.35, $226.73,54.66747000693128,55.03937540931181,53.70809995089933,54.00657272338867,128168000,-1.758077748763376,1.3312754584124775,-0.6608972835426101,False,26.17548033563116,27.83109238775751,774.5697034958941,54.144773678556206,-0.13820095516753383,0.0190995040092187,53.13010025024414
2018-10-03, $232.07,28540490, $230.05, $233.47, $229.78,54.49454032674915,55.30467388755188,54.430581367745326,54.97304153442383,114619200,1.2168480888250732,0.8740925198065526,0.4785012076746753,True,26.17548033563116,28.797561198792668,829.299530998209,54.33935508461078,0.6336864498130481,0.40155851667666476,54.00657272338867
2018-10-02, $229.28,24435010, $227.25, $230, $226.63,53.83127647394593,54.48270006163944,53.68441122173111,54.3121452331543,99152800,0.8888571747242668,0.7982888399083308,0.48086875920837,True,26.17548033563116,28.136664897523136,791.6719115555106,54.24658208498666,0.06556314816763376,0.004298526397651097,54.97304153442383
2018-10-01, $227.26,23171020, $227.95, $229.42, $226.35,53.99708972184782,54.34530550981975,53.61808182382863,53.833641052246094,94403200,0.6733377662752504,0.7272236859911203,-0.1634486696017276,False,26.17548033563116,27.658160716614933,764.9738542261015,54.12289273223833,-0.28925167999223333,0.08366653437832935,54.3121452331543
2018-09-28, $225.74,22560440, $224.79, $225.84, $224.02,53.24854310635677,53.497269181508,53.06614711716459,53.47358322143555,91717600,0.351191755408986,0.4311220643434126,0.2250401150787766,True,26.17548033563116,27.298102885804386,745.1864211639618,53.46845789342835,0.005125328007196117,2.626898718134892e-05,53.833641052246094
2018-09-27, $224.95,29729270, $223.82, $226.44, $223.54,53.018772217071486,53.63940004203078,52.95244213031854,53.28644561767578,120724800,2.055164072886484,0.6869579117122413,0.2676734006042949,True,26.17548033563116,27.11096528204462,735.0044385242288,53.19289514827097,0.0935504694048106,0.008751690325860404,53.47358322143555
2018-09-26, $220.42,23430370, $221, $223.75, $219.76,52.35076667766207,53.00219024491804,52.057032567926086,52.213375091552734,95938800,-0.7966247977145735,0.945157676991954,-0.137391586109338,False,26.17548033563116,26.037894755921574,677.9719633204483,52.69290986058349,-0.47953476903075654,0.229953594709381,53.28644561767578
2018-09-25, $222.19,22811140, $219.75, $222.82, $219.7,52.05466892569171,52.78189629707581,52.04282413704768,52.632659912109375,98217600,0.6341026715635856,0.7390721600281296,0.5779909864176673,True,26.17548033563116,26.457179576478214,699.982351142016,52.12443152606696,0.5082283860424184,0.2582960923792814,52.213375091552734
2018-09-24, $220.79,27581270, $216.82, $221.26, $216.63,51.36060237729222,52.41235225527132,51.31559435444317,52.30101776123047,110773600,1.4380103752313245,1.0967579008281518,0.9404153839382516,True,26.17548033563116,26.12553742559931,682.5437057763901,51.81993827262232,0.4810794886081453,0.23143747435947462,52.632659912109375
2018-09-21, $217.66,95584080, $220.78, $221.36, $217.29,52.29865408419949,52.4360456744624,51.47193703080643,51.55958557128906,384986800,-1.077133648052031,0.9641086436559688,-0.7390685129104284,False,26.17548033563116,25.384105235657902,644.352798614955,52.313806496190196,-0.7542209249011336,0.5688492035587214,52.30101776123047
2018-09-20, $220.03,26388050, $220.24, $222.28, $219.15,52.17074505190675,52.653981371303495,51.91254165699373,52.12099838256836,106435200,0.7602144553134904,0.7414397143097631,-0.0497466693383898,False,26.17548033563116,25.9455180469372,673.1699067239439,51.97088598920736,0.1501123933609989,0.022533730640567268,51.55958557128906
2018-09-19, $218.37,26869880, $218.5, $219.62, $215.3,51.75855221885172,52.02385805756023,51.000532955026735,51.72775650024414,108495200,0.0595407986923257,1.023325102533498,-0.0307957186075782,False,26.17548033563116,25.55227616461298,652.9188171926486,51.899495143804195,-0.17173864356005453,0.02949416169184746,52.12099838256836
2018-09-18, $218.24,31495630, $217.79, $221.85, $217.12,51.59037623243215,52.55211733723163,51.43166619672579,51.69697570800781,126286800,0.16521431851515,1.1204511405058355,0.1065994755756634,True,26.17548033563116,25.521495372376652,651.3467260422428,51.65236479229895,0.04461091570886566,0.001990133800383517,51.72775650024414
2018-09-17, $217.88,36810120, $222.15, $222.95, $217.27,52.6231864653548,52.81269225388577,51.46720802290819,51.6117057800293,148780400,-2.662593416852077,1.3454842309775827,-1.0114806853255018,False,26.17548033563116,25.436225444398136,647.0015648582472,52.31325486779309,-0.7015490877637944,0.4921711225422121,51.69697570800781
2018-09-14, $223.84,31801970, $225.75, $226.84, $222.522,53.47595028807236,53.73415002219959,52.71082474673653,53.02350616455078,127997200,-1.1351418710401906,1.0233252754630655,-0.4524441235215803,False,26.17548033563116,26.84802582891962,720.8164909103351,52.837965874667404,0.18554028988337734,0.0344251991700077,51.6117057800293
2018-09-13, $226.41,41411350, $223.52, $228.35, $222.57,52.947721982121216,54.09185937132817,52.722685415648726,53.63230895996094,166825600,2.415545928852181,1.369173955679443,0.6845869778397216,True,26.17548033563116,27.456828624329777,753.877438105815,52.989018757476046,0.6432902024848914,0.41382228461305265,53.02350616455078
2018-09-12, $221.07,49118510, $224.94, $225, $219.84,53.284081020445285,53.29829332034055,52.07598492604216,52.36735153198242,197114800,-1.2419193982569854,1.2223083942983877,-0.9167294884628632,False,26.17548033563116,26.19187119635126,686.0141167662548,53.4210392892562,-1.053687757273778,1.110257889828644,53.63230895996094
2018-09-11, $223.85,35644510, $218.01, $224.299, $216.56,51.64250055303681,53.13248623233808,51.29902332681657,53.0258903503418,142996000,2.52831632410333,1.8334629055215144,1.3833897973049858,True,26.17548033563116,26.850410014710636,720.9445179580732,51.910324466959295,1.1155658833825015,1.2444872401669809,52.36735153198242
2018-09-10, $218.33,39194720, $220.95, $221.85, $216.47,52.33891619608954,52.55211150907524,51.27768911221937,51.71828842163086,158066000,-1.3421047422834231,1.2744223968558686,-0.6206277744586828,False,26.17548033563116,25.5428080859997,652.4350449182116,52.59392598282628,-0.8756375611954184,0.76674113857626,53.0258903503418
2018-09-07, $221.3,37418910, $221.85, $225.37, $220.71,52.55212995032294,53.38594971584452,52.2820853507292,52.42184448242188,150479200,-0.8067869687854667,1.1038643651153208,-0.1302854679010607,False,26.17548033563116,26.24636414679072,688.8716309259414,52.27451051385343,0.1473339685684536,0.021707298294130074,51.71828842163086
2018-09-06, $223.1,34121240, $226.23, $227.35, $221.3,53.58965298703606,53.85496248853449,52.42182996748417,52.84821701049805,137160000,-1.661746504051087,1.433132521050318,-0.7414359765380141,False,26.17548033563116,26.672736674866886,711.4348817267891,53.19571659798095,-0.34749958748290055,0.12075596330078606,52.42184448242188
2018-09-05, $226.87,33290830, $228.99, $229.67, $225.1,54.24345135322492,54.40452890571395,53.321983221015245,53.74126052856445,133332000,-0.6524747094120209,1.082545684698708,-0.5021908246604667,False,26.17548033563116,27.565780192933293,759.8722376451134,53.770270655403806,-0.02901012683935278,0.0008415874592353365,52.84821701049805
2018-09-04, $228.36,27363960, $228.41, $229.18, $226.63,54.10605636578428,54.288452356795226,53.68440795836104,54.09421157836914,109560400,0.3207042646408586,0.6040443984341834,-0.0118447874151428,False,26.17548033563116,27.91873124273798,779.4555542042337,53.99376666081691,0.10044491755223106,0.010089181462074496,53.74126052856445
2018-08-31, $227.63,43177540, $226.51, $228.87, $226,53.65597424619973,54.215014178392295,53.53516610179944,53.92128372192383,173360400,1.15539998063503,0.6798480765928545,0.265309475724095,True,26.17548033563116,27.745803386292668,769.8296055508097,53.82470724981981,0.09657647210401876,0.009327014964058314,54.09421157836914
2018-08-30, $225.03,48696960, $223.25, $228.26, $222.4,52.883744837114136,54.07051872797575,52.68239430681936,53.30539321899414,195175200,0.919365986369014,1.388124421156391,0.4216483818800043,True,26.17548033563116,27.12991288336298,736.0321730588646,53.26191940710187,0.04347381189226951,0.0018899723204444338,53.92128372192383
2018-08-29, $222.98,27074260, $220.15, $223.49, $219.41,52.14941162490679,52.94059783620013,51.974121793425,52.819786071777344,109019200,1.4929436317353997,0.9664760427751348,0.6703744468705537,True,26.17548033563116,26.644305736146183,709.9190281612324,52.56859920550254,0.25118686627480713,0.06309484178895784,53.30539321899414
2018-08-28, $219.7,22751390, $219.01, $220.54, $218.92,51.87936750162545,52.241795568558736,51.85804905404619,52.042816162109375,91107200,0.8075562854686691,0.3837465145125449,0.1634486604839224,True,26.17548033563116,25.867335826478214,669.1190627598033,52.22286321580212,-0.18004705369274632,0.032416941543438674,52.819786071777344
2018-08-27, $217.94,20400770, $217.15, $218.74, $216.33,51.43876965842527,51.81541364909847,51.24452888402544,51.62590789794922,82100400,0.8234590315498336,0.5708847650730249,0.1871382395239464,True,26.17548033563116,25.45042756231806,647.7242631047988,51.664140596323215,-0.03823269837399579,0.00146173922495694,52.042816162109375
2018-08-24, $216.16,18457720, $216.6, $216.9, $215.11,51.308490128285406,51.37955162542493,50.955535696231685,51.20426177978516,73905600,0.3108968284667446,0.4240159291932457,-0.1042283485002428,False,26.17548033563116,25.028781444154003,626.4399005792277,51.433364905033436,-0.22910312524827248,0.05248824199852563,51.62590789794922
2018-08-23, $215.49,18505780, $214.65, $217.05, $214.6,50.84657966570973,51.415097066976905,50.83473848998287,51.04556274414063,75532800,0.2046209054196168,0.5803585769940369,0.1989830784308992,True,26.17548033563116,24.87008240850947,618.5209990060523,50.98525810199847,0.0603046421421638,0.0036366498638944382,51.20426177978516
2018-08-22, $215.05,18965930, $214.1, $216.36, $213.84,50.71628962107403,51.25164007732442,50.654698167539145,50.94132614135742,76072400,0.0046280538696263,0.5969419097852722,0.225036520283389,True,26.17548033563116,24.76584580572626,613.347118473009,50.84493080338795,0.09639533796946864,0.009292061182248082,51.04556274414063
2018-08-21, $215.04,25682700, $216.8, $217.19, $214.025,51.35588218657615,51.44826577710055,50.69971977388995,50.93896865844727,104639200,-0.1949112454251556,0.748546003210599,-0.4169135281288803,False,26.17548033563116,24.763488322816112,613.2303539142499,51.22436462105563,-0.2853959626083551,0.08145085547314962,50.94132614135742
2018-08-20, $215.46,30149410, $218.1, $219.18, $215.11,51.66381484377017,51.91964347624076,50.955538429933824,51.03844833374024,121150800,-0.9743346675976428,0.9641050463069334,-0.6253665100299273,False,26.17548033563116,24.86296799810908,618.1671776749963,51.42379828262216,-0.38534994888191676,0.14849458310329586,50.93896865844727
2018-08-17, $217.58,35034410, $213.44, $217.95, $213.16,50.55993822473201,51.628271438053176,50.49361175911019,51.540626525878906,141708000,1.9969903070493844,1.134659678942988,0.9806883011468984,True,26.17548033563116,25.365146190247746,643.3906412526397,50.74075764161002,0.7998688842688892,0.6397902320215577,51.03844833374024
2018-08-16, $213.32,27595310, $211.75, $213.8121, $211.47,50.15961167949677,50.64758654419464,50.09328520941288,50.531517028808594,114001600,1.4650018069325643,0.5543013347817549,0.3719053493118238,True,26.17548033563116,24.356036693177433,593.2165233994056,50.65633293597048,-0.12481590716188862,0.015579010680645199,51.540626525878906
2018-08-15, $210.24,28595230, $209.22, $210.74, $208.33,49.56029812948135,49.92035866127431,49.34947395001151,49.80191802978516,115230400,0.2335996550593355,0.5708847112627993,0.2416199003038102,True,26.17548033563116,23.626437694154003,558.2085581157411,49.91306928555862,-0.11115125577345708,0.012354601660016475,50.531517028808594
2018-08-14, $209.75,20679270, $210.155, $210.56, $208.26,49.7829742500463,49.8777253230472,49.33289761698768,49.68585205078125,82992000,0.4212963480531018,0.5448277060595217,-0.0971221992650512,False,26.17548033563116,23.51037171515009,552.7375781845294,49.80229211337989,-0.1164400625986417,0.013558288177975598,49.80191802978516
2018-08-13, $208.87,25864510, $207.7, $210.952, $207.7,49.58163391858709,49.970119181177054,49.200254807210406,49.4774055480957,103563600,0.6457131346089051,0.769864373966648,-0.1042283704913842,False,26.17548033563116,23.301925212464543,542.9797186072907,49.63069340210642,-0.15328785401071343,0.023497166187209793,49.68585205078125
2018-08-10, $207.53,24592460, $207.36, $209.1, $206.67,49.11970375953087,49.53187849965724,48.95625509336832,49.15997314453125,98444800,-0.2978841429283729,0.5756234062889192,0.0402693850003785,True,26.17548033563116,22.98449280890009,528.2869096823799,49.25726136191522,-0.09728821738396931,0.009464997241750468,49.4774055480957
2018-08-09, $208.88,23389530, $207.28, $209.78, $207.2,49.46028374954723,49.519297117606335,48.91027872700954,49.30685043334961,93970400,0.7865022840036984,0.6090183905967947,-0.1534333161976206,False,26.17548033563116,23.13137009771845,535.0602825976232,49.36755046004108,-0.06070002669147101,0.003684493240345293,49.15997314453125
2018-08-08, $207.25,22493750, $206.05, $207.81, $204.52,48.638813761264295,49.05426653375146,48.27765227337783,48.92207717895508,90102000,0.0676031808763522,0.776614260373627,0.2832634176907831,True,26.17548033563116,22.746596843323918,517.4076679527136,48.88477308489986,0.03730409405521584,0.00139159543328039,49.30685043334961
2018-08-07, $207.11,25525650, $209.32, $209.5, $206.76,49.41070631349122,49.4531942025148,48.80640649955824,48.8890266418457,102349600,-0.9374867147191268,0.6467877029565585,-0.521679671645515,False,26.17548033563116,22.713546306214543,515.9051858045523,49.25196935724844,-0.36294271540273826,0.13172741466391305,48.92207717895508
2018-08-06, $209.07,25396100, $208, $209.25, $207.07,49.099113301413,49.39418008808014,48.87958534103959,49.35169219970703,101701600,0.5192604840603909,0.5145947470405474,0.2525788982940327,True,26.17548033563116,23.17621186407587,537.1367963685311,49.03775118538033,0.3139410143267014,0.09855896047647814,48.8890266418457
2018-08-03, $207.99,33408050, $207.03, $208.74, $205.4803,48.87013929851241,49.27379223190768,48.50425577680465,49.09675216674805,133789600,0.2893022304799153,0.7695364551030295,0.2266128682356338,True,26.17548033563116,22.921271831116886,525.3847023559524,49.05092114565004,0.04583102109801018,0.0021004824948862547,49.35169219970703
2018-08-02, $207.39,62317430, $200.58, $208.38, $200.35,47.34760051436628,49.18881810901228,47.29330923044903,48.95512390136719,249616000,2.9230755535067043,1.8955088785632483,1.60752338700091,True,26.17548033563116,22.779643565736027,518.9121609819788,47.97145019630958,0.9836737050576048,0.9676139580217556,49.09675216674805
2018-08-01, $201.5,67812280, $199.13, $201.76, $197.31,47.005324226036834,47.62614234463773,46.57570522201476,47.56476974487305,271742800,5.891028745131055,1.0504371226229663,0.5594455188362133,True,26.17548033563116,21.389289409241886,457.50170143230713,47.699240915162676,-0.13447117028962907,0.01808249563906242,48.95512390136719
2018-07-31, $190.29,37847260, $190.3, $192.14, $189.34,44.92096482906494,45.35530224080693,44.69435196969696,44.918601989746094,157492000,0.200082899145304,0.660950271109968,-0.0023628393188488,False,26.17548033563116,18.743121654114933,351.3046093409521,45.85664257194677,-0.9380405822006779,0.8799201338553867,47.56476974487305
2018-07-30, $189.91,20912890, $191.9, $192.2, $189.07,45.29865102564653,45.36946777385099,44.6306229994785,44.82890701293945,84118000,-0.5602799563575123,0.7388447743724953,-0.4697440127070749,False,26.17548033563116,18.653426677308293,347.9503268057167,45.17526623250202,-0.3463592195625651,0.11996470897598918,44.918601989746094
2018-07-27, $190.98,23975350, $194.99, $195.19, $190.1,46.02806625919059,46.07527623163018,44.87376496387609,45.08148956298828,96096000,-1.6631285555852915,1.2015112677540856,-0.9465766962023068,False,26.17548033563116,18.90600922735712,357.4371849049126,45.61820910432349,-0.5367195413352093,0.2880678660510774,44.82890701293945
2018-07-26, $194.21,19005150, $194.61, $195.96, $193.61,45.93835302616852,46.25702656183616,45.70229962253,45.84393310546875,76304000,-0.3131443396242828,0.554726939306164,-0.0944199206997709,False,26.17548033563116,19.66845276983759,386.84803435933196,45.64834951306139,0.19558359240735967,0.0382529416189682,45.08148956298828
2018-07-25, $194.82,16553500, $193.06, $194.85, $192.43,45.5724853025433,45.9950230583522,45.42377045417711,45.98794174194336,66839600,0.9430084516740987,0.5712526041750934,0.4154564394000601,True,26.17548033563116,19.8124614063122,392.5336269766104,45.677510127599675,0.3104316143436847,0.0963677871840262,45.84393310546875
2018-07-24, $193,18680930, $192.45, $193.6601, $192.05,45.42849276850689,45.71411907207885,45.334072814638176,45.55832290649414,74791600,0.7254386017439662,0.3800462574406751,0.1298301379872484,True,26.17548033563116,19.38284257086298,375.6945861268582,45.63431543156619,-0.07599252507205279,0.005774863866826571,45.98794174194336
2018-07-23, $191.61,15955820, $190.68, $191.96, $189.56,45.010673935781,45.31282569115405,44.746295201955945,45.23020553588867,63957600,0.0888124956420988,0.566530489198108,0.2195316001076719,True,26.17548033563116,19.05472520025751,363.08255245732863,45.212089996359786,0.01811553952888545,0.0003281727724226112,45.55832290649414
2018-07-20, $191.44,20670830, $191.78, $192.43, $190.17,45.270328411060994,45.42376170622383,44.89028222878679,45.19007110595703,82704800,-0.2293167308065169,0.5334794774370408,-0.080257305103963,False,26.17548033563116,19.01459077032587,361.5546621629618,45.2660072301098,-0.07593612415276851,0.005766294951344674,45.23020553588867
2018-07-19, $191.88,20182050, $189.69, $192.55, $189.69,44.7769800450885,45.45209306427996,44.7769800450885,45.29393768310547,81147200,0.7772989758149551,0.6751130191914569,0.5169576380169687,True,26.17548033563116,19.11845734747431,365.51541134719434,44.93110549263995,0.36283219046551807,0.13164719843800599,45.19007110595703
2018-07-18, $190.4,16365720, $191.78, $191.8, $189.93,45.2703388676979,45.27506094611522,44.83363846230348,44.944583892822266,65573600,-0.5484292337463059,0.4414224838117349,-0.3257549748756361,False,26.17548033563116,18.769103557191105,352.2792483405638,45.28834052165783,-0.343756628835564,0.11816861986839172,45.29393768310547
2018-07-17, $191.45,15515000, $189.75, $191.87, $189.2,44.79114225786405,45.29157442060409,44.66131213963721,45.19243240356445,62138000,0.2828710997613948,0.6302622809668819,0.4012901457004005,True,26.17548033563116,19.016952067933293,361.64446595407236,44.854317196878974,0.33811520668547956,0.11432189299196456,44.944583892822266
2018-07-16, $190.91,15009800, $191.52, $192.65, $190.415,45.20894938696994,45.47568728682713,44.94928919926209,45.06495666503906,60172400,-0.2195194424628455,0.5263980875650418,-0.1439927219308785,False,26.17548033563116,18.889476329407902,356.81231599926144,45.212857681551576,-0.1479010165125132,0.0218747106854347,45.19243240356445
2018-07-13, $191.33,12506830, $191.08, $191.84, $190.9,45.10508729280088,45.28448659280294,45.06259580481476,45.164100646972656,50055600,0.1570349553567496,0.2218907879881797,0.0590133541717747,True,26.17548033563116,18.988620311341496,360.5677013282908,45.10065548623423,0.06344516073842499,0.004025288421124583,45.06495666503906
2018-07-12, $191.03,18000180, $189.53, $191.41, $189.31,44.73920826110805,45.182989881568,44.68727621608019,45.09328842163086,72164400,1.6766022883339282,0.4957136654878056,0.3540801605228125,True,26.17548033563116,18.9178080859997,357.88346277871557,44.89744325356427,0.19584516806659025,0.03835532985503098,45.164100646972656
2018-07-11, $187.88,18776390, $188.5, $189.7799, $187.61,44.49607197660276,44.79822008171447,44.28598456598775,44.3497200012207,75326000,-1.2976047928593526,0.5122355157267222,-0.1463519753820534,False,26.17548033563116,18.174239665589543,330.3029874222883,44.71451633675051,-0.3647963355298103,0.13307636641597792,45.09328842163086
2018-07-10, $190.35,15801370, $190.71, $191.28, $190.1801,45.01774915035912,45.15229772629047,44.89263752447302,44.93276977539063,63756400,-0.1207062677630377,0.2596602018174536,-0.0849793749684906,False,26.17548033563116,18.75728943975947,351.8359071269122,44.79329642113231,0.13947335425832108,0.01945281654806713,44.3497200012207
2018-07-09, $190.58,19636390, $189.5, $190.68, $189.3,44.73213380407821,45.01067517748654,44.68492382914852,44.9870719909668,79026400,1.388529832955654,0.3257513483380236,0.2549381868885874,True,26.17548033563116,18.811591655335636,353.87598060709337,44.81180321340546,0.1752687775613353,0.030719144387844833,44.93276977539063
2018-07-06, $187.97,17426160, $185.42, $188.434, $185.2,43.76903083923939,44.47955043635213,43.71709879140897,44.37096786499024,69940800,1.386204461954854,0.7624516449431553,0.6019370257508498,True,26.17548033563116,18.19548752935908,331.0757664310618,44.20448621481573,0.16648165017451078,0.027716139844828184,44.9870719909668
2018-07-05, $185.4,16543880, $185.26, $186.41, $184.28,43.7312577781433,44.00272138770652,43.49992642192377,43.764305114746094,66416800,0.8046854358359168,0.5027949657827548,0.0330473366027916,True,26.17548033563116,17.588824779114933,309.3667571104075,43.9640889503767,-0.19978383563060476,0.0399135809792765,44.37096786499024
2018-07-03, $183.92,13954810, $187.79, $187.95, $183.54,44.32847704929608,44.36624646682203,43.325249858311246,43.41495132446289,55819200,-1.7416323676601395,1.0409966085107811,-0.9135257248331924,False,26.17548033563116,17.23947098883173,297.19935997477086,44.139957202451335,-0.7250058779884441,0.5256335231177947,43.764305114746094
2018-07-02, $187.18,17675210, $183.82, $187.3, $183.42,43.39134644867132,44.21281143744813,43.29692290853678,44.18448257446289,70925200,1.1182488511608302,0.9158885289113528,0.7931361257915697,True,26.17548033563116,18.00900223883173,324.32416163824627,43.40812316066628,0.7763594137966123,0.6027339393906195,43.41495132446289
2018-06-29, $185.11,22551660, $186.29, $187.19, $182.91,43.97439552855281,44.18684579426581,43.17653731841848,43.69585418701172,90950800,-0.2102408635652364,1.0103084758473244,-0.2785413415410929,False,26.17548033563116,17.52037385138056,306.9634998921396,44.056880978854004,-0.3610267918422849,0.13034034442793252,44.18448257446289
2018-06-28, $185.5,17352380, $184.1, $186.21, $183.8,43.45744089215349,43.95551380777959,43.3866241379058,43.78791427612305,69460800,0.7276441234845832,0.5688896698737906,0.3304733839695544,True,26.17548033563116,17.612433940491886,310.19782930819053,43.54951193107313,0.23840234504991997,0.0568356781253011,43.69585418701172
2018-06-27, $184.16,24987260, $185.228, $187.28, $184.03,43.7241710335686,44.20808123235867,43.44090766902219,43.47159576416016,101141200,-0.1463830437508639,0.7671735633364847,-0.2525752694084389,False,26.17548033563116,17.296115428529003,299.15560891699903,43.75522627000061,-0.28363050584044913,0.08044626384330905,43.78791427612305
2018-06-26, $184.43,24378480, $182.99, $186.53, $182.54,43.19541024763177,44.03103764627722,43.08918334279743,43.53532409667969,98276800,1.24058375840983,0.9418543034797864,0.3399138490479174,True,26.17548033563116,17.359843761048527,301.36417540801546,43.300542442045824,0.23478165463386347,0.055122425352614746,43.47159576416016
2018-06-25, $182.17,31632320, $183.4, $184.92, $180.73,43.29219481975623,43.65099701866678,42.66193263466796,43.00185012817383,126652400,-1.4871471256852176,0.9890643839988158,-0.2903446915824048,False,26.17548033563116,16.826369792542668,283.1267203953924,43.38581003709164,-0.3839599089178094,0.14742521165617248,43.53532409667969
2018-06-22, $184.92,27185130, $186.12, $186.15, $184.7,43.93426821899007,43.94134953454159,43.599072742622056,43.651004791259766,108801600,-0.2911488078609525,0.3422767919195308,-0.2832634277303043,False,26.17548033563116,17.475524455628605,305.39395499927343,43.616487836115176,0.03451695514458919,0.001191420192453582,43.00185012817383
2018-06-21, $185.46,25649240, $187.25, $188.35, $184.94,44.20099927334401,44.46065945482421,43.65571649412463,43.778465270996094,102847600,-0.5576305458911412,0.8049429606995773,-0.4225340023479162,False,26.17548033563116,17.602984935364933,309.8650786346848,44.01736278864166,-0.23889751764556877,0.05707202393721484,43.651004791259766
2018-06-20, $186.5,20490090, $186.35, $187.2, $185.73,43.988549731836606,44.18919294793658,43.84219418386442,44.023956298828125,82514800,0.4362127891292422,0.3469987640721612,0.0354065669915186,True,26.17548033563116,17.848475963196964,318.5680942088198,43.92385096236841,0.10010533645971265,0.010021078387712275,43.778465270996094
2018-06-19, $185.69,33538550, $185.14, $186.33, $183.45,43.70292214982932,43.98382624525081,43.303991365702245,43.8327522277832,134314000,-1.6160139310541943,0.6798348795485651,0.1298300779538834,True,26.17548033563116,17.657271892152043,311.7792506733826,43.82409703607022,0.008655191712982457,7.491234358848021e-05,44.023956298828125
2018-06-18, $188.74,18458410, $187.88, $189.22, $187.2,44.34972444416655,44.66603521059808,44.18920622118241,44.552730560302734,73939600,-0.0529719896270708,0.4768289894156723,0.2030061161361871,True,26.17548033563116,18.377250224671574,337.7233258201914,44.177753363590796,0.37497719671193863,0.1406078980539439,43.8327522277832
2018-06-15, $188.84,61438290, $190.03, $190.16, $188.26,44.85724778688508,44.88793589549575,44.4394320696633,44.57634353637695,246876800,-1.027238423187371,0.4485038258324536,-0.2809042505081294,False,26.17548033563116,18.400863200745793,338.5917665325607,44.76003485816632,-0.1836913217893681,0.03374250170072517,44.552730560302734
2018-06-14, $190.8,21584720, $191.55, $191.57, $190.22,45.21604156210974,45.22076363989936,44.90209002406459,45.03900146484375,86440400,0.0524553421995088,0.3186736158347685,-0.1770400972659871,False,26.17548033563116,18.86352112921259,355.8324293922498,45.00164321701651,0.03735824782724251,0.0013956386807216696,44.57634353637695
2018-06-13, $190.7,21480120, $192.42, $192.88, $190.44,45.42140067749612,45.52998684038837,44.95401589350231,45.01538848876953,86553600,-0.821723466869384,0.5759709468860592,-0.4060121887265921,False,26.17548033563116,18.83990815313837,354.94213921868965,45.29727273707555,-0.2818842483060209,0.07945872944305044,45.03900146484375
2018-06-12, $192.28,16859020, $191.385, $192.611, $191.15,45.17826783713931,45.46625332272547,45.12161371473412,45.38835525512695,67644400,0.5490855897462232,0.344639607991354,0.2100874179876442,True,26.17548033563116,19.212874919495793,369.13456267219044,45.130882786632014,0.25747246849493877,0.06629207203287724,45.01538848876953
2018-06-11, $191.23,18069930, $191.35, $191.97, $190.21,45.16882416048117,45.315176130877504,44.89972340097438,45.14049530029297,73234000,-0.2452033935468556,0.415452729903123,-0.0283288601882034,False,26.17548033563116,18.96501496466181,359.6717926098463,45.255398041669636,-0.11490274137666745,0.013202639975873325,45.38835525512695
2018-06-08, $191.7,26580710, $191.17, $192, $189.77,45.126345337868806,45.32227016717249,44.795871891989336,45.2514533996582,106627200,-0.9097172554831444,0.5263982751831549,0.1251080617893976,True,26.17548033563116,19.075973064027043,363.89274833948525,45.140942858436865,0.11051054122133763,0.012212579721032964,45.14049530029297
2018-06-07, $193.46,21329170, $194.14, $194.2, $192.335,45.827407590772026,45.8415702186734,45.4025107442856,45.66689300537109,85388800,-0.2680722590448936,0.4390594743877969,-0.1605145854009393,False,26.17548033563116,19.491412669739926,379.9151678620981,45.63573908022134,0.03115392514974502,0.0009705670522359153,45.2514533996582
2018-06-06, $193.98,20912820, $193.63, $194.08, $191.92,45.707025796438366,45.81324911722004,45.30337285520071,45.789642333984375,83734400,0.3466053682074976,0.5098762620193256,0.0826165375460092,True,26.17548033563116,19.614161998353214,384.71535089764336,45.70298632445166,0.08665600953271735,0.0075092639881344,45.66689300537109
2018-06-05, $193.31,21535570, $193.065, $193.94, $192.36,45.5748306611135,45.7801959619768,45.40723116598109,45.6314811706543,86264000,0.7715132981203743,0.3729647959957134,0.0566505095407947,True,26.17548033563116,19.456000835023136,378.535968492421,45.66001638608681,-0.028535215432512473,0.000814258519779898,45.789642333984375
2018-06-04, $191.83,26190620, $191.635, $193.42, $191.35,45.23727284395453,45.6574476023422,45.16881894367543,45.28212356567383,105064800,0.8357763376621863,0.4886286586667694,0.0448507217192997,True,26.17548033563116,19.106643230042668,365.0638155201353,45.3850839293971,-0.10296036372326967,0.010600836498027984,45.6314811706543
2018-06-01, $190.24,23377690, $187.991, $190.26, $187.75,44.37568294540412,44.91152160606056,44.319028828916046,44.90680313110352,93770000,1.803396597556484,0.5924927771445141,0.5311201856994003,True,26.17548033563116,18.731322795472362,350.8624536681825,44.702375349223786,0.20442778187973687,0.04179071800426928,45.28212356567383
2018-05-31, $186.87,27468700, $187.22, $188.23, $186.14,44.19392155983616,44.43233421724424,43.93898343412893,44.11130142211914,109931200,-0.3360138190919071,0.4933507831153108,-0.0826201377170221,False,26.17548033563116,17.93582108648798,321.6936780465069,44.45268812888931,-0.3413867067701659,0.11654488355937925,44.90680313110352
2018-05-30, $187.5,18503410, $187.72, $188, $186.78,44.31195325608738,44.37804793294271,44.09006244012031,44.2600212097168,74762000,-0.2128792093677223,0.2879854928223935,-0.051932046370581,False,26.17548033563116,18.084540874085636,327.0506186264741,44.25077009836808,0.0092511113487177,8.558306118637342e-05,44.11130142211914
2018-05-29, $187.9,22409110, $187.6, $188.75, $186.87,44.2836294416986,44.55508947322989,44.11130782679905,44.35444259643555,90056400,-0.3605692084899137,0.4437816464308426,0.0708131547369461,True,26.17548033563116,18.178962260804386,330.47466887975014,44.284449272493866,0.06999332394168079,0.004899065396405064,44.2600212097168
2018-05-25, $188.58,17186760, $188.23, $189.65, $187.65,44.43232966932365,44.76752505903052,44.29541826757482,44.514949798583984,69844000,0.2285290722442878,0.4721067914557011,0.0826201292603343,True,26.17548033563116,18.339469462952824,336.33614018257913,44.41423177604488,0.10071802253910533,0.01014412006418773,44.35444259643555
2018-05-24, $188.15,23129400, $188.77, $188.84, $186.21,44.55980772674339,44.57632959413416,43.95551151224936,44.4134521484375,92936000,-0.1114989418067535,0.6208180818847993,-0.1463555783058865,False,26.17548033563116,18.23797181280634,332.6236158447186,44.55336377213224,-0.13991162369474353,0.01957526244489952,44.514949798583984
2018-05-23, $188.36,19966590, $186.35, $188.5, $185.76,43.98856181662308,44.49607529300221,43.84928754378699,44.46302795410156,80233600,0.6411887554389484,0.6467877492152141,0.4744661374784797,True,26.17548033563116,18.287547618470402,334.43439789782246,44.1463058842334,0.3167220698681632,0.10031286954157366,44.4134521484375
2018-05-22, $187.16,15228270, $188.375, $188.88, $186.78,44.46773776737088,44.585764459734094,44.090050911053055,44.17975234985352,60962800,-0.2504965100248002,0.4957135486810387,-0.2879854175173548,False,26.17548033563116,18.004272014222362,324.15381076211054,44.47529827723675,-0.2955459273832304,0.08734739519281369,44.46302795410156
2018-05-21, $187.63,18383080, $188, $189.27, $186.9106,44.37803760738811,44.6778264231584,44.12074027507521,44.29069900512695,73603200,0.7084566181021934,0.5570861480831937,-0.0873386022611555,False,26.17548033563116,18.115218669495793,328.16114744364893,44.31772665898436,-0.02702765385740946,0.0007304940730359405,44.17975234985352
2018-05-18, $186.31,18083080, $187.19, $187.8102, $186.13,44.18685420429236,44.33320621825269,43.93663807646711,43.9791259765625,73190800,-0.3636523283929715,0.3965681417855791,-0.2077282277298593,False,26.17548033563116,17.80364564093134,316.9697981078535,44.232259873894,-0.2531338973315016,0.06407676997823519,44.29069900512695
2018-05-17, $186.99,17014490, $188, $188.91, $186.36,44.37805352236964,44.59286305014965,43.99092596550543,44.13964080810547,69176000,-0.6323373759883899,0.60193708464422,-0.2384127142641716,False,26.17548033563116,17.96416047247431,322.7110614808084,44.2474540646035,-0.10781325649803364,0.011623698276710793,43.9791259765625
2018-05-16, $188.18,19046600, $186.07, $188.46, $186,43.92245918077974,44.48662667958038,43.905933713378666,44.420528411865234,76732400,0.9332658975695908,0.5806929662017168,0.4980692310854948,True,26.17548033563116,18.245048076234074,332.8817793040927,44.0073960709055,0.4131323409597343,0.17067833114687014,44.13964080810547
2018-05-15, $186.44,23639070, $186.78, $187.07, $185.1,44.0900572551773,44.15851476365606,43.69348924068128,44.00979995727539,94780800,-0.9088511962840328,0.465025522974777,-0.0802572979019089,False,26.17548033563116,17.83431962164423,318.0629563669644,44.214790907381,-0.20499095010561064,0.04202128962520095,44.420528411865234
2018-05-14, $188.15,20393070, $189.01, $189.53, $187.86,44.61645824567123,44.739207039830816,44.3449982374365,44.4134521484375,83115200,-0.2332915879209363,0.3942088023943171,-0.2030060972337324,False,26.17548033563116,18.23797181280634,332.6236158447186,44.413242746839046,0.000209401598453951,4.3849029435069735e-08,44.00979995727539
2018-05-11, $188.59,26167950, $189.49, $190.06, $187.45,44.729757490410215,44.86430604769044,44.24820656504485,44.51730728149414,104848800,-0.3803491074865217,0.6160994826455877,-0.2124502089160742,False,26.17548033563116,18.34182694586298,336.4226157119853,44.62833172090737,-0.11102443941322804,0.012326426147021544,44.4134521484375
2018-05-10, $190.04,27942430, $187.74, $190.37, $187.65,44.14644042182307,44.76487377033595,44.12527449301821,44.68727493286133,111957200,1.430398379122555,0.6395992773177426,0.5408345110382555,True,26.17548033563116,18.511794597230168,342.68653921004,44.285362219410835,0.40191271345049273,0.1615338292331379,44.51730728149414
2018-05-09, $187.36,23141260, $186.55, $187.4, $185.22,43.86661488875496,44.066487418557294,43.55386936653684,44.05708312988281,92844800,0.7040994720343807,0.5126180520204571,0.1904682411278528,True,26.17548033563116,17.881602794251652,319.7517184913885,44.16292440527902,-0.1058412753962088,0.011202375577496114,44.68727493286133
2018-05-08, $186.05,28053230, $184.99, $186.22, $183.665,43.49979138596113,43.78902083601134,43.18939600498701,43.7490463256836,113611200,0.480712492190305,0.5996248310243288,0.2492549397224692,True,26.17548033563116,17.57356599005244,308.83022160672783,43.70359880643706,0.04544751924654378,0.0020654770056649672,44.05708312988281
2018-05-07, $185.16,42557530, $185.18, $187.67, $184.75,43.54444567941432,44.12996200529712,43.44333436364769,43.53974533081055,169805600,0.723448123953796,0.6866276416494301,-0.0047003486037766,False,26.17548033563116,17.364264995179386,301.5176988228122,43.62472837126337,-0.08498304045282623,0.0072221171646067,43.7490463256836
2018-05-04, $183.83,56137230, $178.25, $184.25, $178.17,41.91490118724384,43.32578145161109,41.89608901981912,43.22702026367188,224805200,3.923346367806202,1.4296924317919704,1.31211907642804,True,26.17548033563116,17.05153992804072,290.755013917567,42.49165597165269,0.7353642920191916,0.5407606419768869,43.53974533081055
2018-05-03, $176.89,33944110, $175.88, $177.5, $174.4411,41.357603523058685,41.73854003605556,41.01899169459304,41.59510040283203,136272800,0.1812263136748537,0.7195483414625201,0.2374968797733458,True,26.17548033563116,15.41962006720087,237.7646830168238,42.01967244645233,-0.42457204362030154,0.18026142022391922,43.22702026367188
2018-05-02, $176.57,66454720, $175.225, $177.75, $173.8,41.20475618707623,41.7973268894039,40.868498120583496,41.51985549926758,266157600,4.417524622468916,0.9288287688204022,0.3150993121913501,True,26.17548033563116,15.344375163636418,235.44984916242214,41.34858019509686,0.17127530417072023,0.029335229818772735,41.59510040283203
2018-05-01, $169.1,52228910, $166.41, $169.2, $165.27,39.1307567565656,39.78681436265634,38.86268970628452,39.763301849365234,214277600,2.323617424710944,0.9241246563718164,0.6325450927996314,True,26.17548033563116,13.587821513734074,184.62889348909454,39.97342518913176,-0.21012333976652542,0.04415181791463868,41.51985549926758
2018-04-30, $165.26,41976500, $162.13, $167.26, $161.84,38.12432968710872,39.33062963053425,38.05613514540948,38.86033630371094,169709600,1.81121348085076,1.2744944851247697,0.7360066166022179,True,26.17548033563116,12.684855968079777,160.90557093092914,38.70355835417915,0.15677794953178648,0.02457932545939139,39.763301849365234
2018-04-27, $162.32,35617230, $164, $164.33, $160.63,38.56405870986155,38.64165755124664,37.77161548089102,38.16901397705078,142623200,-1.1569711713949271,0.8700420703556162,-0.3950447328107671,False,26.17548033563116,11.99353364141962,143.8448492078642,38.67320503499806,-0.5041910579472813,0.2542086229139987,38.86033630371094
2018-04-26, $164.22,27850370, $164.12, $165.73, $163.37,38.592271403229525,38.97085769595813,38.41591139583521,38.61578750610352,111852000,0.3482933082679995,0.5549463001229213,0.023516102873998,True,26.17548033563116,12.440307170472362,154.76124249570609,38.44937038956748,0.16641711653604574,0.02769465667617183,38.16901397705078
2018-04-25, $163.65,28331540, $162.62, $165.42, $162.41,38.23955729051611,38.89796880402129,38.19017849013432,38.48175811767578,113528400,0.4357329059337722,0.7077903138869672,0.2422008271596709,True,26.17548033563116,12.30627778204462,151.44447284884507,38.37650051041267,0.10525760726311262,0.011079163886755658,38.61578750610352
2018-04-24, $162.94,33674960, $165.67, $166.33, $161.2201,38.95675744554006,39.1119551449554,37.91035523836867,38.3148078918457,134768000,-1.3918925340170585,1.201599906586729,-0.64194955369436,False,26.17548033563116,12.139327556214543,147.36327351706973,38.79596835986413,-0.48116046801843027,0.23151539598371484,38.48175811767578
2018-04-23, $165.24,36396590, $166.835, $166.92, $164.09,39.22951893655704,39.2506812754814,38.58521577645036,38.85563659667969,146062000,-0.289612981709797,0.6654654990310362,-0.3738823398773547,False,26.17548033563116,12.680156261048527,160.78636280460816,38.914869234085614,-0.05923263740592688,0.0035085053340620084,38.3148078918457
2018-04-20, $165.72,65270950, $170.595, $171.2184, $165.43,40.11601095898135,40.26180070121921,38.90029989271545,38.9684944152832,261964400,-4.097264788102728,1.361500808503756,-1.1475165436981456,False,26.17548033563116,12.793014079652043,163.6612092421754,39.680848239959715,-0.7123538246765122,0.5074479715312551,38.85563659667969
2018-04-19, $172.8,34693280, $174.95, $175.39, $172.66,40.8590891944193,41.242379462603296,40.60042997792192,40.63335037231445,139235200,-2.833997645602515,0.6419494846813762,-0.2257388221048444,False,26.17548033563116,14.457870036683293,209.03000599762456,40.203634450517725,0.4297159217967277,0.18465577344561138,38.9684944152832
2018-04-18, $177.84,20544600, $177.81, $178.82, $176.88,41.81143114656128,42.04893159283888,41.59274645355115,41.818485260009766,83018000,-0.2244536014240683,0.4561851392877329,0.0070541134484827,True,26.17548033563116,15.643004924378605,244.7036030641333,41.40620450194861,0.4122807580611578,0.16997542346748296,40.63335037231445
2018-04-17, $178.24,26575010, $176.49, $178.9365, $176.41,41.50105268207379,42.07716152254781,41.482240510835055,41.912559509277344,106421600,1.3764320167958033,0.5949210117127564,0.4115068272035529,True,26.17548033563116,15.737079173646183,247.65566091760843,41.6195279566811,0.293031552596247,0.08586749081696708,41.818485260009766
2018-04-16, $175.82,21561320, $175.0301, $176.19, $174.8301,41.157726513426766,41.43049754589345,41.11069789115241,41.3434944152832,86313600,0.6238373031719036,0.3197996547410398,0.1857679018564368,True,26.17548033563116,15.168014079652043,230.0686511205226,41.42920663434321,-0.08571221906000659,0.007346584496190557,41.912559509277344
2018-04-13, $174.73,25100510, $174.78, $175.84, $173.85,41.09893532790292,41.3481902278494,40.880250643703896,41.08717727661133,100497200,0.3387896284744895,0.4679395841455047,-0.0117580512915935,False,26.17548033563116,14.911696940980168,222.35870565963728,41.19161913766919,-0.10444186105786457,0.010908102341230288,41.3434944152832
2018-04-12, $174.14,22858840, $173.41, $175, $173.04,40.77679208647928,41.150674496485806,40.689785363381375,40.94844818115234,91557200,0.98584151669312,0.4608891331044304,0.1716560946730538,True,26.17548033563116,14.772967845521176,218.24057896480258,40.892325563133525,0.056122618018811465,0.0031497482532854212,41.08717727661133
2018-04-11, $172.44,22401040, $172.23, $173.9232, $171.7,40.49931984850081,40.89671839182734,40.37469237004453,40.54870223999024,89726400,-0.4675206619618177,0.5220260217828141,0.0493823914894306,True,26.17548033563116,14.373221904359081,206.5895079119477,40.66327628468689,-0.11457404469664567,0.01312721171814896,40.94844818115234
2018-04-10, $173.25,28567110, $173, $174, $171.53,40.68037958406611,40.91552628686418,40.33471364390863,40.739166259765625,113634400,1.881766898715509,0.58081264295555,0.0587866756995154,True,26.17548033563116,14.563685924134464,212.10094769683232,40.64098782436902,0.09817843539660487,0.009639005176925316,40.54870223999024
2018-04-09, $170.05,28976200, $169.88, $173.09, $169.845,39.94673507375474,40.70155420819894,39.93968095758648,39.98670959472656,116070800,0.9918366599770856,0.7618732506124601,0.0399745209718247,True,26.17548033563116,13.811229259095402,190.75005364729293,40.23059567056483,-0.24388607583826882,0.05948041798778981,40.739166259765625
2018-04-06, $168.38,34949690, $170.97, $172.48, $168.2,40.20303085074771,40.55810106955422,39.55167349900567,39.59400177001953,140021200,-2.5578707952251034,1.0064275705485457,-0.6090290807281775,False,26.17548033563116,13.41852143438837,180.05671748514013,40.13367511132566,-0.539673341306127,0.29124731531651943,39.98670959472656
2018-04-05, $172.8,26750260, $172.58, $174.2304, $172.08,40.5816178114042,40.96960843017721,40.46404446170888,40.63335037231445,107732800,0.6934296046626987,0.50556396846833,0.0517325609102528,True,26.17548033563116,14.457870036683293,209.03000599762456,40.242311187606965,0.39103918470748766,0.15291164397669665,39.59400177001953
2018-04-04, $171.61,34581850, $164.88, $172.01, $164.77,38.77099071456574,40.44758431792256,38.74512443292918,40.3535270690918,138422000,1.9122353815713256,1.702459884993381,1.5825363545260558,True,26.17548033563116,14.178046733460636,201.01700917619382,39.42889824542165,0.9246288236701474,0.8549384615616406,40.63335037231445
2018-04-03, $168.39,30237640, $167.64, $168.7455, $164.88,39.41999160319373,39.6810045768212,38.77098802003664,39.59635162353516,121112000,1.0259245745088297,0.9100165567845622,0.1763600203414341,True,26.17548033563116,13.420871287904003,180.11978612648605,39.75293952232877,-0.15658789879360313,0.024519770048595697,40.3535270690918
2018-04-02, $166.68,37425640, $167.88, $168.94, $164.47,39.18484391069471,39.72568201023475,38.67457602874525,39.19424819946289,150347200,-0.6556250691332588,1.0511059814894992,0.0094042887681808,True,26.17548033563116,13.01876786383173,169.48831669233778,39.334762771766755,-0.14051457230386433,0.019744345029737917,39.59635162353516
2018-03-29, $167.78,38116290, $167.805, $171.75, $166.9,39.45996549061165,40.38644402367122,39.24598114149307,39.452911376953125,153594000,0.780855119817736,1.1404628821781486,-0.0070541136585262,False,26.17548033563116,13.277431041321964,176.29017505706005,39.3728201974841,0.08009117946902222,0.006414597028739127,39.19424819946289
2018-03-28, $166.48,41464880, $167.25, $170.02, $165.19,39.32829223528525,39.97964970924838,38.843890525339965,39.1472282409668,166674000,-1.104890649043877,1.1357591839084122,-0.1810639943184497,False,26.17548033563116,12.971747905335636,168.26624371957948,39.37780266606312,-0.23057442509632153,0.05316456550849919,39.452911376953125
2018-03-27, $168.34,39824200, $173.68, $175.15, $166.92,40.84027724690928,41.18594318391148,39.250686842203656,39.5845947265625,163690400,-2.564108342394422,1.9352563417078272,-1.255682520346781,False,26.17548033563116,13.40911439093134,179.80434874908195,40.254013974079214,-0.6694192475167142,0.4481221289458439,39.1472282409668
2018-03-26, $172.77,36778560, $168.07, $173.1, $166.44,39.5211082074498,40.703895839846645,39.13781793229658,40.62629699707031,150164800,4.747209626804727,1.566077907550067,1.105188789620513,True,26.17548033563116,14.450816661439152,208.8261021825274,39.54932872352002,1.0769682735502926,1.1598606622338978,39.5845947265625
2018-03-23, $164.94,40984540, $168.39, $169.92, $164.94,39.59634278022612,39.95611685432764,38.78508758544922,38.78508758544922,164115200,-2.3156805322982144,1.1710292688784207,-0.8112551947768978,False,26.17548033563116,12.609607249818058,159.00219499466414,39.96318304742819,-1.1780954619789696,1.387908917535442,40.62629699707031
2018-03-22, $168.85,41335980, $170, $172.68, $168.6,39.97493460454661,40.60512596898789,39.64573069596585,39.70451736450195,165963200,-1.4129610927765437,0.9593952730220394,-0.270417240044658,False,26.17548033563116,13.529037028870793,183.03484292855705,39.564386724238005,0.14013064026394773,0.019636596340783928,38.78508758544922
2018-03-21, $171.27,36387880, $175.04, $175.09, $171.26,41.16006747469234,41.17182552464226,40.2712134368852,40.27356719970703,148219600,-2.265474748419183,0.9006120877570609,-0.886500274985309,False,26.17548033563116,14.09808686407587,198.75605322702862,40.657213076092134,-0.3836458763851027,0.14718415846729352,39.70451736450195
2018-03-20, $175.24,19620520, $175.24, $176.8, $174.94,41.20710372924805,41.57393196024154,41.13655901066005,41.20710372924805,78597600,-0.0342220675329629,0.4373729495814871,0.0,False,26.17548033563116,15.031623393616886,225.94970184753043,40.88715057879136,0.3199531504566835,0.10237001848715714,40.27356719970703
2018-03-19, $175.3,32931110, $177.32, $177.47, $173.66,41.6962077406348,41.73147830463949,40.83557009838746,41.22121047973633,133787200,-1.5279180138441983,0.8959082062520309,-0.4749972608984691,False,26.17548033563116,15.045730144105168,226.37399556923492,41.532266518453184,-0.31105603871685616,0.09675585922222232,41.20710372924805
2018-03-16, $178.02,38313330, $178.65, $179.12, $177.62,42.00894928177119,42.119468498773394,41.76674850954591,41.86080932617188,157618800,-0.3526571329254602,0.3527199892274808,-0.148139955599305,False,26.17548033563116,15.685328990540722,246.0295455414972,41.740595278126236,0.1202140480456464,0.01445141734752098,41.22121047973633
2018-03-15, $178.65,22676520, $178.5, $180.24, $178.0701,41.97368633907431,42.38284289256637,41.87257497940292,42.00895690917969,90975200,0.1176876918675295,0.5102679131634531,0.035270570105375,True,26.17548033563116,15.833476573548527,250.69898040511,41.94172525221448,0.06723165696520539,0.004520095698287051,41.86080932617188
2018-03-14, $178.44,29334630, $180.32, $180.52, $177.81,42.401652575454754,42.44868119552501,41.81143209120384,41.95957565307617,117473600,-0.8501264043703105,0.637249104321171,-0.4420769223785825,False,26.17548033563116,15.784095317445011,249.13766499018953,42.27194557751626,-0.31236992444009104,0.09757496969470819,42.00895690917969
2018-03-13, $179.97,31464170, $182.59, $183.5, $179.24,42.93542665160748,43.14941096767531,42.14768751429382,42.31934356689453,126774000,-0.9630465684530632,1.0017234533814872,-0.6160830847129475,False,26.17548033563116,16.14386323126337,260.6243200297374,42.60177867020012,-0.28243510330558763,0.07976958757923795,41.95957565307617
2018-03-12, $181.72,32191070, $180.29, $182.39, $180.21,42.39459999300716,42.88840953350741,42.375791413150864,42.73086166381836,128828400,0.9667958882601636,0.5126181203565423,0.3362616708111972,True,26.17548033563116,16.5553813281872,274.08065092168937,42.37609293406327,0.35476872975508655,0.12586085161203764,42.31934356689453
2018-03-09, $179.98,32130360, $177.96, $180, $177.39,41.84670353867306,42.32640117322609,41.71266821269217,42.32169723510742,128740800,1.718072696323425,0.6137329605339161,0.4749936964343604,True,26.17548033563116,16.14621689947626,260.7003201649328,42.163938457618784,0.1577587774886382,0.024887831874709658,42.73086166381836
2018-03-08, $176.94,24518850, $175.48, $177.12, $175.07,41.26354532535344,41.649185801737886,41.16713789729796,41.60686111450195,95096400,1.0912715055514832,0.4820479044399235,0.3433157891485123,True,26.17548033563116,15.431380778870793,238.12751274250294,41.64135249682409,-0.034491382322137554,0.001189655454491863,42.32169723510742
2018-03-07, $175.03,31686450, $174.94, $175.85, $174.27,41.136556320670735,41.35054063744195,40.97900849269013,41.15771865844727,126814000,-0.9282903210670046,0.3715321447518249,0.0211623377765377,True,26.17548033563116,14.982238322816112,224.46746516165976,41.30834738692831,-0.15062872848103837,0.022689013843814377,41.60686111450195
2018-03-06, $176.67,23273160, $177.91, $178.25, $176.13,41.83494482565421,41.9148938321395,41.41638404105076,41.54336166381836,95154000,-0.0848380535414805,0.4985097910887361,-0.2915831618358524,False,26.17548033563116,15.367881328187199,236.17177651724475,41.60519170759227,-0.06183004377390944,0.0038229543130835573,41.15771865844727
2018-03-05, $176.82,27825140, $175.21, $177.74, $174.52,41.2000498848644,41.79497067660836,41.03779810746997,41.5786361694336,113605600,0.3461889615592683,0.7571725691383904,0.3785862845692023,True,26.17548033563116,15.40315583380244,237.25720964040215,41.327394530281936,0.2512416391516652,0.06312236124361555,41.54336166381836
2018-03-02, $176.21,38426060, $172.8, $176.3, $172.45,40.63334118343101,41.45635444518084,40.55103842203479,41.4351921081543,153816000,0.6914363694158432,0.9053160231460496,0.8018509247232899,True,26.17548033563116,15.259711772523136,232.8588033804812,40.97120103998168,0.4639910681726178,0.21528771134396688,41.5786361694336
2018-03-01, $175,48706170, $178.54, $179.775, $172.66,41.9830789846112,42.27466210614424,40.6004191991454,41.15066146850586,195208000,-1.75162888899838,1.6742429069988418,-0.8324175161053375,False,26.17548033563116,14.975181132874699,224.25604996240634,41.798732431310455,-0.6480709628045958,0.41999597283047574,41.4351921081543
2018-02-28, $178.12,37568080, $179.26, $180.615, $178.05,42.15238633749347,42.47218591856832,41.86786090603936,41.88431930541992,151128400,-0.1513954012646534,0.6043250125289603,-0.2680670320735459,False,26.17548033563116,15.708838969788761,246.76762177875403,41.80916292464339,0.07515638077653364,0.005648481571427315,41.15066146850586
2018-02-27, $178.39,38885510, $179.1, $180.48, $178.16,42.11478214797207,42.43928220604922,41.89374364049426,41.94782638549805,155712400,-0.3240718037679557,0.5455385655549634,-0.166955762474025,False,26.17548033563116,15.772346049866886,248.76689991675158,42.041720820275955,-0.09389443477790849,0.00881616488226291,41.88431930541992
2018-02-26, $178.97,37353670, $176.35, $179.39, $176.21,41.46812617400968,42.1829706355602,41.43520577620251,42.08420944213867,152648800,1.9772287904611383,0.7477648593576944,0.616083268128989,True,26.17548033563116,15.908729106507511,253.0876617842393,41.643425149947674,0.44078429219099746,0.19429079224231863,41.94782638549805
2018-02-23, $175.5,33772050, $173.67, $175.65, $173.54,40.83792303213014,41.30351244871162,40.80735281589202,41.26824188232422,135249600,1.7391125254941908,0.4961596328196052,0.4303188501940767,True,26.17548033563116,15.092761546693058,227.79145110533665,41.28135907524391,-0.01311719291969382,0.0001720607500924657,42.08420944213867
2018-02-22, $172.5,30953760, $171.8, $173.95, $171.71,40.39820700493959,40.903771015106486,40.3770446613819,40.56280899047852,123967600,0.8359678005315008,0.5267263537245839,0.1646019855389298,True,26.17548033563116,14.387328654847362,206.995225822592,40.70954836978609,-0.14673937930756864,0.021532445439570502,41.26824188232422
2018-02-21, $171.07,37378070, $172.83, $174.12, $171.01,40.640384867164016,40.94372238419849,40.212416358608365,40.22652816772461,149886400,-0.4538938802866932,0.731306025590122,-0.4138566994394068,False,26.17548033563116,14.051047832093449,197.431945179778,40.61991968397993,-0.39339151625532054,0.15475688506166013,40.56280899047852
2018-02-20, $171.85,33690660, $172.05, $174.26, $171.42,40.45697504613058,40.97664704592334,40.308831533368085,40.40994644165039,135722000,-0.3364010152995811,0.6678155125552578,-0.0470286044801895,False,26.17548033563116,14.23446610601923,202.62002532341026,40.38283668971087,0.02710975193951981,0.0007349386502222982,40.22652816772461
2018-02-16, $172.43,40113790, $172.36, $174.82, $171.77,40.52988635346286,41.10834882844967,40.3911506581798,40.54634475708008,160704400,-0.3237397691921662,0.7171981702698744,0.0164584036172215,True,26.17548033563116,14.370864421448918,206.52174421966635,40.4945081438411,0.051836613238975815,0.002687034472087163,40.40994644165039
2018-02-15, $172.99,50908540, $169.79, $173.09, $169,39.92556329964218,40.70154825718873,39.73979895428035,40.678035736083984,204588800,3.357862261281541,0.9617493029083805,0.7524724364418063,True,26.17548033563116,14.502555400452824,210.32411314320336,40.14927815378372,0.5287575823002655,0.279584580840022,40.54634475708008
2018-02-14, $167.37,40382890, $163.045, $167.54, $162.88,38.33831316239398,39.39647322333067,38.30069242048141,39.35649871826172,162579600,1.843737210390928,1.0957808028492622,1.0181855558677384,True,26.17548033563116,13.181018382630558,173.7392456032447,39.16316675453677,0.1933319637249511,0.03737724819774581,40.678035736083984
2018-02-13, $164.34,32483310, $161.95, $164.75, $161.65,38.08200439585714,38.74041582243797,38.0114596737139,38.644004821777344,130196800,1.0017930538306796,0.7289561487240661,0.5620004259202034,True,26.17548033563116,12.468524486146183,155.46410286162694,38.53352242985319,0.1104823919241511,0.012206358925281728,39.35649871826172
2018-02-12, $162.71,60774900, $158.5, $163.89, $157.51,37.27074272909962,38.53818298500872,37.03794626199481,38.26071166992188,243278000,4.027838899719982,1.5002367230139058,0.9899689408222656,True,26.17548033563116,12.085231334290722,146.05281640332228,37.756331059116675,0.5043806108052067,0.2543998005562334,38.644004821777344
2018-02-09, $156.41,70583530, $157.07, $157.89, $150.24,36.934498391741066,37.12731684344801,35.32844580447681,36.77930068969727,282690400,1.223153715582059,1.7988710389711997,-0.1551977020437931,False,26.17548033563116,10.603820354066112,112.44100610130677,37.4033851127833,-0.6240844230860247,0.3894813671386163,38.26071166992188
2018-02-08, $155.15,54145930, $160.29, $161, $155.03,37.5386155259692,37.7048933359953,36.30676750219174,36.334869384765625,217562000,-2.7516723705597435,1.3981258338035616,-1.203746141203574,False,26.17548033563116,10.159389049134464,103.21318585167327,37.27729961171811,-0.9424302269524816,0.888174732673706,36.77930068969727
2018-02-07, $159.54,51467440, $163.085, $163.4, $159.0685,38.19435807665087,38.266956997625066,37.252909163167054,37.36297607421875,206434400,-2.140680115918747,1.0140478344580115,-0.8313820024321217,False,26.17548033563116,11.18749573858759,125.16006090091547,37.548060154693324,-0.18508408047457436,0.03425611684511872,36.334869384765625
2018-02-06, $163.03,68171940, $154.83, $163.72, $154,36.259921731587134,38.34188697249856,36.06554208245456,38.180294036865234,272975200,4.179174605130798,2.276344890043994,1.9203723052781,True,26.17548033563116,12.004813701234074,144.11555200133733,36.650191427267856,1.5301026095973782,2.3412139958967066,37.36297607421875
2018-02-05, $156.49,72215320, $159.1, $163.88, $156,37.25992247449914,38.37935916282286,36.53392635472329,36.648681640625,290954000,-2.498423896209756,1.8454328080995663,-0.6112408338741417,False,26.17548033563116,10.47320130499384,109.68794557492467,37.58684822635137,-0.9381665857263712,0.8801565425734766,38.180294036865234
2018-02-02, $160.5,85957050, $166, $166.8, $160.1,38.87583871051159,39.06319286477697,37.49410852308551,37.58778381347656,346375200,-4.339028578357606,1.5690843416914646,-1.2880548970350247,False,26.17548033563116,11.412303477845402,130.24067067044226,38.101185131125646,-0.5134013176490839,0.2635809129638156,36.648681640625
2018-02-01, $167.78,44453230, $167.165, $168.62, $166.76,39.14984837452473,39.48942581837823,39.05382886516062,39.29270553588867,188923200,0.2090309422415615,0.4355969532176118,0.142857161363942,True,26.17548033563116,13.117225200257511,172.0615969542707,38.60836733001674,0.6843382058719314,0.46831878001601396,37.58778381347656
2018-01-31, $167.43,32234520, $166.87, $168.4417, $166.5,39.07959607542636,39.44727902539494,38.99294622732507,39.21074295043945,129915600,0.2755248512821273,0.4543327980698706,0.1311468750130942,True,26.17548033563116,13.035262614808293,169.91807143701874,39.15994381047022,0.050799139969235796,0.0025805526216140097,39.29270553588867
2018-01-30, $166.97,45635470, $165.525, $167.37, $164.7,38.76576769764181,39.19667974455292,38.57138807818574,39.103004455566406,184192800,-0.5894544474517982,0.6252916663671755,0.3372367579245932,True,26.17548033563116,12.927524119935246,167.12087987150755,38.92713715086067,0.17586730470573286,0.030929308864459087,39.21074295043945
2018-01-29, $167.96,50565420, $170.16, $170.16, $167.07,39.85008693678984,39.85008693678984,39.126434961888506,39.33486557006836,202561600,-2.0698634349610834,0.7236519749013368,-0.5152213667214838,False,26.17548033563116,13.159385234437199,173.16941974832378,39.59456572439236,-0.2597001543240012,0.06744417015591003,39.103004455566406
2018-01-26, $171.51,39075250, $172, $172, $170.06,40.28100745555258,40.28100745555258,39.82667459040098,40.16625213623047,156572000,0.2337601165792513,0.4543328651516063,-0.1147553193221142,False,26.17548033563116,13.990771800599308,195.7416955764448,39.95603364561488,0.2102184906155884,0.044191813796696226,39.33486557006836
2018-01-25, $171.11,41438280, $174.505, $174.95, $170.53,40.86882950605092,40.97187451966688,39.93674669163519,40.07257843017578,166116000,-1.7850705030202807,1.0351278280316905,-0.7962510758751407,False,26.17548033563116,13.89709809454462,193.12933544939574,40.62956450021419,-0.5569860700384055,0.31023348221682756,40.16625213623047
2018-01-24, $174.22,51368540, $177.25, $177.3, $173.2,41.510504321279925,41.52221462816889,40.56202663901651,40.8009033203125,204420400,-1.592856715028479,0.9601879891523808,-0.7096010009674245,False,26.17548033563116,14.62542298468134,213.90299748084522,41.01405284709697,-0.21314952678446986,0.04543272076844343,40.07257843017578
2018-01-23, $177.04,32395870, $177.3, $179.44, $176.82,41.5222149513268,42.02338535811327,41.4098038659825,41.46132278442383,130756400,0.0226110259350376,0.613581492130777,-0.060892166902974,False,26.17548033563116,15.285842448792668,233.6569793693118,41.27681369409851,0.1845090903253208,0.0340436044126774,40.8009033203125
2018-01-22, $177,27052000, $177.3, $177.78, $176.6016,41.52220833043589,41.63461939785577,41.358274779306186,41.45195007324219,108434400,-0.8181260082362085,0.2763446185495866,-0.0702582571937,False,26.17548033563116,15.276469737611027,233.3705276441455,41.508165933071666,-0.05621585982947863,0.0031602228963675894,41.46132278442383
2018-01-19, $178.46,31306390, $178.61, $179.58, $177.41,41.82900399397506,42.056170360899095,41.5479745053168,41.79387664794922,129700400,-0.4462647678908915,0.5081958555822936,-0.0351273460258383,False,26.17548033563116,15.618396312318058,243.9343033686303,41.70440260958347,0.08947403836575063,0.008005603541475816,41.45195007324219
2018-01-18, $179.26,31087330, $179.37, $180.1, $178.25,42.00698530300974,42.17794790326898,41.74469161004063,41.981224060058594,124773600,0.0893290444720751,0.4332562932283466,-0.0257612429511482,False,26.17548033563116,15.805743724427433,249.8215346822772,41.93993305608193,0.041291003976667184,0.0017049470094011453,41.79387664794922
2018-01-17, $179.1,34260230, $176.15, $179.25, $175.07,41.25288738047048,41.9788834468811,40.99996336127196,41.943756103515625,137547200,1.6515822169842045,0.9789200856091398,0.690868723045142,True,26.17548033563116,15.768275767884464,248.6385206920524,41.51514752039093,0.4286085831246922,0.18370531752815616,41.981224060058594
2018-01-16, $176.19,29512410, $177.9, $179.39, $176.14,41.66274188502376,42.01168913853004,41.25056538489396,41.26227569580078,118263600,-0.5081538615499204,0.7611237536360775,-0.4004661892229819,False,26.17548033563116,15.08679536016962,227.6113942396356,41.76856475847546,-0.5062890626746821,0.25632861498400816,41.943756103515625
2018-01-12, $177.09,25302200, $176.18, $177.36, $175.65,41.25990707837129,41.536255243634926,41.13578571786198,41.4730224609375,101672400,1.0326103471800074,0.400469525772948,0.2131153825662082,True,26.17548033563116,15.29754212530634,234.014795075522,41.267852431815925,0.20517002912157523,0.04209474084974803,41.26227569580078
2018-01-11, $175.28,18653380, $174.59, $175.4886, $174.49,40.887551806210006,41.0983266027859,40.86413476669079,41.04914474487305,74670800,0.5680182138164458,0.234191836095114,0.1615929386630412,True,26.17548033563116,14.873664409241886,221.2258929587488,41.099524886570094,-0.05038014169704752,0.0025381586774145862,41.4730224609375
2018-01-10, $174.29,23751690, $173.16, $174.3, $173,40.552660719700334,40.81963927994158,40.515189166880944,40.81729507446289,95839600,-0.0229479844129576,0.3044501130606392,0.2646343547625562,True,26.17548033563116,14.64181473883173,214.3827388462701,40.73324152117022,0.08405355329266939,0.007064999821123613,41.04914474487305
2018-01-09, $174.33,21532200, $174.55, $175.06, $173.41,40.87818646172054,40.99762301388554,40.61120790656991,40.82666397094727,86336000,-0.0115100418107916,0.3864151073156279,-0.0515224907732658,False,26.17548033563116,14.651183635316112,214.65718191575465,40.863721443345725,-0.03705747239845181,0.0013732562605620175,40.81729507446289
2018-01-08, $174.35,20523870, $174.35, $175.61, $173.93,40.83136367797852,41.126444217926,40.73299992451082,40.83136367797852,82271200,-0.3713747240681631,0.3934442934151789,0.0,False,26.17548033563116,14.655883342347362,214.7949165444949,40.83655301537829,-0.005189337399770011,2.692922264865178e-05,40.82666397094727
2018-01-05, $175,23589930, $173.44, $175.37, $173.05,40.618227636489486,41.07021610938013,40.52689297456693,40.98356628417969,94640000,1.1384719081661387,0.5433231348131997,0.3653386476902014,True,26.17548033563116,14.808085948548527,219.27940945960032,40.69958947768791,0.28397680649177914,0.08064282662526938,40.83136367797852
2018-01-04, $173.03,22342650, $172.54, $173.47, $172.08,40.40747671588122,40.62527708347144,40.29975042207205,40.52223205566406,89738400,0.4645368600229016,0.3255266613993868,0.114755339782846,True,26.17548033563116,14.346751720032902,205.82928491626703,40.61584992656438,-0.09361787090031726,0.00876430575190847,40.98356628417969
2018-01-03, $172.23,29461040, $172.53, $174.55, $171.96,40.40512002581769,40.87818856844172,40.27163252810483,40.33486175537109,118071600,-0.0174083529646318,0.6065560403368906,-0.070258270446601,False,26.17548033563116,14.159381419739926,200.48808218967625,40.4527037994901,-0.11784204411901555,0.013886747362148009,40.52223205566406
2018-01-02, $172.26,25400540, $170.16, $172.3, $169.26,39.85008389872191,40.3512542876815,39.63930910102925,40.34188461303711,102223600,1.7904557409951671,0.711945186652251,0.4918007143151968,True,26.17548033563116,14.166404277405949,200.68701015090556,40.026105009939606,0.3157796030975035,0.09971675773241685,40.33486175537109
2017-12-29, $169.23,25938760, $170.52, $170.59, $169.22,39.93439556169126,39.95078713310234,39.629945439714064,39.632286071777344,103999600,-1.0813637818207322,0.3208416933882745,-0.3021094899139172,False,26.17548033563116,13.456805736146183,181.08562062037683,40.083396105343596,-0.4511100335662519,0.20350026238414493,40.34188461303711
2017-12-28, $171.08,16412270, $171, $171.85, $170.48,40.04680453775048,40.24586903063577,39.92502378068592,40.0655403137207,65920800,0.2813488628510496,0.3208452499498477,0.0187357759702209,True,26.17548033563116,13.890059978089543,192.93376619492486,39.90791480979822,0.15762550392248187,0.024845799486816346,39.632286071777344
2017-12-27, $170.6,21477380, $170.1, $170.78, $169.71,39.83603669973451,39.99528544879973,39.744702017539055,39.95313262939453,85992800,0.0175903813273814,0.2505834312606723,0.1170959296600244,True,26.17548033563116,13.77765229376337,189.82370272784308,39.92262158400699,0.030511045387541458,0.0009309238906406149,40.0655403137207
2017-12-26, $170.57,33113340, $170.8, $171.47, $169.679,39.9999690824779,40.156877194680966,39.7376717779659,39.94610595703125,132742000,-2.537002942886557,0.4192054167150658,-0.0538631254466466,False,26.17548033563116,13.77062562140009,189.6301300047606,39.98985423982195,-0.043748282790701865,0.001913912247135221,39.95313262939453
2017-12-22, $175.01,16339690, $174.68, $175.424, $174.5,40.90863620257095,41.08193948157864,40.86648337911435,40.98591995239258,65397600,0.0,0.2154561024642873,0.0772837498216247,True,26.17548033563116,14.810439616761418,219.34912164173608,40.578331131376984,0.4075888210155938,0.16612864701688176,39.94610595703125
2017-12-21, $175.01,20848660, $174.17, $176.02, $174.1,40.789199629292725,41.222456040069694,40.772808055776665,40.98591995239258,83799600,0.378523420459298,0.4496479842930299,0.1967203230998535,True,26.17548033563116,14.810439616761418,219.34912164173608,40.86492240810378,0.12099754428879805,0.014640405723919647,40.98591995239258
2017-12-20, $174.35,23451420, $174.87, $175.42, $173.25,40.95314090644149,41.081947180282334,40.573751130296834,40.83136367797852,93902400,-0.1088437532663189,0.5081960499855,-0.1217772284629674,False,26.17548033563116,14.655883342347362,214.7949165444949,40.97153923558641,-0.1401755576078898,0.019649186950682834,40.98591995239258
2017-12-19, $174.54,27393660, $175.03, $175.39, $174.09,40.99060981480351,41.074919045534976,40.77046884714441,40.8758544921875,109745600,-1.065593477547122,0.3044501983905689,-0.1147553226160127,False,26.17548033563116,14.70037415655634,216.1010003427495,40.941762816540724,-0.06590832435322369,0.0043439072190497394,40.83136367797852
2017-12-18, $176.42,29385650, $174.88, $177.2, $174.86,40.95546253852708,41.49878564850216,40.95077770201914,41.31611633300781,117684400,1.4082571148083425,0.5480079464830183,0.3606537944807328,True,26.17548033563116,15.140635997376652,229.2388584050577,40.93449121023185,0.38162512277596505,0.1456377343337704,40.8758544921875
2017-12-15, $173.97,40122100, $173.63, $174.17, $172.46,40.66273478467583,40.78919681981972,40.38873073062717,40.74235916137695,160677200,1.0161518171692752,0.4004660891925553,0.0796243767011262,True,26.17548033563116,14.566878825745793,212.19395872396112,40.89835142911802,-0.15599226774106967,0.024333587595001566,41.31611633300781
2017-12-14, $172.22,20442740, $172.4, $173.13, $171.65,40.37467234776361,40.54563496624817,40.19902846532238,40.33251953125,81906000,-0.0290185407579079,0.3466065009257946,-0.0421528165136066,False,26.17548033563116,14.15703919561884,200.4217587862881,40.5100169882201,-0.17749745697010155,0.031505347230853055,40.74235916137695
2017-12-13, $172.27,23402510, $172.5, $173.54, $172,40.39808995652481,40.64164788306032,40.28099404360734,40.3442268371582,95273600,0.3319702753172171,0.3606538394529792,-0.0538631193666034,False,26.17548033563116,14.168746501527043,200.75337742453482,40.38167226468269,-0.03744542752448865,0.0014021600424917323,40.33251953125
2017-12-12, $171.7,19088170, $172.15, $172.39, $171.461,40.316124751462965,40.37233208080657,40.15453537988255,40.21073913574219,77636800,-0.5617630927591266,0.2177967009240191,-0.1053856157207775,False,26.17548033563116,14.035258800111027,196.98848958609403,40.33246865955618,-0.12172952381398972,0.01481807696798069,40.3442268371582
2017-12-11, $172.67,34260890, $169.2, $172.89, $168.79,39.625258391774615,40.48942684830083,39.529238880275294,40.43790435791016,141095200,1.948381807896604,0.9601879680255364,0.8126459661355483,True,26.17548033563116,14.262424022279003,203.41673899128116,39.83641067323161,0.6014936846785517,0.36179465270818095,40.21073913574219
2017-12-08, $169.37,23285760, $170.49, $171, $168.82,39.92737454264423,40.046811113897945,39.53627453543775,39.665077209472656,93420800,0.0295241134276258,0.5105365784601972,-0.2622973331715741,False,26.17548033563116,13.489596873841496,181.96922381875424,40.11246749174491,-0.4473902822722522,0.20015806467164549,40.43790435791016
2017-12-07, $169.32,25656110, $169.03, $170.44, $168.91,39.58545225881169,39.9156636594759,39.55735037738816,39.65336990356445,102693200,0.1834160862972389,0.3583132820877353,0.0679176447527609,True,26.17548033563116,13.477889567933293,181.65350720540508,39.6193683705839,0.03400153298055386,0.001156104245027692,39.665077209472656
2017-12-06, $169.01,28397810, $167.5, $170.2047, $166.46,39.22714391139447,39.85946133735878,38.98358590362124,39.58077239990234,114240000,-0.3713654892804841,0.8758754337375407,0.3536284885078657,True,26.17548033563116,13.405292064271176,179.70185532841177,39.38224646814939,0.19852593175294686,0.039412545578375716,39.65336990356445
2017-12-05, $169.64,27315530, $169.06, $171.52, $168.4,39.59247791469007,40.16859150096301,39.43791041916752,39.728309631347656,109400800,-0.0942216116864957,0.7306810817954883,0.1358317166575844,True,26.17548033563116,13.552829295716496,183.6791819188313,39.59440394739833,0.13390568394932956,0.017930732193937735,39.58077239990234
2017-12-04, $169.8,32512580, $172.48, $172.62, $169.63,40.393410042348286,40.426196759021686,39.72596540146465,39.76577758789063,130169600,-0.7307805848910887,0.7002313575570369,-0.6276324544576539,False,26.17548033563116,13.590297252259472,184.69617940477136,40.166963403918466,-0.40118581602783365,0.16095005898191878,39.728309631347656
2017-12-01, $171.05,39735110, $169.95, $171.67, $168.5,39.80090498652369,40.20371526243537,39.46132751194856,40.05851745605469,159037200,-0.4655072334091459,0.7423877504868059,0.2576124695309971,True,26.17548033563116,13.883037120423527,192.73871968705757,39.79476203377652,0.26375542227816595,0.06956692278113363,39.76577758789063
2017-11-30, $171.85,41484540, $170.43, $172.14, $168.44,39.91330934594225,40.31377892223367,39.44726992076248,40.24586486816406,166108800,1.398404876559778,0.8665090014711936,0.3325555222218099,True,26.17548033563116,14.070384532532902,197.97572089334113,39.97041449621263,0.27545037195142896,0.07587290740818056,40.05851745605469
2017-11-29, $169.48,41459120, $172.63, $172.92, $167.16,40.42853275152802,40.49644680316754,39.14750328244924,39.690826416015625,166665600,-2.0743495081558816,1.3489435207182936,-0.7377063355123923,False,26.17548033563116,13.515346080384464,182.66457967256372,40.37111364268574,-0.6802872266701172,0.4627907107705194,40.24586486816406
2017-11-28, $173.07,26387240, $174.3, $174.87, $171.86,40.81964835544334,40.95313587850049,40.24821955509472,40.53159332275391,105715200,-0.5858866970092302,0.7049163234057687,-0.288055032689428,False,26.17548033563116,14.356112987122753,206.09798009903457,40.431030268404996,0.10056305434891755,0.010112927899983344,39.690826416015625
2017-11-27, $174.09,20591090, $175.05, $175.08, $173.34,40.99528780501954,41.00231327528309,40.594818132575305,40.77046203613281,82867200,-0.502943792156163,0.4074951427077877,-0.2248257688867241,False,26.17548033563116,14.594981700501652,213.01349083797808,40.83979025577717,-0.06932821964435476,0.004806402039055897,40.53159332275391
2017-11-24, $174.97,14026670, $175.1, $175.5, $174.6459,41.00699714198535,41.10067245893679,40.901607943559625,40.9765510559082,56106800,0.0057070271099579,0.1990645153771666,-0.0304460860771484,False,26.17548033563116,14.801070720277043,219.07169446664238,40.931085161210994,0.04546589469720885,0.0020671475806176842,40.77046203613281
2017-11-22, $174.96,25558680, $173.36, $175, $173.05,40.59950421138276,40.98357874929391,40.52690530078438,40.974212646484375,102355600,1.0511873237731173,0.4566734485095338,0.374708435101617,True,26.17548033563116,14.798732310853214,219.00247800829092,40.73827466030025,0.2359379861841262,0.05566673332462093,40.9765510559082
2017-11-21, $173.14,25047130, $170.78, $173.7, $170.78,39.995284529281854,40.67912431395637,39.995284529281854,40.547977447509766,100525200,1.8590453082341751,0.6838397846745181,0.5526929182279119,True,26.17548033563116,14.372497111878605,206.56867323095884,40.34450998360386,0.20346746390590909,0.04139900886830242,40.974212646484375
2017-11-20, $169.98,16041550, $170.29, $170.56, $169.56,39.88052889502063,39.943761695620736,39.709569843677855,39.80792999267578,65049600,-0.0998961788155949,0.2341918519428816,-0.0725989023448505,False,26.17548033563116,13.63244965704462,185.843683651856,40.12056264325129,-0.3126326505755088,0.0977391742058682,40.547977447509766
2017-11-17, $170.15,21884010, $171.04, $171.39, $169.64,40.056166933489614,40.13813549909116,39.72829981805053,39.84773635864258,87598000,-0.5552651418184285,0.4098356810406329,-0.2084305748470356,False,26.17548033563116,13.672256023011418,186.930584758772,39.975534660161415,-0.12779830151883687,0.01633240587109954,39.80792999267578
2017-11-16, $171.1,23598650, $171.18, $171.87, $170.3,40.08896459722849,40.25055756737149,39.88287817128605,40.07023239135742,94550000,1.1947120650764642,0.3676793960854354,-0.0187322058710677,False,26.17548033563116,13.894752055726261,193.06413469010917,40.0108090137874,0.059423377570020364,0.003531137801829199,39.84773635864258
2017-11-15, $169.08,28998220, $169.97, $170.3197, $168.38,39.80559095298327,39.88755953383596,39.43322675113431,39.59716033935547,116632400,-1.3190438892558,0.4543327827016483,-0.2084306136278044,False,26.17548033563116,13.421680003724308,180.14149412237296,39.90446535224898,-0.307305012893508,0.0944363709494791,40.07023239135742
2017-11-14, $171.34,24683350, $173.04, $173.48, $171.18,40.52457134987867,40.62761637428181,40.08897420257428,40.12644577026367,99130000,-1.511727361377635,0.5386421717075294,-0.398125579614998,False,26.17548033563116,13.950965434632511,194.62943655831108,40.20631835260278,-0.07987258233910666,0.006379629409517373,39.59716033935547
2017-11-13, $173.97,16956290, $173.5, $174.5, $173.4,40.6322886986201,40.8664805643182,40.608868082656585,40.74235916137695,67928400,-0.4007427537955021,0.2576124816616172,0.1100704627568518,True,26.17548033563116,14.566878825745793,212.19395872396112,40.46178875353109,0.2805704078458646,0.07871975375879481,40.12644577026367
2017-11-10, $174.67,25129510, $175.11, $175.38, $174.27,41.00933312803533,41.072565925229945,40.81261284063416,40.906288146972656,100582000,-0.3309525236907529,0.2599530845957858,-0.1030449810626734,False,26.17548033563116,14.730807811341496,216.99669877467963,40.92275940487713,-0.01647125790447035,0.00027130233695557695,40.74235916137695
2017-11-09, $175.88,29422610, $175.11, $176.095, $173.14,40.86243530363712,41.09345600647338,40.40272970630695,41.042118072509766,117930400,-0.2042859041705758,0.6907263001664319,0.1796827688726452,True,26.17548033563116,14.866637736878605,221.01691759958302,40.884653743857385,0.1574643286523809,0.02479501479794503,40.906288146972656
2017-11-08, $176.24,24358920, $174.66, $176.24, $174.33,40.75743480710038,41.12613296508789,40.68042789175957,41.12613296508789,97638000,0.8180396076417296,0.4457050733283196,0.3686981579875095,True,26.17548033563116,14.95065262945673,223.52201404668145,40.863951806669384,0.26218115841850675,0.06873895982967014,41.042118072509766
2017-11-07, $174.81,24332120, $173.91, $175.25, $173.6,40.58241843039198,40.89511057537708,40.51007957483256,40.79243469238281,97446000,0.3213550537102261,0.3850310005445223,0.2100162619908303,True,26.17548033563116,14.616954356751652,213.6553546673611,40.77956434249624,0.012870349886568988,0.00016564590620270637,41.12613296508789
2017-11-06, $174.25,34770480, $172.365, $174.99, $171.72,40.223061210226,40.83444857873341,40.07138316285592,40.661766052246094,140105200,1.014481546386392,0.7630654158774846,0.4387048420200941,True,26.17548033563116,14.486285716614933,209.85247386340183,40.42896122643356,0.23280482581253636,0.054198086921605396,40.79243469238281
2017-11-03, $172.5,59332210, $174, $174.26, $171.12,40.60343229874321,40.66410281228549,39.931374348862015,40.25340270996094,237594400,2.611409967676792,0.7327284634234772,-0.3500295887822702,False,26.17548033563116,14.077922374329777,198.18789837765493,40.63055451588932,-0.37715180592838493,0.14224348471504214,40.661766052246094
2017-11-02, $168.11,39668100, $167.64, $168.5, $165.28,38.87661163677941,39.31998091721016,38.56858396438262,39.22897338867188,165573600,0.7310209315105176,0.751396952827541,0.3523617518924737,True,26.17548033563116,13.053493053040722,170.39368088578237,39.364484933997,-0.1355115453251159,0.018363378916400937,40.25340270996094
2017-11-01, $166.89,33482970, $169.87, $169.94, $165.61,39.63967348374911,39.65600990308901,38.64559097272621,38.94428253173828,134551200,-1.2718597417713973,1.0104189303627962,-0.6953909520108255,False,26.17548033563116,12.76880219610712,163.04230952331002,39.50185552367062,-0.5575729919323393,0.31088764133238056,39.22897338867188
2017-10-31, $169.04,35779520, $167.9, $169.6499, $166.94,39.17995785839023,39.58832551023456,38.95594102621831,39.44598007202149,144187200,1.3915427094028263,0.6323844840162494,0.2660222136312598,True,26.17548033563116,13.270499736390331,176.10616325353584,39.103153936047605,0.3428261359738869,0.11752975950678599,38.94428253173828
2017-10-30, $166.72,44651420, $163.89, $168.07, $163.72,38.24421655987855,39.21963378647606,38.204546983869406,38.90460586547852,178803200,2.2508276177852338,1.0150868026066533,0.6603893055999706,True,26.17548033563116,12.729125529847362,162.0306367546119,38.670361644543696,0.23424422093482633,0.05487035504136373,39.44598007202149
2017-10-27, $163.05,44387770, $159.29, $163.6, $158.7,37.17079679432446,38.17655118799871,37.03311938262583,38.0482063293457,177816800,3.583004347863094,1.1434318053728845,0.8774095350212434,True,26.17548033563116,11.872725993714543,140.96162252182498,37.782625798200236,0.2655805311454671,0.07053301852350842,38.90460586547852
2017-10-26, $157.41,16916650, $157.23, $157.8295, $156.78,36.69008842265107,36.83010163635278,36.58508029271675,36.73209381103516,68002000,0.6393338912389579,0.2450213436360258,0.0420053883840907,True,26.17548033563116,10.556613475404003,111.44208806908138,37.16999228526462,-0.43789847422945627,0.19175507373248576,38.0482063293457
2017-10-25, $156.41,21175670, $156.91, $157.55, $155.27,36.6154214690112,36.76476725223068,36.23272267696854,36.49874496459961,84828400,-0.4391926272828028,0.532044575262141,-0.1166765044115933,False,26.17548033563116,10.323264628968449,106.56979259971109,36.660376371805384,-0.16163140720577474,0.02612471179531897,36.73209381103516
2017-10-24, $157.1,17633730, $156.29, $157.42, $156.2,36.47073300118605,36.73442298865466,36.44973208909128,36.65975189208984,71028800,0.5955150517996666,0.2846908995633797,0.1890188909037888,True,26.17548033563116,10.484271556458676,109.91995006956843,36.484534127238675,0.17521776485116192,0.030701265119437073,36.49874496459961
2017-10-23, $156.17,21888930, $156.89, $157.69, $155.5,36.61074435961604,36.79742743265295,36.286383899979256,36.44272994995117,87937200,-0.0512129036010944,0.5110435326736962,-0.1680144096648703,False,26.17548033563116,10.267249614320011,105.41641464275442,36.63199203609542,-0.18926208614424667,0.03582013725167225,36.65975189208984
2017-10-20, $156.25,23907540, $156.61, $157.75, $155.96,36.54541010775939,36.811432360839845,36.39373209599778,36.461402893066406,95896400,0.173104758614917,0.4177002648420682,-0.0840072146929813,False,26.17548033563116,10.285922557435246,105.80020285755522,36.51347625435684,-0.052073361290432274,0.0027116349560838905,36.44272994995117
2017-10-19, $155.98,42357420, $156.75, $157.08, $155.02,36.57807832357771,36.65508523154097,36.174378679422176,36.39839553833008,170336800,-2.366044463381256,0.4807065521187965,-0.1796827852476283,False,26.17548033563116,10.222915202698918,104.50799524157266,36.54126301397586,-0.1428674756457795,0.0204111155973974,36.461402893066406
2017-10-18, $159.76,16252850, $160.42, $160.71, $159.6,37.43448179679161,37.50215614986297,37.24313421920023,37.28046798706055,65496800,-0.4424586737710512,0.2590219306627404,-0.1540138097310617,False,26.17548033563116,11.104987651429386,123.32075073839916,37.07613998532412,0.20432800173642818,0.0417499322936018,36.39839553833008
2017-10-17, $160.47,18969700, $159.78, $160.87, $159.23,37.28513761287271,37.539491498003954,37.156792766027294,37.44615173339844,75989200,0.3690316100133817,0.3826987319766601,0.1610141205257278,True,26.17548033563116,11.270671397767277,127.02803375644939,37.28802164603398,0.1581300873644551,0.025005124529890205,37.28046798706055
2017-10-16, $159.88,24093300, $157.9, $160, $157.65,36.84643026392048,37.33647289493997,36.78809202502214,37.3084716796875,96486000,1.8408571041506503,0.5483808699178354,0.4620414157670183,True,26.17548033563116,11.13299134405634,123.94349626683338,37.060756624318714,0.24771505536878635,0.06136274865636089,37.44615173339844
2017-10-13, $156.99,16367780, $156.73, $157.28, $156.41,36.57341636197733,36.70176122997098,36.498745250125616,36.634090423583984,65576800,0.6346114529553137,0.203015979845361,0.0606740616066545,True,26.17548033563116,10.458610087952824,109.38252497182857,36.83497425769247,-0.2008838341084882,0.040354314806126605,37.3084716796875
2017-10-12, $156,16380570, $156.35, $157.37, $155.7299,36.484747341227305,36.72276486602361,36.34006604264477,36.40307235717773,64500400,-0.3513186615013985,0.3826988233788384,-0.0816749840495774,False,26.17548033563116,10.227592021546567,104.60363855920299,36.541062042553776,-0.1379896853760485,0.01904115327018085,36.634090423583984
2017-10-11, $156.55,16861450, $155.97, $156.98, $155.75,36.39606886036616,36.63175411606719,36.34473091386742,36.53141403198242,67622400,0.416935408356478,0.2870232021997694,0.1353451716162652,True,26.17548033563116,10.355933696351261,107.2453627232235,36.402461592375246,0.1289524396071755,0.016628731680642245,36.40307235717773
2017-10-10, $155.9,15603520, $156.055, $158, $155.1,36.41707137670718,36.86977680080634,36.19305447367292,36.37973403930664,62468000,0.0385395867326998,0.6767223271334188,-0.0373373374005367,False,26.17548033563116,10.20425370367548,104.12679364897475,36.46108061792116,-0.08134657861452155,0.006617265852288535,36.53141403198242
2017-10-09, $155.84,16243080, $155.81, $156.73, $155.485,36.35871853868354,36.573402801599386,36.28404745451774,36.365718841552734,65051600,0.3476727326851447,0.2893553470816457,0.0070003028691942,True,26.17548033563116,10.190238505921574,103.84096080756674,36.36999553047137,-0.004276688918636751,1.829006810679038e-05,36.37973403930664
2017-10-06, $155.3,17223790, $154.97, $155.49, $154.56,36.16271628489837,36.28406084722537,36.06704069612739,36.239723205566406,69630400,-0.0579241645812134,0.2170201510979765,0.0770069206680332,True,26.17548033563116,10.064242869935246,101.28898454504244,36.23761854260562,0.002104662960789483,4.4296061785191525e-06,36.365718841552734
2017-10-05, $155.39,21215870, $154.18, $155.44, $154.05,35.978368197738654,36.27239529226402,35.948034725322195,36.26072692871094,85135200,1.244475801315037,0.3243605669418272,0.2823587309722839,True,26.17548033563116,10.085246593079777,101.71219884322726,36.073591957161426,0.18713497154951142,0.03501949757683645,36.239723205566406
2017-10-04, $153.48,20088940, $153.63, $153.86, $152.46,35.8500227868572,35.90369298025103,35.57700020217874,35.81501770019531,80655200,-0.6473636083978773,0.3266927780722923,-0.03500508666189,False,26.17548033563116,9.639537364564152,92.9206806028284,35.997482357434166,-0.18246465723885308,0.033293351141292137,36.26072692871094
2017-10-03, $154.48,16216800, $154.01, $155.09, $153.91,35.93870557599536,36.19072732271445,35.915372405051286,36.04838180541992,64921200,0.4356203926503488,0.2753549176631651,0.109676229424565,True,26.17548033563116,9.872901469788761,97.47418343215709,35.899016144930926,0.14936566048899635,0.02231010053331413,35.81501770019531
2017-10-02, $153.81,18631540, $154.26, $154.45, $152.72,35.99703695947117,36.04137460467565,35.63767486163443,35.89202880859375,74795200,-0.2010959245273502,0.4036997430412228,-0.105008150877417,False,26.17548033563116,9.71654847296259,94.41131422743163,36.01870265990479,-0.1266738513110397,0.016046264605971392,36.04838180541992
2017-09-29, $154.12,26204670, $153.21, $154.13, $152,35.75200319846631,35.966687462139404,35.46964459257487,35.964351654052734,105199200,0.547957331444926,0.497042869564531,0.2123484555864223,True,26.17548033563116,9.788871318421574,95.82200168861652,35.80457531123918,0.1597763428135579,0.025528479722875575,35.89202880859375
2017-09-28, $153.28,21983410, $153.89, $154.28, $152.7,35.910701830563504,36.00170938044533,35.63301112278216,35.76835632324219,88022000,-0.61593685605843,0.3686982576631692,-0.1423455073213162,False,26.17548033563116,9.592875987611027,92.02326971368424,35.933118624486575,-0.1647623012443873,0.027146615911346227,35.964351654052734
2017-09-27, $154.23,25402270, $153.8, $154.7189, $153.54,35.88969211516487,36.10437644790088,35.829018056321864,35.99003219604492,102016800,0.7117608290614807,0.2753583915790187,0.100340080880052,True,26.17548033563116,9.814551860413761,96.32542822075122,35.8507946524649,0.13923754358002327,0.01938709354219888,35.76835632324219
2017-09-26, $153.14,35907770, $151.78, $153.92, $151.69,35.41831939205828,35.91769468848052,35.39731847582978,35.735679626464844,146640000,1.7203949636541926,0.5203762126507456,0.3173602344065642,True,26.17548033563116,9.560199290833683,91.39741048045686,35.62190120523537,0.11377842122947612,0.012945529137472102,35.99003219604492
2017-09-25, $150.55,44366140, $149.99, $151.83, $149.16,35.00060574094943,35.42997425904203,34.80692239013219,35.131282806396484,177549200,-0.8822539568456023,0.6230518689098332,0.1306770654470526,True,26.17548033563116,8.955802470765324,80.20639789536628,35.261143026503845,-0.12986022010736065,0.016863676766332155,35.735679626464844
2017-09-22, $151.89,46575410, $152.02, $152.27, $150.56,35.36231382169076,35.53266408390223,35.1336288672463,35.44398880004883,186581600,-0.9778769149281552,0.3990352166559319,0.0816749783580661,True,26.17548033563116,9.268508464417668,85.90524915498195,35.28464379309866,0.1593450069501685,0.02539083123994925,35.131282806396484
2017-09-21, $153.39,37350060, $155.8, $155.8, $152.75,36.35639164690989,36.35639164690989,35.644664411338915,35.79401016235352,150046800,-1.7171970460645336,0.7117272355709758,-0.5623814845563686,False,26.17548033563116,9.618529826722362,92.51611602754771,36.0406742677162,-0.2466641053626759,0.06084318087436928,35.44398880004883
2017-09-20, $156.07,52126240, $157.9, $158.26, $153.83,36.84643591702304,36.93044313635267,35.89669109360044,36.41940307617188,211805600,-1.6757737483499846,1.0337520427522335,-0.4270328408511545,False,26.17548033563116,10.243922740540722,104.93795311416733,36.48198607294958,-0.0625829967776994,0.003916631485677534,35.79401016235352
2017-09-19, $158.73,20565620, $159.51, $159.77, $158.44,37.22212655192404,37.28280059577159,36.97244075516808,37.04011154174805,83242400,0.0378109889448641,0.3103598406035104,-0.1820150101759949,False,26.17548033563116,10.864631206116886,118.04021124492887,36.94539714710508,0.09471439464296338,0.008970816552583012,36.41940307617188
2017-09-18, $158.67,28157630, $160.11, $160.5, $157.995,37.36214041553341,37.45314792226297,36.86976555587258,37.0261116027832,113077600,-0.7568256328710166,0.5833823663903885,-0.3360288127502073,False,26.17548033563116,10.850631267152043,117.73619889569754,37.253898212952514,-0.22778661016931068,0.051886739772425514,37.04011154174805
2017-09-15, $159.88,48846060, $158.47, $160.97, $158,36.9794431577368,37.56282554672024,36.86976698375322,37.3084716796875,196458400,1.0108842771589188,0.6930585629670176,0.329028521950697,True,26.17548033563116,11.13299134405634,123.94349626683338,37.000112187378775,0.3083594923087247,0.09508557649689446,37.0261116027832
2017-09-14, $158.28,23637310, $158.99, $159.4, $158.09,37.10078269829304,37.19645469109048,36.89076293011516,36.93510055541992,95042800,-0.8581501584610352,0.3056917609753213,-0.1656821428731163,False,26.17548033563116,10.759620219788761,115.76942727408715,37.177939291739975,-0.24283873632005282,0.05897065185752014,37.3084716796875
2017-09-13, $159.65,44866280, $159.87, $159.96, $157.91,37.30614064551257,37.327145120323486,36.848770788000856,37.25480270385742,179629600,-0.7521844965807878,0.4783743323226304,-0.0513379416551487,False,26.17548033563116,11.079322368226261,122.75138413907877,37.18069238219236,0.07411032166506004,0.005492339777298668,36.93510055541992
2017-09-12, $160.86,71574560, $162.61, $163.96, $158.77,37.94551895192495,38.260546822252046,37.04944458215784,37.53715133666992,286856000,-0.3962936607792677,1.2111022400942062,-0.408367615255031,False,26.17548033563116,11.361671001038761,129.08756793584513,37.708500054608486,-0.17134871793856377,0.029360383139189483,37.25480270385742
2017-09-11, $161.5,31506890, $160.5, $162.05, $159.89,37.4531476047386,37.81484538097087,37.3108021661188,37.686500549316406,126323200,1.8092012040730632,0.504043214852075,0.2333529445778097,True,26.17548033563116,11.511020213685246,132.50358635987033,37.4872051914449,0.19929535787150598,0.039718639669131646,37.53715133666992
2017-09-08, $158.63,28411740, $160.86, $161.15, $158.53,37.53716855739872,37.604839369414,36.99345557008371,37.01679229736328,114446000,-1.630900434806759,0.6113837993302909,-0.5203762600354409,False,26.17548033563116,10.84131196173212,117.53404505159597,37.5941666510775,-0.5773743537142195,0.33336114432691266,37.686500549316406
2017-09-07, $161.26,21905160, $162.09, $162.24, $160.36,37.82419186548098,37.859196956472616,37.42049211964045,37.63050842285156,87714000,-0.4014288236981467,0.4387048368321657,-0.193683442629414,False,26.17548033563116,11.455028087220402,131.2176684790083,37.546217518563054,0.08429090428850827,0.007104956545774462,37.01679229736328
2017-09-06, $161.91,21610300, $162.71, $162.99, $160.52,37.96886004348513,38.03419858459997,37.457816513514224,37.78217697143555,86606800,-0.104904076462875,0.5763820710857459,-0.1866830720495826,False,26.17548033563116,11.606696635804386,134.71540679559286,37.85529591052951,-0.07311893909396616,0.005346379254227133,37.63050842285156
2017-09-05, $162.08,29491910, $163.75, $164.25, $160.56,38.21155270980482,38.32822920662865,37.46715609035932,37.82185363769531,117874000,-1.2008335792158875,0.8610731162693313,-0.3896990721095079,False,26.17548033563116,11.646373302064152,135.63801109103267,38.06625971773763,-0.24440608004231734,0.05973433196165163,37.78217697143555
2017-09-01, $164.05,16564340, $164.8, $164.94, $163.63,38.45656606993318,38.48923533982436,38.18354355141044,38.281551361083984,66364400,0.0304618428039082,0.3056917884139238,-0.1750147088491971,False,26.17548033563116,12.106071025452824,146.55695567330838,38.23950002987232,0.04205133121166682,0.001768314456673304,37.82185363769531
2017-08-31, $164,26729940, $163.64, $164.52, $163.48,38.18588642019916,38.39123820845164,38.14854908402883,38.26989364624024,107140400,0.3979199918819009,0.2426891244228102,0.0840072260410806,True,26.17548033563116,12.094413310609081,146.2748333278381,38.22450764414446,0.04538600209578192,0.002059889186238321,38.281551361083984
2017-08-30, $163.35,27215770, $163.8, $163.89, $162.61,38.22322179054412,38.24422270580322,37.94553115317101,38.11821365356445,109078400,0.2701006588300636,0.2986915526322065,-0.10500813697967,False,26.17548033563116,11.942733317933293,142.62887910327396,38.24470425736783,-0.12649060380337573,0.015999872850542572,38.26989364624024
2017-08-29, $162.91,29451050, $160.1, $163.12, $160,37.3598121669628,38.06453557730498,37.33647544553584,38.015533447265625,118067600,0.8917881503520464,0.7280601317691406,0.6557212803028278,True,26.17548033563116,11.840053111634464,140.18685768632497,37.63006218712331,0.38547126014231736,0.1485880923957061,38.11821365356445
2017-08-28, $161.47,25649890, $160.14, $162, $159.93,37.369152083341085,37.80318883835701,37.320146382960566,37.67951202392578,103864000,1.0071821499328504,0.4830424553964434,0.3103599405846964,True,26.17548033563116,11.50403168829462,132.3427450852868,37.60016558521591,0.07934643870986946,0.006295857335939071,38.015533447265625
2017-08-25, $159.86,25184600, $159.65, $160.56, $159.27,37.254789184976026,37.46714117924809,37.16611750394451,37.30379486083984,101920400,0.3704348049215156,0.3010236753035755,0.0490056758638104,True,26.17548033563116,11.128314525208676,123.83938417197041,37.408077126007335,-0.10428226516749817,0.010874790828464402,37.67951202392578
2017-08-24, $159.27,19782170, $160.43, $160.74, $158.55,37.43680528875181,37.50914768114245,36.99810424335767,37.16611862182617,79275600,-0.4438241220464212,0.5110434377847781,-0.2706866669256413,False,26.17548033563116,10.990638286195011,120.79412993797561,37.39482832911101,-0.22870970728483542,0.0523081302063151,37.30379486083984
2017-08-23, $159.98,19376940, $159.07, $160.47, $158.88,37.11945769174584,37.44615041706479,37.07512005887749,37.33180618286133,77596400,0.1251678547586454,0.3710303581873049,0.2123484911154847,True,26.17548033563116,11.156325847230168,124.46360640957592,37.14021552443673,0.19159065842460166,0.03670698039557239,37.16611862182617
2017-08-22, $159.78,21564890, $158.23, $160, $158.02,36.92343936170374,37.336475114651016,36.87443723209866,37.28513717651367,86418400,1.6347534533870167,0.4620378825523588,0.3616978148099292,True,26.17548033563116,11.109656840882511,123.42447512216758,37.07078111618811,0.21435606032556365,0.04594852059829668,37.33180618286133
2017-08-21, $157.21,26330070, $157.5, $157.89, $155.1101,36.753091782762446,36.844099296178136,36.19537834194661,36.68542098999024,105474000,-0.1841176210496287,0.6487209542315284,-0.0676707927722048,False,26.17548033563116,10.509940654359081,110.45885255814979,36.943649070315274,-0.25822808032503275,0.06668174146835157,37.28513717651367
2017-08-18, $157.5,27391950, $157.86, $159.5, $156.72,36.837097109852,37.21979580833799,36.57107488725423,36.75308990478516,109712400,-0.2280713781397159,0.6487209210837648,-0.0840072050668396,False,26.17548033563116,10.577609569154003,111.88582419745833,36.78818959435899,-0.035099689573826254,0.0012319882081789674,36.68542098999024
2017-08-17, $157.86,27377960, $160.52, $160.71, $157.84,37.457824633190185,37.50216227298986,36.832436740362205,36.83710479736328,111762400,-1.9198632817400083,0.6697255326276519,-0.6207198358269039,False,26.17548033563116,10.66162446173212,113.67023616300473,37.21557632991849,-0.37847153255520993,0.14324070095468933,36.75308990478516
2017-08-16, $160.95,27607370, $161.94, $162.51, $160.15,37.789191105392135,37.922200483954256,37.37148717823052,37.55817031860352,110686400,-0.4022190278400006,0.5507133057237397,-0.231020786788612,False,26.17548033563116,11.382689982972362,129.56563124845937,37.46050759365452,0.09766272494900363,0.009538007844464737,36.83710479736328
2017-08-15, $161.6,29377630, $160.66, $162.195, $160.14,37.49049410528858,37.84985616118254,37.36914954742076,37.70984649658203,117862000,1.0947746958359872,0.4807066137617752,0.219352391293448,True,26.17548033563116,11.53436616095087,133.04160273488853,37.518856264190795,0.19099023239123625,0.03647726886885843,37.55817031860352
2017-08-14, $159.85,22074760, $159.32, $160.21, $158.75,37.17780253158527,37.38548656397579,37.0447896093712,37.30147933959961,88490800,1.5049755646487029,0.3406969546045886,0.1236768080143377,True,26.17548033563116,11.125999003968449,123.78785383630692,37.368636673494066,-0.06715733389445688,0.004510107495811567,37.70984649658203
2017-08-11, $157.48,26208970, $156.6, $158.5728, $156.07,36.543076338748016,37.00278197214367,36.41939955013738,36.7484245300293,105028400,1.3906592701654177,0.5833824220062951,0.2053481912812813,True,26.17548033563116,10.572944194398136,111.78714893785725,36.81279352481485,-0.06436899478555347,0.004143367489702609,37.30147933959961
2017-08-10, $155.32,39636190, $159.9, $160, $154.63,37.31314215481408,37.33647887838671,36.08337444544976,36.244388580322266,163217200,-3.18517619561034,1.2531044329369436,-1.068753574491815,False,26.17548033563116,10.068908244691105,101.3829132400085,37.11984981961383,-0.8754612392915675,0.7664323815019272,36.7484245300293
2017-08-09, $161.06,26060430, $159.26, $161.27, $159.11,37.01842410962092,37.48563117062074,36.9835594991385,37.43681716918945,104526000,0.6121820883146389,0.5020716714822413,0.4183930595685297,True,26.17548033563116,11.261336833558293,126.81770727885672,36.7516115699288,0.6852055992606552,0.4695067132581536,36.244388580322266
2017-08-08, $160.08,36127490, $158.6, $161.83, $158.27,36.865019625255286,37.61580052880393,36.78831392847075,37.20903015136719,144823600,0.7997324717756049,0.8274866003331809,0.3440105261119015,True,26.17548033563116,11.033549815736027,121.73922153632851,37.06957588346231,0.13945426790487403,0.019447492836884378,37.43681716918945
2017-08-07, $158.81,21827400, $157.06, $158.92, $156.6701,36.50704811114128,36.93938691684847,36.41639659769082,36.913818359375,87481200,1.547409830271551,0.5229903191576497,0.4067702482337196,True,26.17548033563116,10.73833802374384,115.31190351218275,36.75697651511116,0.15684184426383752,0.02459936411208186,37.20903015136719
2017-08-04, $156.39,20514810, $156.07, $157.4, $155.69,36.27693554175151,36.58607781694372,36.18860715069363,36.35131454467773,82239600,0.5270632894753824,0.3974706662500935,0.0743790029262143,True,26.17548033563116,10.175834209046567,103.54760185000237,36.50390827029274,-0.15259372561501294,0.023284845097069858,36.913818359375
2017-08-03, $155.57,26604140, $157.05, $157.21, $155.02,36.50473515253736,36.541926436811416,36.03288181692307,36.16072463989258,108389200,-0.9990934706913256,0.5090446198883427,-0.344010512644779,False,26.17548033563116,9.985244304261418,99.70510381578508,36.45499946520542,-0.29427482531284,0.0865976728129025,36.35131454467773
2017-08-02, $157.14,69726440, $159.28, $159.75, $156.16,37.02307187157176,37.132319040752925,36.29785963935268,36.52565002441406,279747200,4.725073958478254,0.8344594014002453,-0.4974218471576961,False,26.17548033563116,10.350169688782902,107.12601258660035,36.72532522570176,-0.19967520128769678,0.03987018600928222,36.16072463989258
2017-08-01, $150.05,33669020, $149.1, $150.22, $148.41,34.65683753402334,34.9171694403032,34.496453217920134,34.877655029296875,141474400,0.8875108592660164,0.4207162223830636,0.2208174952735362,True,26.17548033563116,8.702174693665714,75.72784439907598,35.31431888185493,-0.4366638525580555,0.19067532013084323,36.52565002441406
2017-07-31, $148.73,19690420, $149.9, $150.33, $148.13,34.842789762511146,34.94274090774462,34.43137310076057,34.57083511352539,79383600,-0.515036356734444,0.5113678069840546,-0.2719546489857549,False,26.17548033563116,8.39535477789423,70.48198184671148,34.85792860235478,-0.2870934888293917,0.08242267132823204,34.877655029296875
2017-07-28, $149.5,17192770, $149.89, $150.23, $149.19,34.84046079961032,34.919489614945064,34.6777533719341,34.74980926513672,68854800,-0.7040082668050229,0.2417362430109619,-0.0906515344736007,False,26.17548033563116,8.574328929505558,73.51911659135594,34.74892958649303,0.0008796786436917614,7.73834516167377e-07,34.57083511352539
2017-07-27, $150.56,32429770, $153.75, $153.99, $147.3,35.737669882741635,35.79345679060988,34.23843175798736,34.996185302734375,129905200,-1.889773951773699,1.555025032622524,-0.7414845800072598,False,26.17548033563116,8.820704967103214,77.80483611667933,35.39511426769499,-0.3989289649606178,0.15914431908454982,34.74980926513672
2017-07-26, $153.46,15649120, $153.35, $153.93, $153.06,35.644704264586665,35.7795164525424,35.577294623853,35.67027282714844,63124000,0.4713934084863647,0.202221828689403,0.0255685625617729,True,26.17548033563116,9.494792491517277,90.15108445697287,35.42096528463218,0.24930754251625586,0.062154250755494724,34.996185302734375
2017-07-25, $152.74,18798250, $151.8, $153.84, $151.8,35.284420091668906,35.75859649908012,35.284420091668906,35.50291442871094,75415600,0.4273967257664379,0.474176407411214,0.2184943370420313,True,26.17548033563116,9.327434093079777,87.00102676074697,35.42280441430731,0.08011001440362975,0.006417614407749766,35.67027282714844
2017-07-24, $152.09,21466370, $150.58, $152.44, $149.9,35.00083854639876,35.433177371392006,34.84277739857869,35.35182189941406,85972800,1.2111236621749732,0.5903999728133158,0.3509833530153017,True,26.17548033563116,9.176341563782902,84.20524449520964,35.179752688656386,0.17206921075767667,0.029607813290769752,35.50291442871094
2017-07-21, $150.27,25111310, $149.99, $150.44, $148.88,34.86370807164886,34.96830545588833,34.60569929892158,34.92879104614258,105010400,-0.046546981394413,0.3626061569667484,0.0650829744937198,True,26.17548033563116,8.753310710511418,76.6204483947539,35.03764150856799,-0.10885046242540852,0.011848423170225273,35.35182189941406
2017-07-20, $150.34,17170490, $151.5, $151.74, $150.19,35.21468838383295,35.270475305629525,34.91019230588272,34.9450569152832,68974800,-0.450289842299667,0.3602829997468078,-0.2696314685497469,False,26.17548033563116,8.769576579652043,76.90547338638162,35.117701312331285,-0.17264439704808154,0.029806087832095627,34.92879104614258
2017-07-19, $151.02,20859830, $150.48, $151.42, $149.95,34.97760300729341,35.196097379667826,34.854409975508894,35.10312271118164,83692000,0.6263123581297325,0.3416874041589324,0.12551970388823,True,26.17548033563116,8.92764237555048,79.70279838572462,34.96921450243673,0.13390820874491283,0.017931408369271148,34.9450569152832
2017-07-18, $150.08,17837130, $149.2, $150.13, $148.67,34.68008735403194,34.89625864807044,34.5568942954562,34.88463592529297,71475200,0.3477078244739973,0.3393643526142398,0.2045485712610286,True,26.17548033563116,8.709155589661808,75.84939108493752,34.831102746540374,0.05353317875259478,0.0028658012273572652,35.10312271118164
2017-07-17, $149.56,23765710, $148.82, $150.9, $148.57,34.59175611582035,35.07522866447601,34.533646059353856,34.76375961303711,95174000,0.3488768506450856,0.5415826051221515,0.1720034972167567,True,26.17548033563116,8.588279277405949,73.75854094672044,34.697118048368864,0.06664156466824522,0.00444109814143191,34.88463592529297
2017-07-14, $149.04,20117070, $147.97, $149.33, $147.33,34.394189298620056,34.71030822848951,34.2454276579025,34.64289855957031,80528400,0.8594920568424813,0.464880570587006,0.2487092609502568,True,26.17548033563116,8.467418223939152,71.69717137909686,34.52628824298648,0.11661031658383081,0.013597965933781247,34.76375961303711
2017-07-13, $147.77,25080500, $145.5, $148.49, $145.44,33.82004280401538,34.5150401494659,33.80609696209252,34.34768295288086,100797600,1.3928278285396667,0.7089431873733787,0.5276401488654798,True,26.17548033563116,8.172202617249699,66.78489561738283,34.11056066163064,0.23712229125021622,0.05622698100775237,34.64289855957031
2017-07-12, $145.74,24833800, $145.87, $146.18, $144.82,33.90606550476529,33.978121430451395,33.6620060266046,33.875850677490234,99538000,0.1443239188984924,0.3161154038467941,-0.0302148272750528,False,26.17548033563116,7.700370341859074,59.29570340178283,34.06308505986113,-0.18723438237089596,0.035056713941810876,34.34768295288086
2017-07-11, $145.53,18647220, $144.73, $145.85, $144.38,33.641077267678725,33.901412766269914,33.55972530610891,33.827030181884766,79127200,0.3240330936658209,0.3416874601610047,0.185952914206041,True,26.17548033563116,7.651549846253605,58.54621504970357,33.725462671970305,0.10156750991446017,0.010315959070223965,33.875850677490234
2017-07-10, $145.06,21080580, $144.11, $145.95, $143.37,33.496955966065755,33.92464506499715,33.32494894841133,33.7177734375,84362400,0.6103497311585881,0.5996961165858181,0.2208174714342448,True,26.17548033563116,7.5422931018688395,56.88618523449828,33.61463279998484,0.10314063751516045,0.010637991107033723,33.827030181884766
2017-07-07, $144.18,18527000, $142.9, $144.75, $142.9,33.215702390068536,33.64571816878647,33.215702390068536,33.51322555541992,76806800,1.0159208926085128,0.4300157787179373,0.2975231653513859,True,26.17548033563116,7.337745219788761,53.84250491053282,33.39344906584262,0.1197764895773048,0.014346407455462206,33.7177734375
2017-07-06, $142.73,24110330, $143.02, $143.5, $142.41,33.243591423255054,33.35516170275818,33.101802789129216,33.17618179321289,96515200,-0.9438929707924149,0.2533589136289649,-0.0674096300421638,False,26.17548033563116,7.00070145758173,49.00982089818696,33.33992957543534,-0.16374778222245112,0.02681333618277128,33.51322555541992
2017-07-05, $144.09,21550270, $143.69, $144.79, $142.7237,33.399338707560744,33.65502084392385,33.173871390652444,33.492313385009766,86278400,0.4111456966540805,0.4811494532714064,0.0929746774490212,True,26.17548033563116,7.316833049378605,53.536045872479015,33.323145205480515,0.169168179529251,0.0286178729652409,33.17618179321289
2017-07-03, $143.5,14277850, $144.88, $145.3001, $143.1,33.67594369003413,33.77356816691595,33.26220033940119,33.35517501831055,57111200,-0.3610488832428982,0.5113678275147606,-0.3207686717235845,False,26.17548033563116,7.179694682679386,51.548015736494655,33.61377768912567,-0.25860267081512234,0.06687534135271453,33.492313385009766
2017-06-30, $144.02,22986960, $144.45, $144.96, $143.78,33.57598747388138,33.69453425037123,33.42025295949374,33.47603988647461,92096400,0.2366580984380695,0.2742812908774894,-0.0999475874067741,False,26.17548033563116,7.300559550843449,53.2981697554115,33.500730636358306,-0.024690749883696128,0.0006096331298192404,33.35517501831055
2017-06-29, $143.68,31450520, $144.71, $145.13, $142.28,33.636419820909026,33.73404427035426,33.07158834234401,33.397003173828125,125997600,-1.4742915881661878,0.6624559280102531,-0.2394166470809011,False,26.17548033563116,7.2215228381969645,52.15039210260034,33.58237302259835,-0.18536984877022178,0.03436198083309489,33.47603988647461
2017-06-28, $145.83,22052920, $144.49, $146.11, $143.1601,33.58527107922489,33.96182290349856,33.27612532288432,33.8967399597168,88329600,1.4610516027298903,0.6856975806142387,0.3114688804919083,True,26.17548033563116,7.721259624085636,59.617850182535065,33.521421232183926,0.3753187275328713,0.1408641472368937,33.397003173828125
2017-06-27, $143.73,24725210, $145.01, $146.16, $143.62,33.70614585864433,33.97345416700093,33.38305418258259,33.40862274169922,99047600,-1.4332901792763475,0.5903999844183403,-0.2975231169451078,False,26.17548033563116,7.233142406068058,52.318349066460016,33.775096967321744,-0.3664742256225253,0.13430335804562957,33.8967399597168
2017-06-26, $145.82,25674500, $147.17, $148.28, $145.38,34.20822036352045,34.466229101408445,33.79215400799219,33.89442825317383,102769600,-0.314453236973411,0.6740750934162563,-0.3137921103466183,False,26.17548033563116,7.718947917542668,59.58215695373629,33.93061778643657,-0.03618953326274266,0.0013096823177751573,33.40862274169922
2017-06-23, $146.28,35421310, $145.13, $147.16, $145.11,33.734041820737275,34.20589506550318,33.72939202440925,34.001346588134766,141757600,0.4463443533106126,0.4765030410939275,0.2673047673974906,True,26.17548033563116,7.825866252503605,61.24418260207482,33.7924288695041,0.20891771863066566,0.04364661315784198,33.89442825317383
2017-06-22, $145.63,19082170, $145.77, $146.7, $145.1199,33.882799350448174,34.09896697278003,33.73171113518738,33.85025787353516,76425200,-0.16454276182295,0.3672558375926513,-0.0325414769130105,False,26.17548033563116,7.674777537904003,58.902210256315826,33.92662653923,-0.07636866569483658,0.005832173100009709,34.001346588134766
2017-06-21, $145.87,21247590, $145.52, $146.0693, $144.61,33.82469588633968,33.95253869431153,33.61317447194587,33.90604782104492,85063200,0.5930829846501728,0.3393642223656599,0.0813519347052391,True,26.17548033563116,7.730567485413761,59.761673646536444,33.83591076358391,0.07013705746101095,0.004919206829289153,33.85025787353516
2017-06-20, $145.01,24877950, $146.87, $146.87, $144.94,34.138481214993035,34.138481214993035,33.68987346053195,33.70614242553711,99600400,-0.908869062879003,0.4486077544610864,-0.4323387894559261,False,26.17548033563116,7.530662089905949,56.710871512346635,34.05952069177713,-0.35337826624002133,0.1248761990508034,33.90604782104492
2017-06-19, $146.34,32203640, $143.66, $146.74, $143.66,33.39235892227018,34.10827514113461,33.39235892227018,34.01529693603516,130165600,2.8607874095315733,0.7159162188644288,0.6229380137649798,True,26.17548033563116,7.839816600404003,61.46272432797018,33.5042605267938,0.5110364092413633,0.2611582115703061,33.70614242553711
2017-06-16, $142.27,50264540, $143.78, $144.5, $142.2,33.42023912222331,33.587596287117485,33.05298331852524,33.06925582885742,201444400,-1.39996715192644,0.534612968592242,-0.3509832933658856,False,26.17548033563116,6.893775493226261,47.52414055100699,33.63069426796802,-0.5614384391105958,0.31521312091094217,34.01529693603516
2017-06-15, $144.29,31642900, $143.32, $144.4798, $142.21,33.31332415824368,33.58295203798691,33.055315448651314,33.538787841796875,128661600,-0.5993439912520104,0.527636589335593,0.225463683553194,True,26.17548033563116,7.3633075061657145,54.21829743035635,33.2297488486703,0.30903899312657757,0.09550509927268885,33.06925582885742
2017-06-14, $145.16,31454590, $147.5, $147.5, $143.84,34.28492166573498,34.28492166573498,33.43418987690974,33.74101257324219,126124800,-0.9755222125405804,0.8507317888252359,-0.5439090924927896,False,26.17548033563116,7.565532237611027,57.237278038331716,34.02609848598269,-0.2850859127405059,0.08127397764308733,33.538787841796875
2017-06-13, $146.59,34089190, $147.16, $147.45, $145.15,34.20589882874218,34.27330492251512,33.73869178214807,34.07340621948242,136661600,0.8045276915275901,0.5346131403670569,-0.1324926092597564,False,26.17548033563116,7.897925883851261,62.37723326680773,34.04555000957714,0.027856209905280593,0.0007759684302870527,33.74101257324219
2017-06-12, $145.42,72187710, $145.74, $146.09, $142.51,33.87584667062883,33.957198638140845,33.12506203502354,33.80146408081055,289229200,-2.38958414024939,0.8321366031173056,-0.0743825898182848,False,26.17548033563116,7.625983745179386,58.15562808174022,33.94734872020179,-0.14588463939124097,0.021282328010312417,34.07340621948242
2017-06-09, $148.98,64782910, $155.19, $155.19, $146.02,36.07240773011959,36.07240773011959,33.940930781663866,34.62895202636719,259530800,-3.877656627075643,2.1314769484557274,-1.4434557037524058,False,26.17548033563116,8.453471690736027,71.46118362607542,35.28058417821101,-0.6516321518438204,0.4246244613166078,33.80146408081055
2017-06-08, $154.99,21144040, $155.25, $155.54, $154.4,36.08634642269079,36.15375253015387,35.88877080457249,36.02591323852539,85003200,-0.2445725109328278,0.2649817255813786,-0.0604331841653973,False,26.17548033563116,9.85043290289423,97.03102837442125,35.57953257434859,0.4463806641768002,0.1992556973509213,34.62895202636719
2017-06-07, $155.37,21017560, $155.02, $155.98, $154.48,36.03288678355155,36.25602742644051,35.9073670685145,36.11423873901367,84278400,0.5957027836051454,0.3486603579260077,0.0813519554621251,True,26.17548033563116,9.938758403382511,98.77891860080649,36.03414593823244,0.08009280078123027,0.006414856736981839,36.02591323852539
2017-06-06, $154.45,26591850, $153.9, $155.81, $153.78,35.77253639360547,36.21649791553174,35.74464471155945,35.9003791809082,106499600,0.3378260595606308,0.4718532039722873,0.1278427873027325,True,26.17548033563116,9.724898845277043,94.57365755087076,35.89577282018386,0.004606360724345393,2.1218559122791813e-05,36.11423873901367
2017-06-05, $153.93,25277680, $154.34, $154.45, $153.46,35.87480798567305,35.900376541253614,35.67026308778339,35.77950668334961,101326800,-0.9778499905774952,0.2301134534702242,-0.0953013023234419,False,26.17548033563116,9.604026347718449,92.23732208767017,35.887364902387105,-0.10785821903749593,0.011633395413940449,35.9003791809082
2017-06-02, $155.45,27715140, $153.58, $155.45, $152.89,35.69816949603981,36.13283157348633,35.53778517638667,36.13283157348633,111082800,1.4819006718565395,0.595046397099658,0.4346620774465179,True,26.17548033563116,9.957351237855168,99.14884367401584,35.730146867099194,0.4026847063871344,0.16215497275809262,35.77950668334961
2017-06-01, $153.18,16383610, $153.17, $153.33, $152.22,35.602874780688644,35.640066074118366,35.3820572394297,35.60519790649414,65616400,0.274964963292712,0.2580088346886668,0.0023231258054963,True,26.17548033563116,9.42971757086298,88.91957346624203,35.79194925212672,-0.18675134563257956,0.034876065095579195,36.13283157348633
2017-05-31, $152.76,24452750, $153.97, $154.17, $152.38,35.78881875413772,35.83530608592491,35.4192396783089,35.507564544677734,97804800,-0.5921690112385858,0.4160664076160145,-0.2812542094599877,False,26.17548033563116,9.332084209046574,87.08779568473642,35.7280358670352,-0.22047132235746858,0.04860760398205082,35.60519790649414
2017-05-30, $153.67,20118620, $153.42, $154.43, $153.33,35.660971833916435,35.89573513785693,35.64005306902935,35.71908187866211,80507600,0.0390389245000566,0.255682068827582,0.0581100447456748,True,26.17548033563116,9.543601543030949,91.08033041214271,35.6106897976247,0.10839208103740816,0.011748843231620058,35.507564544677734
2017-05-26, $153.61,21895020, $154, $154.24, $153.31,35.79579452040507,35.851581451035386,35.635410198254704,35.70514297485352,87710400,-0.1689894539445458,0.2161712527806827,-0.0906515455515446,False,26.17548033563116,9.529662639222362,90.81447001739052,35.77246801216366,-0.06732503731013395,0.004532660648810929,35.71908187866211
2017-05-25, $153.87,19217810, $153.73, $154.35, $153.03,35.7330415425565,35.87715692105981,35.5703340636886,35.76558303833008,76942400,0.34569734700296,0.306822857371209,0.0325414957735787,True,26.17548033563116,9.590102702698918,91.97006984831309,35.72677448186514,0.03880855646493586,0.001506104054892115,35.70514297485352
2017-05-24, $153.34,19201820, $153.84, $154.17, $152.67,35.75858838045589,35.83529404817811,35.4866338567616,35.64236831665039,76712000,-0.2991314272494771,0.3486601914165135,-0.1162200638054997,False,26.17548033563116,9.46688798101923,89.62196804516635,35.764561713126014,-0.12219339647562322,0.014931226142248849,35.76558303833008
2017-05-23, $153.8,19906170, $154.9, $154.9, $153.31,36.00498783317736,36.00498783317736,35.63540874307871,35.749305725097656,79675600,-0.1233608592352997,0.3695790900986466,-0.2556821080797036,False,26.17548033563116,9.573825389466496,91.6581325879933,35.88163973451996,-0.13233400942230134,0.017512290049781738,35.64236831665039
2017-05-22, $153.99,22930630, $154, $154.58, $152.91,35.79578397067189,35.930599686561685,35.54242505223062,35.793460845947266,91865600,0.607588693356198,0.3881746343310652,-0.0023231247246258,False,26.17548033563116,9.617980510316105,92.50554909682045,35.7830490958712,0.01041175007606654,0.0001084045396464716,35.749305725097656
2017-05-19, $153.06,26892850, $153.38, $153.98, $152.63,35.65167977873809,35.79114177368789,35.47734962498381,35.57729721069336,107843200,0.3409043594680749,0.3137921487040813,-0.0743825680447329,False,26.17548033563116,9.401816875062199,88.39416055220433,35.70480134335458,-0.1275041326612225,0.01625730384569063,35.793460845947266
2017-05-18, $152.54,33520150, $151.27, $153.34, $151.13,35.161228228070684,35.642377572865925,35.128686743624414,35.456424713134766,134272800,1.5241252658475313,0.5136908292415114,0.295196485064082,True,26.17548033563116,9.280944377503605,86.13592853831578,35.31011738338968,0.14630732974508476,0.021405834737136965,35.57729721069336
2017-05-17, $150.25,50674280, $153.6, $154.57, $149.71,35.70281313875219,35.928280397547645,34.79862097859771,34.92413711547852,203070800,-3.357548609918404,1.1296594189499345,-0.7786760232736682,False,26.17548033563116,8.748656779847362,76.53899545156922,35.61998550051631,-0.6958483850377846,0.4842049749596929,35.456424713134766
2017-05-16, $155.47,19994270, $155.94, $156.06, $154.72,36.24671739912144,36.274609082037145,35.963140133627775,36.13747024536133,80194000,-0.1477458455242941,0.3114689484093702,-0.1092471537601085,False,26.17548033563116,9.961989909730168,99.24124296156567,35.787236033061795,0.350234212299533,0.12266400346507435,34.92413711547852
2017-05-15, $155.7,25912270, $156.01, $156.65, $155.05,36.26299675628336,36.41175835238627,36.03985613550709,36.1909408569336,104038800,-0.2562342232282244,0.3719022168791852,-0.0720558993497562,False,26.17548033563116,10.01546052130244,100.30944945376775,36.22287499548382,-0.03193413855021987,0.0010197892049446388,36.13747024536133
2017-05-12, $156.1,32493770, $154.7, $156.42, $154.67,35.95849428633321,36.3582916702196,35.95152136483856,36.283912658691406,130108000,1.3965841424676162,0.4067703053810376,0.3254183723581931,True,26.17548033563116,10.108432323060246,102.18040402988916,36.0435779336042,0.24033472508720877,0.05776078008274421,36.1909408569336
2017-05-11, $153.95,27236290, $152.45, $154.07, $152.31,35.4354966092352,35.81205202631621,35.402955133364486,35.784156799316406,109020400,0.8647901786794421,0.4090968929517231,0.3486601900812047,True,26.17548033563116,9.608676463685246,92.3266633837788,35.73602364968324,0.04813314963316628,0.0023168000936087756,36.283912658691406
2017-05-10, $153.26,25779060, $153.63, $153.94, $152.11,35.5630039032327,35.63476361185649,35.211146087985654,35.477352142333984,103222800,-0.4740343246824818,0.4236175238708384,-0.0856517608987132,False,26.17548033563116,9.301871806702824,86.52481910833286,35.64387290515599,-0.16652076282200312,0.027729164450821818,35.784156799316406
2017-05-09, $153.99,38907940, $153.87, $154.88, $153.45,35.61854740828749,35.85234920110843,35.521324264291295,35.64632797241211,156521600,0.6404736756681739,0.3310249368171369,0.0277805641246189,True,26.17548033563116,9.470847636780949,89.69695495911928,35.57251575334854,0.07381221906356927,0.0054482436830883395,35.477352142333984
2017-05-08, $153.01,48670440, $149.03, $153.7, $149.03,34.4981673635165,35.579200576555564,34.4981673635165,35.41947555541992,195009600,2.7188458321717235,1.0810332130390634,0.921308191903421,True,26.17548033563116,9.243995219788761,85.45144762347748,34.90308807358678,0.5163874818331422,0.26665603139397376,35.64632797241211
2017-05-05, $148.96,27254850, $146.76, $148.98, $146.76,33.9726949212894,34.48659126238202,33.9726949212894,34.481964111328125,109310800,1.6583741772317584,0.5138963410926181,0.5092691900387223,True,26.17548033563116,8.306483775696964,68.9976727159169,34.48188431756689,7.979376123756765e-05,6.367044332437954e-09,35.41947555541992
2017-05-04, $146.53,23345970, $146.52, $147.14, $145.81,33.91713909182939,34.06065847493561,33.75278340135599,33.91945266723633,93487600,-0.3604012262292566,0.3078750735796163,0.0023135754069372,True,26.17548033563116,7.743972331605168,59.96910747266637,34.117327656024855,-0.19787498878852716,0.03915451118805975,34.481964111328125
2017-05-03, $147.06,45579740, $145.59, $147.49, $144.27,33.701858153687134,34.141681222939226,33.39630017256143,34.04214096069336,182788000,-0.305108088766115,0.7453810503777945,0.3402828070062256,True,26.17548033563116,7.866660625062199,61.88434938990399,33.780265181311314,0.261875779382045,0.06857892382695349,33.91945266723633
2017-05-02, $147.51,44182930, $147.54, $148.09, $146.84,34.15326841966558,34.28058577572571,33.991229753851776,34.146324157714844,181408800,0.6344930986213582,0.2893560218739353,-0.0069442619507356,False,26.17548033563116,7.970843822083683,63.53435123604962,34.11681315405194,0.029511003662904045,0.000870899337191936,34.04214096069336
2017-05-01, $146.58,33498270, $145.1, $147.2, $144.96,33.58843765714753,34.07455349864762,33.55602993438086,33.931034088134766,134411600,2.039676871150209,0.5185235642667578,0.3425964309872356,True,26.17548033563116,7.755553752503605,60.14861400797275,33.78598087966884,0.1450532084659244,0.02104043328625892,34.146324157714844
2017-04-28, $143.65,20783460, $144.09, $144.3, $143.27,33.354638589679055,33.403251943974794,33.16482292111123,33.252784729003906,83441600,-0.097346723034708,0.2384290228635635,-0.1018538606751491,False,26.17548033563116,7.077304393372746,50.088237476453166,33.55851315833037,-0.3057284293264644,0.09346987249842692,33.931034088134766
2017-04-27, $143.79,14198660, $143.923, $144.16, $143.31,33.31528091186604,33.37083851697221,33.174075089542335,33.285186767578125,56985200,0.0765583758476129,0.1967634274298788,-0.030094144287915,False,26.17548033563116,7.1097064319469645,50.54792554846804,33.29531479409343,-0.010128026515303645,0.0001025769210946937,33.252784729003906
2017-04-26, $143.68,19998050, $144.47, $144.6, $143.3762,33.44259857448812,33.47269271909866,33.19028107142358,33.25972366333008,80164800,-0.5881134272178845,0.2824116476750831,-0.182874911158045,False,26.17548033563116,7.084243327698918,50.186503526046636,33.38946498957954,-0.12974132624945867,0.016832811736968472,33.285186767578125
2017-04-25, $144.53,18325720, $143.91, $144.9, $143.87,33.31296635455001,33.54213396298466,33.30370498788361,33.456485748291016,75486000,0.6196014184738807,0.2384289751010442,0.143519393741009,True,26.17548033563116,7.281005412659855,53.013039819182104,33.296240386016365,0.16024536227465092,0.025678576130534116,33.25972366333008
2017-04-24, $143.64,17117710, $143.5, $143.95, $143.18,33.218057673208875,33.32222509188119,33.143980866576484,33.250465393066406,68537200,0.96298356370752,0.1782442253047023,0.0324077198575309,True,26.17548033563116,7.074985057435246,50.05541356293201,33.30344712049812,-0.05298172743171392,0.0028070634416484273,33.456485748291016
2017-04-21, $142.27,17290900, $142.44, $142.68, $141.85,32.972674874043584,33.02822893073666,32.83609977510572,32.93332290649414,69283600,-0.1193601269842692,0.192129155630937,-0.0393519675494431,False,26.17548033563116,6.75784257086298,45.668436212567975,33.071693431414026,-0.13837052491988544,0.019146402166604636,33.250465393066406
2017-04-20, $142.44,23294040, $141.22, $142.92, $141.16,32.690267539552906,33.08379079811462,32.67637902358353,32.972679138183594,93278400,1.251079445805603,0.4074117745310914,0.2824115986306879,True,26.17548033563116,6.797198802552433,46.20191156142023,32.77693333823846,0.1957457999451364,0.03831641819616136,32.93332290649414
2017-04-19, $140.68,17302160, $141.88, $142, $140.45,32.8430462719314,32.8708233021722,32.51202135546686,32.56526184082031,69313600,-0.3683091229042312,0.3588019467053414,-0.2777844311110868,False,26.17548033563116,6.389781505189152,40.82930768405735,32.89007794654866,-0.3248161057283454,0.10550550254052767,32.972679138183594
2017-04-18, $141.2,14676420, $141.41, $142.04, $141.11,32.734259408881314,32.88009239978457,32.66481327731086,32.685646057128906,58790000,-0.4441836619096473,0.21527912247371,-0.0486133517524081,False,26.17548033563116,6.510165721497746,42.38225772136426,32.676604551473716,0.009041505655190463,8.174882451284112e-05,32.56526184082031
2017-04-17, $141.83,16529130, $141.48, $141.88, $140.87,32.7504570543777,32.84305306128152,32.6092512345038,32.831478118896484,66328400,0.5530163246951547,0.2338018267777215,0.0810210645187865,True,26.17548033563116,6.655997783265324,44.302306490832905,32.72931116152292,0.10216695737356218,0.010438087178971272,32.685646057128906
2017-04-13, $141.05,17775510, $141.91, $142.38, $141.05,32.84999019496731,32.958788271870205,32.65091323852539,32.65091323852539,71291600,-0.5289516634754077,0.3078750333448141,-0.199076956441921,False,26.17548033563116,6.47543290289423,41.931231279885196,32.845128627414375,-0.19421538888898482,0.037719617281299606,32.831478118896484
2017-04-12, $141.8,20320420, $141.6, $142.15, $141.01,32.778242939696646,32.905556730054954,32.6416642488803,32.82453918457031,81400000,0.1200543886639149,0.2638924811746506,0.0462962448736661,True,26.17548033563116,6.649058848939152,44.20998357665604,32.735213791537404,0.0893253930329081,0.007979025840483506,32.65091323852539
2017-04-11, $141.63,30341520, $142.94, $143.35, $140.06,33.08842352954414,33.18333310411267,32.42174646432778,32.785179138183594,121517600,-1.0756695727421106,0.7615866397848876,-0.3032443913605434,False,26.17548033563116,6.609698802552433,43.68811826046307,32.997759451413344,-0.21258031322975057,0.04519038957285887,32.82453918457031
2017-04-10, $143.17,18904680, $143.6, $143.8792, $142.9,33.24121432941416,33.30602978233185,33.07917216494268,33.14167404174805,75733600,-0.1185761889953118,0.2268576173891645,-0.099540287666116,False,26.17548033563116,6.966193706116886,48.52785475114252,33.08333621203757,0.05833782971047441,0.0034033023753283105,32.785179138183594
2017-04-07, $143.34,16658660, $143.73, $144.18, $143.27,33.27129772861994,33.37546514590922,33.16481673572033,33.1810188293457,66688800,-0.22275564993397,0.2106484101888881,-0.0902788992742387,False,26.17548033563116,7.005538493714543,49.077569586916226,33.22778694350423,-0.046768114158524554,0.002187256501944785,33.14167404174805
2017-04-06, $143.66,21131040, $144.29, $144.52, $143.45,33.40092941039191,33.45417344029997,33.20648308914748,33.255096435546875,84596000,-0.2499693917365708,0.2476903511524852,-0.1458329748450353,False,26.17548033563116,7.0796160999157145,50.12096412218579,33.3258741947189,-0.07077775917202445,0.005009491193413091,33.1810188293457
2017-04-05, $144.02,27649500, $144.22, $145.46, $143.81,33.38472855228239,33.67177089344331,33.28981896381265,33.33843231201172,110871600,-0.5180659448135505,0.3819519296306595,-0.0462962402706708,False,26.17548033563116,7.162951976380558,51.30788101593414,33.34128888937414,-0.0028565773624222857,8.160034227503462e-06,33.255096435546875
2017-04-04, $144.77,19865300, $143.25, $144.89, $143.17,33.16018901999621,33.53982385248082,33.141669816926616,33.512046813964844,79565600,0.7446634175251488,0.3981540355542066,0.3518577939686338,True,26.17548033563116,7.336566478333683,53.8252076910095,33.22445688927803,0.287589924686813,0.08270796478136677,33.33843231201172
2017-04-03, $143.7,19970040, $143.71, $144.12, $143.05,33.26665655383155,33.36156256431881,33.113875855717886,33.264339447021484,79942800,0.0277942705489531,0.2476867086009235,-0.002317106810068,False,26.17548033563116,7.088859111390324,50.25192350114161,33.35451671411576,-0.0901772670942762,0.00813193950059243,33.512046813964844
2017-03-31, $143.66,19576480, $143.72, $144.27, $143.01,33.26898495389625,33.396302259059844,33.1046292450166,33.255096435546875,78646800,-0.1875885618607187,0.2916730140432406,-0.0138885183493755,False,26.17548033563116,7.0796160999157145,50.12096412218579,33.2692547113097,-0.014158275762824246,0.0002004567725761765,33.264339447021484
2017-03-30, $143.93,21189000, $144.19, $144.5, $143.5,33.37778472764183,33.44954443082265,33.218059694277166,33.317596435546875,84829200,-0.1318500780798093,0.2314847365454824,-0.0601882920949563,False,26.17548033563116,7.1421160999157145,51.00982238467525,33.336773073914806,-0.01917663836793082,0.00036774345909439647,33.255096435546875
2017-03-29, $144.12,29174040, $143.68, $144.49, $143.19,33.25972984641685,33.44723547595207,33.1463045704324,33.3615837097168,116760000,0.2225157979684144,0.3009309055196709,0.1018538632999437,True,26.17548033563116,7.186103374085636,51.64008170304497,33.28189264568131,0.07969106403548665,0.006350665687108034,33.317596435546875
2017-03-28, $143.8,33348400, $140.91, $144.04, $140.62,32.61852282658592,33.34306782229113,32.55139025901376,33.28751373291016,133499200,2.072704320354579,0.7916775632773749,0.6689909063242467,True,26.17548033563116,7.112033397279003,50.58101904401192,32.880302492438545,0.40721124047161794,0.16582099436643385,33.3615837097168
2017-03-27, $140.88,23531670, $139.39, $141.22, $138.62,32.26665872124432,32.690276231829365,32.0884144771652,32.611572265625,94300400,0.1706747381936768,0.6018617546641636,0.344913544380681,True,26.17548033563116,6.4360919299938395,41.42327933133183,32.62552476959726,-0.013952503972262775,0.00019467236709600852,33.28751373291016
2017-03-24, $140.64,22355140, $141.5, $141.74, $140.35,32.75508436437389,32.810641962794406,32.488878377816576,32.556007385253906,89582400,-0.1986703621451147,0.3217635849778304,-0.1990769791199866,False,26.17548033563116,6.380527049622746,40.71112543096754,32.706371114374456,-0.1503637291205493,0.022609251035037924,32.611572265625
2017-03-23, $140.92,20299310, $141.26, $141.5844, $140.61,32.69951920753767,32.77359598830901,32.549055603336946,32.62081527709961,81385200,-0.3535782096168893,0.2245403849720659,-0.0787039304380599,False,26.17548033563116,6.445334941468449,41.542342507714096,32.65076976788771,-0.029954490788099974,0.0008972715183743663,32.556007385253906
2017-03-22, $141.42,25804820, $139.845, $141.6, $139.76,32.373135507438455,32.77823371741696,32.35229920075717,32.73656463623047,103440800,1.1298737952689208,0.4259345166597867,0.3634291287920135,True,26.17548033563116,6.561084300599308,43.04782719957071,32.461214214446834,0.2753504217836351,0.07581785477642576,32.62081527709961
2017-03-21, $139.84,39461130, $142.11, $142.8, $139.73,32.896286464931364,33.05601145174801,32.345351822213246,32.37081527709961,158119600,-1.1452420771181804,0.7106596295347671,-0.5254711878317551,False,26.17548033563116,6.195334941468449,38.382175036979866,32.84198687285999,-0.4711715957603815,0.22200267265138435,32.73656463623047
2017-03-20, $141.46,21258100, $140.4, $141.5, $140.23,32.50045754809698,32.75509218644544,32.4611055643844,32.74583435058594,86168000,1.050086404580619,0.2939866220610412,0.2453768024889555,True,26.17548033563116,6.570354014954777,43.169551881832355,32.45643685995812,0.2893974906278203,0.08375090758167933,32.37081527709961
2017-03-17, $139.99,43700570, $141, $141, $139.89,32.63934639760594,32.63934639760594,32.38239821021006,32.405548095703125,175540000,-0.4975520644580511,0.2569481873958779,-0.2337983019028158,False,26.17548033563116,6.2300677600719645,38.81374429508811,32.67813697733219,-0.27258888162906203,0.0743046983877828,32.74583435058594
2017-03-16, $140.69,19173780, $140.72, $141.02, $140.26,32.574533065814535,32.643979194613266,32.468048530699576,32.567588806152344,76928000,0.1637484203856232,0.1759306639136895,-0.0069442596621911,False,26.17548033563116,6.392108470521183,40.85905069890866,32.51677831333471,0.05081049281763228,0.0025817061803706616,32.405548095703125
2017-03-15, $140.46,25676720, $139.41, $140.7501, $139.025,32.27128740089075,32.58147609467358,32.1833220722569,32.514347076416016,102767200,1.0576416100235295,0.3981540224166835,0.2430596755252665,True,26.17548033563116,6.338866740784855,40.18123155742841,32.37633261003637,0.13801446637964432,0.01904799293005797,32.567588806152344
2017-03-14, $138.99,15281850, $139.3, $139.65, $138.84,32.2458205158316,32.3268380442881,32.13933599604356,32.1740608215332,61236400,-0.1508704707634645,0.1875020482445393,-0.0717596942984002,False,26.17548033563116,5.998580485902043,35.98296784584478,32.34111907775924,-0.16705825622603498,0.027908460973283557,32.514347076416016
2017-03-13, $139.2,17048800, $138.85, $139.43, $138.82,32.14165778323444,32.2759158250435,32.13471352356076,32.22267532348633,69686800,0.0431345940273164,0.1412023014827355,0.0810175402518851,True,26.17548033563116,6.047194987855168,36.56856722114066,32.154170102705166,0.06850522078116228,0.004692965274275788,32.1740608215332
2017-03-10, $139.14,19578920, $139.25, $139.3571, $138.64,32.234245655264324,32.25970911448372,32.09303984180699,32.20878219604492,78451200,0.3316884968152633,0.166669272676728,-0.0254634592194022,False,26.17548033563116,6.033301860413761,36.400731338872156,32.23141379435929,-0.022631598314369228,0.00051218924226296,32.22267532348633
2017-03-09, $138.68,22117750, $138.74, $138.79, $137.05,32.116194602915954,32.12776601435599,31.72498482103165,32.10230255126953,88623600,-0.2301880699128733,0.402781193324337,-0.0138920516464224,False,26.17548033563116,5.926822215638371,35.127221575784525,32.14977400107172,-0.047471449802188204,0.0022535385463216743,32.20878219604492
2017-03-08, $139,18695500, $138.95, $139.8, $138.82,32.16479377359363,32.36155715341623,32.134703168762755,32.176368713378906,74828800,-0.3727087213132085,0.2268539846534736,0.0115749397852766,True,26.17548033563116,6.000888377747746,36.01066132218797,32.14407807467905,0.03229063869985538,0.0010426853476445978,32.10230255126953
2017-03-07, $139.52,17439210, $139.06, $139.98, $138.79,32.19025698542041,32.40322245359531,32.12775513679197,32.2967414855957,69785200,0.1291233766886446,0.2754673168033434,0.1064845001752914,True,26.17548033563116,6.121261149964543,37.469838066065236,32.18658438276069,0.11015710283501079,0.012134587305003141,32.176368713378906
2017-03-06, $139.34,21229890, $139.365, $139.77, $138.5959,32.262036882584674,32.35463292601534,32.08379612181418,32.25509262084961,87000000,-0.314718844484918,0.2708368042011599,-0.0069442617350645,False,26.17548033563116,6.079612285218449,36.96168553857909,32.275434093490475,-0.020341472640865277,0.00041377550919907056,32.2967414855957
2017-03-03, $139.78,21555370, $138.78, $139.83, $138.59,32.125441300977805,32.36850090395948,32.08145864978795,32.35692596435547,84432400,0.5900561381088965,0.2870422541715314,0.2314846633776639,True,26.17548033563116,6.181445628724308,38.21027006087486,32.17201081248759,0.18491515186787666,0.03419361339031989,32.25509262084961
2017-03-02, $138.96,26170690, $140, $140.2786, $138.76,32.4078644691054,32.472679915469456,32.12082211222392,32.16712188720703,104844000,-0.5937320334611917,0.3518578032455366,-0.2407425818983668,False,26.17548033563116,5.991641551575871,35.89976848257051,32.39135462608739,-0.22423273888036022,0.05028032118578781,32.35692596435547
2017-03-01, $139.79,36362440, $137.89, $140.15, $137.595,31.91942953729377,32.442583759753184,31.85230051920705,32.359249114990234,145658400,2.043950634630254,0.5902832405461353,0.4398195776964648,True,26.17548033563116,6.183768779359074,38.238996316576014,32.007216361351865,0.35203275363836894,0.12392705963421256,32.16712188720703
2017-02-28, $136.99,23446340, $137.08, $137.435, $136.7,31.73192286301284,31.81525749567788,31.643957547373027,31.711090087890625,93931600,0.0437765957862712,0.1712999483048491,-0.0208327751222157,False,26.17548033563116,5.5356097522594645,30.64297532931009,31.952579664674758,-0.24148957678413296,0.05831721569537965,32.359249114990234
2017-02-27, $136.93,20222210, $137.14, $137.435, $136.28,31.745827492054847,31.815273643218475,31.54675040921403,31.69721412658692,81029600,0.197604019608466,0.2685232340044443,-0.0486133654679292,False,26.17548033563116,5.521733790955761,30.489544058182677,31.734560839916227,-0.03734671332930617,0.001394776996501375,31.711090087890625
2017-02-24, $136.66,21754600, $135.91, $136.66, $135.28,31.46108914249746,31.63470268249512,31.315252638602946,31.63470268249512,87106400,0.0952509584842609,0.319450043892175,0.1736135399976603,True,26.17548033563116,5.45922234686396,29.803108632498844,31.54452439849998,0.09017828399514016,0.008132122904308153,31.69721412658692
2017-02-23, $136.53,20762360, $137.38, $137.48, $136.3,31.80136236450006,31.824508710207315,31.55135851850376,31.60459899902344,83152800,-0.4230630064546159,0.2731501917035537,-0.1967633654766203,False,26.17548033563116,5.4291186633922806,29.475329461194384,31.743917286699165,-0.1393182876757244,0.019409585280895904,31.63470268249512
2017-02-22, $137.11,20769030, $136.43, $137.12, $136.11,31.581462967593552,31.74118801135725,31.50738968380831,31.738874435424805,83347600,0.2999237156183776,0.2337983275489392,0.1574114678312526,True,26.17548033563116,5.563394099793644,30.95135390961873,31.59036305974351,0.14851137568129502,0.022055628706750745,31.60459899902344
2017-02-21, $136.7,24487200, $136.23, $136.75, $135.98,31.53516855266077,31.65554161949223,31.47729736140028,31.643966674804688,98028800,0.7220786014048075,0.1782442580919507,0.1087981221439129,True,26.17548033563116,5.468486339173527,29.904342841727484,31.607295204847894,0.0366714699567936,0.0013447967087920156,31.738874435424805
2017-02-17, $135.72,22163280, $135.1, $135.83, $135.1,31.27359102891189,31.4425739068136,31.27359102891189,31.417110443115234,88792800,0.2734023985214717,0.1689828779017084,0.1435194142033431,True,26.17548033563116,5.241630107484074,27.474686183683502,31.403934206574988,0.013176236540246578,0.0001736132093645291,31.643966674804688
2017-02-16, $135.345,22539860, $135.67, $135.9, $134.8398,31.405522761633943,31.458763243345395,31.213390073868105,31.331449508666992,90338400,-0.1180764681181223,0.2453731694772898,-0.0740732529669507,False,26.17548033563116,5.155969173035832,26.584018113295798,31.410262367117415,-0.07881285845042285,0.006211466657126389,31.417110443115234
2017-02-15, $135.51,35578640, $135.52, $136.27, $134.62,31.37080541920422,31.54441893250592,31.1624670839366,31.36848831176757,142492400,0.3628989564984142,0.3819518485693187,-0.0023171074366459,False,26.17548033563116,5.1930079761364105,26.967331840216378,31.357675917141364,0.010812394626206867,0.00011690787755282714,31.331449508666992
2017-02-14, $135.02,33054500, $133.47, $135.09, $133.25,30.89626203264368,31.271266102280745,30.845335117979864,31.25506401062012,132904800,1.2979290637462393,0.42593098430088,0.3588019779764444,True,26.17548033563116,5.07958367498896,25.80217031121435,31.062038864597355,0.19302514602276588,0.03725870699711009,31.36848831176757
2017-02-13, $133.29,22989980, $133.08, $133.82, $132.75,30.80598346930677,30.977283414271827,30.729593096505177,30.85459327697754,92141600,0.8855546194605379,0.2476903177666507,0.0486098076707648,True,26.17548033563116,4.679112941346379,21.894097917875158,30.963592986643818,-0.10899970966627848,0.011880936707333001,31.25506401062012
2017-02-10, $132.12,20046250, $132.46, $132.94, $132.05,30.6624648828812,30.77357654975128,30.56755530826191,30.58375740051269,80262000,-0.2265804772302426,0.2060212414893705,-0.0787074823685074,False,26.17548033563116,4.408277064881531,19.432906680760528,30.729965823286214,-0.14620842277352253,0.021376902889921102,30.85459327697754
2017-02-09, $132.42,28321440, $131.65, $132.445, $131.12,30.474967338846795,30.660155853876027,30.35228069822757,30.65321159362793,113399600,0.7226207430007792,0.3078751556484569,0.1782442547811342,True,26.17548033563116,4.477731257996769,20.05007721884133,30.513150952601848,0.14006064102608207,0.019616983164637024,30.58375740051269
2017-02-08, $132.04,22941650, $131.35, $132.22, $131.22,30.2742623055273,30.474783502012865,30.24429807453851,30.43329429626465,92016400,0.387726706339464,0.2304854274743561,0.1590319907373469,True,26.17548033563116,4.257813960633488,18.12897972336543,30.406956374946972,0.026337921317676205,0.0006936860993361027,30.65321159362793
2017-02-07, $131.53,38158410, $130.54, $132.09, $130.45,30.087570159753724,30.444823323275603,30.066827312582973,30.315752029418945,152735200,0.9517324351651092,0.3779960106926303,0.2281818696652209,True,26.17548033563116,4.140271693787785,17.141849698380373,30.20850295644312,0.10724907297582575,0.011502363654173998,30.43329429626465
2017-02-06, $130.29,26784530, $129.13, $130.5, $128.9,29.76258683577543,30.07835077210367,29.70957265088489,30.02994728088379,107383600,0.9373947189165176,0.3687781212187779,0.2673604451083591,True,26.17548033563116,3.8544669452526286,14.85691543204513,29.955977651975076,0.0739696289087135,0.005471506000892784,30.315752029418945
2017-02-03, $129.08,24460160, $128.31, $129.19, $128.16,29.57358761144041,29.7764159334382,29.539016200613,29.75106239318848,98029200,0.4279388312607324,0.2373997328252031,0.1774747817480708,True,26.17548033563116,3.5755820575573196,12.784787050325836,29.732942326371408,0.018120066817072455,0.0003283368214551703,30.02994728088379
2017-02-02, $128.53,33671250, $127.975, $129.39, $127.78,29.49752264241954,29.822506146168404,29.451424506752417,29.62428855895996,134841600,-0.1708868724662138,0.371081639415987,0.1267659165404211,True,26.17548033563116,3.4488082233288004,11.894278161300358,29.585776301610842,0.038512257349118784,0.0014831939661247538,29.75106239318848
2017-02-01, $128.75,111837300, $127.03, $130.49, $127.01,29.278564014442228,30.07604515303821,29.273955079547164,29.674999237060547,447940000,6.098066942607305,0.8020900734910441,0.3964352226183187,True,26.17548033563116,3.4995189014293864,12.246632541461539,29.398968637325815,0.27603059973473165,0.07619289198991563,29.62428855895996
2017-01-31, $121.35,47767760, $121.15, $121.39, $120.62,27.923309746058493,27.978625755996777,27.801152751482,27.969406127929688,196804000,-0.2302103843688785,0.1774730045147805,0.0460963818711945,True,26.17548033563116,1.793925792298527,3.218169748273898,28.535363557843176,-0.5659574299134889,0.32030781247428164,29.674999237060547
2017-01-30, $121.63,30327110, $120.93, $121.63, $120.66,27.872604073139428,28.03394317626953,27.8103737786362,28.03394317626953,121510000,-0.2624091288790486,0.2235693976333301,0.1613391031301034,True,26.17548033563116,1.8584628406383707,3.453884130033642,27.904888619273375,0.12905455699615587,0.016655078681474044,27.969406127929688
2017-01-27, $121.95,20495340, $122.14, $122.35, $121.6,28.151493146769283,28.199894880983315,28.027030790877003,28.10770034790039,82251600,0.0082115624228107,0.1728640901063123,-0.0437927988688926,False,26.17548033563116,1.9322200122692301,3.7334741758137038,28.108868538210164,-0.0011681903097731094,1.3646685998477933e-06,28.03394317626953
2017-01-26, $121.94,26320740, $121.67, $122.44, $121.6,28.04316040840509,28.220635165146643,28.02702649947078,28.105392456054688,105350400,0.0492461094860674,0.193608665675864,0.0622320476495978,True,26.17548033563116,1.929912120423527,3.724560792557634,28.064254349381468,0.04113810667321971,0.001692343820657204,28.10770034790039
2017-01-25, $121.88,32417410, $120.42, $122.1, $120.28,27.75505000095624,28.142265523135183,27.722782187313324,28.0915584564209,129510400,1.5920522377224078,0.4194833358218588,0.33650845546466,True,26.17548033563116,1.916078120789738,3.6713553649691337,27.876077437145774,0.2154810192751242,0.046432069667846444,28.105392456054688
2017-01-24, $119.97,23191150, $119.55, $120.1, $119.5,27.55453131295245,27.6812972326566,27.54300633913202,27.65133476257324,92844000,-0.0916022853708953,0.1382908935245801,0.0968034496207899,True,26.17548033563116,1.4758544269420781,2.17814628952453,27.74082672879689,-0.08949196622365108,0.008008812018575106,28.0915584564209
2017-01-23, $120.08,21982000, $120, $120.81, $119.77,27.65824798657816,27.84494059777907,27.605235570879703,27.676687240600582,88200800,0.0666441806920437,0.2397050268993652,0.0184392540224216,True,26.17548033563116,1.5012069049694219,2.253622171527871,27.654059263823054,0.022627976777528147,0.0005120253330443531,27.65133476257324
2017-01-20, $120,29922650, $120.45, $120.45, $119.7346,27.761972374865096,27.761972374865096,27.59602432423477,27.65825462341309,130391600,0.1836910557973192,0.1659480506303268,-0.103717751452006,False,26.17548033563116,1.482774287781929,2.198619588507207,27.730396331210372,-0.07214170779728235,0.005204426003908469,27.676687240600582
2017-01-19, $119.78,25554290, $119.4, $120.09, $119.37,27.519958215498,27.678991952121173,27.513043934574924,27.607542037963867,102389200,-0.1750038862932013,0.1659480175462491,0.0875838224658664,True,26.17548033563116,1.4320617023327067,2.0508007192880497,27.56654866945363,0.04099336851023594,0.0016804562618160034,27.65825462341309
2017-01-18, $119.99,23687350, $120, $120.5, $119.71,27.65824635575437,27.773489048903343,27.59140538271229,27.655941009521484,94852000,-0.0083650032263626,0.1820836661910547,-0.0023053462328839,False,26.17548033563116,1.4804606738903239,2.191763806935792,27.638716842177693,0.017224167343790953,0.0002966719406869147,27.607542037963867
2017-01-17, $120,34412090, $118.34, $120.24, $118.22,27.275647923726257,27.71357064028986,27.247990794520103,27.65825462341309,137759200,0.8064717393213128,0.4655798457697564,0.382606699686832,True,26.17548033563116,1.482774287781929,2.198619588507207,27.406854521487787,0.25140010192530227,0.06320201124805237,27.655941009521484
2017-01-13, $119.04,26083030, $119.11, $119.62, $118.81,27.4531170167003,27.570665066846857,27.38397069109312,27.436983108520508,104447600,-0.1761037172269941,0.1866943757537384,-0.0161339081797926,False,26.17548033563116,1.2615027728893473,1.591389246007512,27.523079467036233,-0.08609635851572506,0.0074125829496682625,27.65825462341309
2017-01-12, $119.25,27057550, $118.895, $119.3, $118.21,27.40471635076029,27.49691086897648,27.24568085079896,27.48538589477539,108344800,-0.4175339952972368,0.2512300181775231,0.0806695440151017,True,26.17548033563116,1.3099055591442301,1.715852573876958,27.414087496829445,0.07129839794594517,0.005083461549658358,27.436983108520508
2017-01-11, $119.75,27453130, $118.74, $119.93, $118.6,27.367837142264168,27.64211534338616,27.335569325480893,27.60062789916992,110354400,0.5373109690098854,0.3065460179052657,0.2327907569057501,True,26.17548033563116,1.4251475635387578,2.031045577860458,27.40705998612529,0.19356791304462817,0.037468536960452735,27.48538589477539
2017-01-10, $119.11,24432660, $118.77, $119.38, $118.3,27.3747533185802,27.51534956935505,27.266426645287005,27.4531192779541,97848400,0.1008565434246877,0.2489229240680437,0.0783659593739045,True,26.17548033563116,1.277638942322941,1.6323612669400835,27.45192912035037,0.001190157603730313,1.4164751217170807e-06,27.60062789916992
2017-01-09, $118.99,33420290, $117.95, $119.43, $117.94,27.185753866605072,27.5268730529074,27.183450278560223,27.42545890808105,134247600,0.9159458103586982,0.3434227743471751,0.2397050414759789,True,26.17548033563116,1.2499785724498906,1.5624464315838664,27.277341210579742,0.1481176975013092,0.02193885231308934,27.4531192779541
2017-01-06, $117.91,31714820, $116.78, $118.16, $116.47,26.916086911538507,27.2341579147274,26.844636994457726,27.1765365600586,127007600,1.114834622763472,0.3895209202696748,0.2604496485200904,True,26.17548033563116,1.0010562244274404,1.0021135644649217,27.092277311004207,0.0842592490543943,0.007099621051210447,27.42545890808105
2017-01-05, $116.61,22115100, $115.92, $116.8642, $115.81,26.717868039905976,26.934524885863468,26.692514504380565,26.876903533935547,88774400,0.5085256052752785,0.2420103814829026,0.1590354940295704,True,26.17548033563116,0.7014231983043864,0.49199450311955456,26.87616667483131,0.0007368591042364869,5.429613394961979e-07,27.1765365600586
2017-01-04, $116.02,21081620, $115.85, $116.51, $115.75,26.701737011653545,26.85385824121325,26.67868882008931,26.74091911315918,84472400,-0.1119363586477684,0.1751694211239396,0.0391821015056343,True,26.17548033563116,0.5654387775280192,0.3197210111323808,26.760709380065208,-0.019790266906028364,0.00039165466421184147,26.876903533935547
2017-01-03, $116.15,28769220, $115.8, $116.33, $114.76,26.690215911425863,26.81237291902027,26.45051083152964,26.770885467529297,115127600,0.2849359896111458,0.361862087490632,0.0806695561034338,True,26.17548033563116,0.5954051318981364,0.3545072710906372,26.70557906749029,0.06530640003900601,0.004264925886054684,26.74091911315918
2016-12-30, $115.82,30555900, $116.65, $117.2, $115.43,26.88612563946668,27.01289157031417,26.60493313478548,26.694822311401367,122345200,-0.7795903256985648,0.4079584355286947,-0.1913033280653095,False,26.17548033563116,0.5193419757702067,0.2697160877969019,26.843483853077757,-0.14866154167638967,0.022100253973600943,26.770885467529297
2016-12-29, $116.73,14979680, $116.45, $117.1095, $116.4,26.84003031451712,26.99215155765104,26.8285070969389,26.90456771850586,60158000,-0.0257063232239507,0.1636444607121419,0.0645374039887407,True,26.17548033563116,0.7290873828746989,0.5315684118670777,26.786860167916167,0.11770755058969229,0.01385506746582497,26.694822311401367
2016-12-28, $116.76,20686510, $117.52, $118.0166, $116.2,27.08665337418372,27.201896116474003,26.78241260487596,26.91148567199707,83623600,-0.4263790575242288,0.4194835115980417,-0.1751677021866484,False,26.17548033563116,0.7360053363659098,0.541703855159096,27.020725393535148,-0.10923972153807782,0.011933316761716783,26.90456771850586
2016-12-27, $117.26,18131970, $116.52, $117.8, $116.49,26.85616147042896,27.15118429728592,26.849247188898552,27.026721954345703,73187600,0.6350830134789209,0.3019371083873672,0.1705604839167414,True,26.17548033563116,0.8512416187145426,0.7246122934317548,26.873251813724963,0.15347014062074038,0.023553084062149825,26.91148567199707
2016-12-23, $116.52,14244050, $115.59, $116.52, $115.59,26.641811492731268,26.856163024902344,26.641811492731268,26.856163024902344,56998000,0.1977787552185361,0.2143515321710758,0.2143515321710758,True,26.17548033563116,0.6806826892711832,0.4633289234734502,26.774221715211006,0.08194130969133795,0.006714378233931754,27.026721954345703
2016-12-22, $116.29,26043820, $116.35, $116.51, $115.64,26.816980648070743,26.853859162610323,26.653336196346185,26.803152084350582,104343600,-0.6577937198935291,0.2005229662641383,-0.0138285637201605,False,26.17548033563116,0.6276717487194219,0.3939718241404971,26.828390639671,-0.025238555320417078,0.0006369846746617532,26.856163024902344
2016-12-21, $117.06,23724430, $116.8, $117.4, $116.78,26.920704010265048,27.05899494268281,26.91609331605451,26.98062896728516,95132800,0.0940609426883565,0.1429016266282978,0.0599249570201116,True,26.17548033563116,0.8051486316539993,0.6482643190543075,26.877274957033272,0.10335401025188773,0.010682051435147314,26.803152084350582
2016-12-20, $116.95,21337310, $116.74, $117.5, $116.68,26.906872844999217,27.082042291767102,26.8930442797291,26.95527458190918,85700000,0.265791851556707,0.1889980120380023,0.0484017369099625,True,26.17548033563116,0.7797942462780192,0.608079066528304,26.93045333082012,0.024821251089058194,0.0006160945056260726,26.98062896728516
2016-12-19, $116.64,27756760, $115.8, $117.38, $115.75,26.690212668950327,27.054378300614168,26.67868769442234,26.883819580078125,111117600,0.5777263177664471,0.3756906061918279,0.193606911127798,True,26.17548033563116,0.7083392444469645,0.5017444852236965,26.780669446671588,0.10315013340653678,0.010639950021786335,26.95527458190918
2016-12-16, $115.97,44284660, $116.47, $116.5, $115.645,26.844639540335297,26.85155382219702,26.65564154943609,26.72939682006836,177404400,0.1295176580075052,0.1959122727609283,-0.1152427202669379,False,26.17548033563116,0.5539164844371989,0.30682347173126556,26.856066775690323,-0.12666995562196348,0.016045277657270197,26.883819580078125
2016-12-15, $115.82,46286150, $115.38, $116.73, $115.23,26.59340815995195,26.904564895814616,26.558836752379893,26.694822311401367,186098000,0.5469248676959859,0.345728143434723,0.1014141514494184,True,26.17548033563116,0.5193419757702067,0.2697160877969019,26.638585091194585,0.05623722020678201,0.003162624936586091,26.72939682006836
2016-12-14, $115.19,33962370, $115.04, $116.2, $114.98,26.515042695595305,26.782404866052342,26.501214133224963,26.54961585998535,136127200,0.0,0.2811907328273797,0.0345731643900464,True,26.17548033563116,0.37413552435419106,0.1399773905837855,26.575509192108317,-0.025893332122965518,0.000670464648430198,26.694822311401367
2016-12-13, $115.19,43293350, $113.84, $115.92, $113.75,26.23845913893912,26.717869230371825,26.217716295383603,26.54961585998535,174935200,1.6681451043019768,0.5001529349882219,0.3111567210462311,True,26.17548033563116,0.37413552435419106,0.1399773905837855,26.344768723019268,0.2048471369660838,0.0419623495232015,26.54961585998535
2016-12-12, $113.3,26176690, $113.29, $115, $112.49,26.11169115936893,26.505820982086885,25.92730213610792,26.113996505737305,105497600,-0.5704294077721661,0.5785188459789659,0.0023053463683737,True,26.17548033563116,-0.06148382989385581,0.0037802613384165977,26.262327009478806,-0.14833050374150147,0.022001938340207583,26.54961585998535
2016-12-09, $113.95,34324350, $112.31, $114.7, $112.31,25.885817069046983,26.436677084543792,25.885817069046983,26.263813018798828,137610400,1.6321531852542923,0.5508600154968093,0.3779959497518455,True,26.17548033563116,0.08833268316766762,0.007802662915599551,25.96282796129489,0.30098505750393656,0.090592004840648,26.113996505737305
2016-12-08, $112.12,27049830, $110.86, $112.43, $110.6,25.551619294880005,25.91348141173336,25.49169258042718,25.84203147888184,108273200,0.981735935773176,0.4217888313061806,0.2904121840018341,True,26.17548033563116,-0.333448856749321,0.1111881400674292,25.797970652314557,0.04406082656728216,0.0019413564377921176,26.263813018798828
2016-12-07, $111.03,29976030, $109.26, $111.19, $109.16,25.18283898036046,25.6276759377741,25.15979078868156,25.590797424316406,119994800,0.9822874258915482,0.4678851490925417,0.4079584439559447,True,26.17548033563116,-0.5846829113147543,0.34185410678349676,25.410382247241664,0.18041517707474242,0.03254963611891066,25.84203147888184
2016-12-06, $109.95,26160560, $109.5, $110.36, $109.19,25.2381497267504,25.4363672990714,25.166699819912807,25.34186744689941,104782000,0.7698407894950243,0.269667479158592,0.1037177201490102,True,26.17548033563116,-0.83361288873175,0.694910448259693,25.358341082866865,-0.016473635967454214,0.00027138068198820115,25.590797424316406
2016-12-05, $109.11,34113880, $110, $110.03, $108.25,25.35339773415864,25.36031201582276,24.95004822475157,25.148265838623047,137298000,-0.7188563056190977,0.4102637910711912,-0.2051318955355938,False,26.17548033563116,-1.0272144970081136,1.0551696228636318,25.346086404008652,-0.1978205653856051,0.039132976089480465,25.34186744689941
2016-12-02, $109.9,26481320, $109.17, $110.09, $108.85,25.16209951585036,25.374145736145948,25.08834423233603,25.33035469055176,106112000,0.3744959130371983,0.2858015038099175,0.1682551747014038,True,26.17548033563116,-0.8451256450793991,0.7142373559708706,25.153856341529703,0.17649834902205797,0.03115166720751219,25.148265838623047
2016-12-01, $109.49,37034520, $110.365, $110.94, $109.03,25.43867576277433,25.570052378346286,25.1298243937763,25.23584747314453,148347600,-0.931988011970064,0.4402279845699866,-0.2028282896297994,False,26.17548033563116,-0.9396328624866293,0.8829099162648167,25.39751260992736,-0.16166513678282968,0.026135616451011028,25.33035469055176
2016-11-30, $110.52,36151450, $111.6, $112.2, $110.27,25.72217990456277,25.86047084457013,25.41563378592891,25.473255157470703,144649200,-0.8433200375264294,0.4448370586412196,-0.2489247470920652,False,26.17548033563116,-0.7022251781604574,0.4931202008424861,25.548777869979492,-0.07552271250878917,0.00570368010468522,25.23584747314453
2016-11-29, $111.46,28507780, $110.78, $112.03, $110.07,25.53317311214173,25.82127987095984,25.369528684148737,25.689903259277344,114115200,-0.0985966608864519,0.451751186811105,0.1567301471356152,True,26.17548033563116,-0.48557707635381675,0.2357850970803204,25.50902813297227,0.18087512630507518,0.0327158113158769,25.473255157470703
2016-11-28, $111.57,27054320, $111.43, $112.465, $111.39,25.682989827276327,25.92269486955125,25.673770199673733,25.71525764465332,108776000,-0.1967978469715969,0.2489246698775176,0.0322678173769936,True,26.17548033563116,-0.4602226909778402,0.21180492529088457,25.682354894312297,0.03290275034102308,0.0010825909800036943,25.689903259277344
2016-11-25, $111.79,11475920, $111.13, $111.87, $110.95,25.61384329154509,25.78440376311213,25.572355846902315,25.76596450805664,45903600,0.5034552190458008,0.2120479162098156,0.1521212165115493,True,26.17548033563116,-0.4095158275745199,0.1677032130340439,25.646268536303403,0.11969597175323798,0.014327125653951946,25.71525764465332
2016-11-23, $111.23,27420550, $111.36, $111.51, $110.33,25.6668566978442,25.70142986278753,25.429456994878407,25.63689422607422,109705600,-0.509844710538776,0.271972867909124,-0.0299624717699806,False,26.17548033563116,-0.5385861095569418,0.29007499740768206,25.698508540185273,-0.061614314111054114,0.003796323703375642,25.76596450805664
2016-11-22, $111.8,25931710, $111.95, $112.42, $111.4,25.802843808466104,25.91117224453741,25.67607787398223,25.768272399902344,103862000,0.062629892590027,0.2350943705551813,-0.0345714085637602,False,26.17548033563116,-0.40720793572881675,0.16581830292052416,25.741730193533765,0.02654220636857829,0.000704488718912198,25.63689422607422
2016-11-21, $111.73,29164190, $110.12, $111.99, $110.01,25.381062090539515,25.81206881951288,25.35570854666289,25.75214385986328,117058400,1.5173763262766204,0.4563602728499916,0.3710817693237658,True,26.17548033563116,-0.42333647576787925,0.1792137717155682,25.513454665071002,0.23868919479227912,0.05697253171058657,25.768272399902344
2016-11-18, $110.06,28310840, $109.72, $110.54, $109.66,25.28886334695961,25.477861341821512,25.275034782946232,25.36722755432129,113715600,0.1000719756545809,0.2028265588752802,0.0783642073616803,True,26.17548033563116,-0.8082527813098714,0.6532725584951429,25.447844440830906,-0.08061688650961685,0.006499082390504443,25.75214385986328
2016-11-17, $109.95,27623150, $109.81, $110.35, $108.83,25.30959963358799,25.434061952845173,25.083724940408025,25.34186744689941,110528000,-0.0363922976834407,0.3503370124371479,0.0322678133114209,True,26.17548033563116,-0.83361288873175,0.694910448259693,25.326487037020073,0.015380409879337975,0.0002365570080564372,25.36722755432129
2016-11-16, $109.99,58724080, $106.7, $110.23, $106.6,24.59279597647149,25.40641106445219,24.569747783947065,25.351093292236328,235362000,2.6888296696996994,0.8366632805051246,0.7582973157648389,True,26.17548033563116,-0.8243870433948324,0.6796139973172732,24.851440102645956,0.4996531895903722,0.2496533098678324,25.34186744689941
2016-11-15, $107.11,32230590, $106.57, $107.68, $106.1593,24.5628316658626,24.818670628226734,24.46833355603728,24.687294006347656,129058000,1.3243935587341715,0.3503370721894576,0.1244623404850564,True,26.17548033563116,-1.4881863292835043,2.2146985506663106,24.835185224391488,-0.14789121804383143,0.02187181237448809,25.351093292236328
2016-11-14, $105.71,50901380, $107.71, $107.809, $104.08,24.825581457788623,24.848629645385405,23.98892011462399,24.36461067199707,204702000,-2.508547434502728,0.859709530761414,-0.4609707857915524,False,26.17548033563116,-1.8108696636340902,3.279248938670243,24.773520178004667,-0.40890950600759624,0.1672069841033764,24.687294006347656
2016-11-11, $108.43,34117030, $107.12, $108.87, $106.55,24.689599836882564,25.09294933843888,24.55822321242851,24.99153518676757,136575600,0.5937619525877791,0.5347261260103693,0.3019353498850101,True,26.17548033563116,-1.1839451488635895,1.401726115517627,24.57204486369967,0.419490323067901,0.17597213114761195,24.36461067199707
2016-11-10, $107.79,57097740, $111.09, $111.09, $105.83,25.6046215890325,25.6046215890325,24.39226968204097,24.84402084350586,228538000,-2.786804898729512,1.2123519069915325,-0.7606007455266415,False,26.17548033563116,-1.3314594921253011,1.7727843791705649,25.386738640061637,-0.5427177965557775,0.29454260669835824,24.99153518676757
2016-11-09, $110.88,59118740, $109.88, $111.32, $108.05,25.325737494034183,25.657637063868663,24.90395050891112,25.55622291564941,236705600,-0.1620720785969642,0.7536865549575431,0.2304854216152279,True,26.17548033563116,-0.61925741998175,0.3834797522024535,25.153693554215792,0.4025293614336185,0.16202988681615668,24.84402084350586
2016-11-08, $111.06,24129630, $110.31, $111.72, $109.7,25.424845594318786,25.749830873894304,25.28424935033473,25.59770965576172,97016800,0.5887036505022758,0.4655815235595746,0.1728640614429331,True,26.17548033563116,-0.5777706798694418,0.33381895851679694,25.467643969585232,0.1300656861764864,0.016917082720560243,25.55622291564941
2016-11-07, $110.41,32361930, $110.08, $110.51, $109.46,25.37183634410256,25.47094514851172,25.22893474565132,25.44789695739746,130240000,1.4424922899451964,0.2420104028604015,0.0760606132948993,True,26.17548033563116,-0.7275833782336996,0.5293775722819627,25.44770370811297,0.00019324928448938294,3.734528595565846e-08,25.59770965576172
2016-11-04, $108.84,30790930, $108.53, $110.25, $108.11,25.014582948234988,25.411018161450443,24.91777949155612,25.08603286743164,123348000,-0.9014055217247852,0.4932386698943212,0.0714499191966524,True,26.17548033563116,-1.0894474681995199,1.1868957859663438,25.162887131989237,-0.07685426455759625,0.005906577980688996,25.44789695739746
2016-11-03, $109.83,26538700, $110.98, $111.46, $109.55,25.5792752247768,25.68990725262013,25.24968097111685,25.31421661376953,107730400,-1.0718679008290155,0.440226281503282,-0.2650586110072659,False,26.17548033563116,-0.8612637218616293,0.7417751985949459,25.403359198636895,-0.08914258486736415,0.00794640043683522,25.08603286743164
2016-11-02, $111.59,28174980, $111.4, $112.35, $111.23,25.54492408808244,25.762766095213102,25.50594212882445,25.588491439819336,113326800,0.0897139404794744,0.2568239663886515,0.0435673517368968,True,26.17548033563116,-0.5869888958118246,0.34455596380638503,25.460956212560298,0.1275352272590382,0.016265234192014522,25.31421661376953
2016-11-01, $111.49,43403760, $113.46, $113.77, $110.53,26.017292738630605,26.08837767865594,25.345420040947253,25.56555557250977,175303200,-1.805551943473238,0.7429576377086882,-0.4517371661208358,False,26.17548033563116,-0.6099247631213913,0.37200821666868533,25.864237592588896,-0.29868202007912714,0.08921094911854811,25.588491439819336
2016-10-31, $113.54,26378910, $113.65, $114.23, $113.2,26.06086665557682,26.193865777232485,25.95767695795487,26.035642623901367,105677600,-0.1582745347471936,0.2361888192776149,-0.025224031675453,False,26.17548033563116,-0.1398377117297933,0.019554585621824775,25.884540418930758,0.15110220497060922,0.02283187634698,25.56555557250977
2016-10-28, $113.72,36792100, $113.87, $115.21, $113.45,26.111312303659133,26.41858429821849,26.01500157822421,26.0769157409668,151446800,-0.6638941983422741,0.4035827199942794,-0.0343965626923328,False,26.17548033563116,-0.09856459466436007,0.009714979321349598,26.082026768786303,-0.005111027819502567,2.6122605371729167e-05,26.035642623901367
2016-10-27, $114.48,31396130, $115.39, $115.86, $114.1,26.459865399464192,26.567640502186865,26.16405769714522,26.251195907592773,138248000,-0.9602615195006604,0.4035828050416441,-0.2086694918714187,False,26.17548033563116,0.07571557196161294,0.005732847837474187,26.323161908331922,-0.07196600073914894,0.005179105262387186,26.0769157409668
2016-10-26, $115.59,66028640, $114.31, $115.7, $113.31,26.212206075943968,26.53094416731892,25.982897995847928,26.505720138549805,264536800,-2.2494822362890465,0.5480461714709897,0.293514062605837,True,26.17548033563116,0.3302398029186442,0.10905832743174496,26.223153671081,0.2825664674688042,0.07984380853779878,26.251195907592773
2016-10-25, $118.25,46820600, $117.95, $118.36, $117.31,27.046889472701864,27.14090663267976,26.90013242986774,27.11568260192871,192516000,0.5099723952307178,0.2407742028120196,0.0687931292268473,True,26.17548033563116,0.9402022662975504,0.8839803015510499,26.855142201209468,0.26054040071924334,0.0678813004069439,26.505720138549805
2016-10-24, $117.65,23492650, $117.1, $117.74, $117,26.85198155958697,26.998738622207984,26.82905109658035,26.97810173034668,94154800,0.9005313004126547,0.1696875256276335,0.1261201707597088,True,26.17548033563116,0.8026213947155192,0.6442011032550853,26.942067242643667,0.036034487703012985,0.001298484304018594,27.11568260192871
2016-10-21, $116.6,22527690, $116.81, $116.91, $116.28,26.785478251419725,26.80841046070586,26.66394523992373,26.737323760986328,92770800,-0.3929552004638514,0.1444652207821306,-0.0481544904333972,False,26.17548033563116,0.5618434253551676,0.31566803461482784,26.850620785267658,-0.11329702428133004,0.012836215711004288,26.97810173034668
2016-10-20, $117.06,24100150, $116.86, $117.38, $116.33,26.79694303772596,26.916182472530696,26.67541003220906,26.842803955078125,96503200,-0.0512479034948554,0.2407724403216349,0.0458609173521651,True,26.17548033563116,0.6673236194469645,0.4453208130717971,26.77372798825315,0.06907596682497541,0.004771489192805104,26.737323760986328
2016-10-19, $117.12,19977160, $117.25, $117.76, $113.8,26.8863768083088,27.00332443822551,26.09526450180172,26.8565673828125,80138400,-0.2979468306736121,0.9080599364237898,-0.0298094254962997,False,26.17548033563116,0.6810870471813395,0.4638795658381962,26.868841507199406,-0.012274124386905783,0.00015065412946523526,26.842803955078125
2016-10-18, $117.47,24308210, $118.18, $118.21, $117.45,27.09963335180484,27.106512315401456,26.932237656531512,26.936824798583984,98214000,-0.0680499262998957,0.1742746588699439,-0.1628085532208558,False,26.17548033563116,0.7613444629528239,0.5796453912689238,27.012351372206574,-0.07552657362258941,0.0057042633231684185,26.8565673828125
2016-10-17, $117.55,23583810, $117.33, $117.84, $116.78,26.9047197086266,27.021665579633385,26.778599554228744,26.955167770385746,94499600,-0.068003649866255,0.2430660254046408,0.0504480617591447,True,26.17548033563116,0.7796874347545852,0.6079124959141856,26.913707699736555,0.04146007064919033,0.0017189374582358534,26.936824798583984
2016-10-14, $117.63,35626020, $117.88, $118.17, $117.13,27.03083776627149,27.09733732414676,26.85885669401951,26.9735107421875,142608800,0.5556415133836312,0.238480630127249,-0.0573270240839889,False,26.17548033563116,0.7980304065563395,0.6368525297884765,27.002152611385856,-0.028641869198356318,0.0008203566711757524,26.955167770385746
2016-10-13, $116.98,35041820, $116.79, $117.44, $115.72,26.78089379084409,26.92994440897911,26.53553418849209,26.824462890625,140769600,-0.306783387734133,0.3944102204870212,0.0435690997809103,True,26.17548033563116,0.6489825549938395,0.4211783566863319,26.846031044109587,-0.02156815348458707,0.00046518524473470544,26.9735107421875
2016-10-12, $117.34,37512930, $117.35, $117.98, $116.75,26.909302695398605,27.05376790470084,26.7717181980246,26.90700912475586,150347200,0.8942144370977623,0.2820497066762399,-0.0022935706427453,False,26.17548033563116,0.7315287891246989,0.5351343693182482,26.877325827537256,0.029683297218603855,0.0008810981337679753,26.824462890625
2016-10-11, $116.3,63963010, $117.7, $118.69, $116.2,26.989565203085945,27.216581503017665,26.645603020806263,26.668535232543945,256164000,0.21542528467553,0.5709784822114017,-0.3210299705419999,False,26.17548033563116,0.4930548969127848,0.24310313136967684,26.958440779694776,-0.2899055471508305,0.08404522626882241,26.90700912475586
2016-10-10, $116.05,36087910, $115.02, $116.75, $114.72,26.375019129437028,26.77172294585872,26.30622774329112,26.611207962036133,144944000,1.7446975400599918,0.4654952025675989,0.2361888325991046,True,26.17548033563116,0.4357276264049723,0.18985856441251112,26.475238074733387,0.13596988730274617,0.018487810253121496,26.668535232543945
2016-10-07, $114.06,24336440, $114.31, $114.56, $113.51,26.21221136998116,26.26953840158341,26.028765918543243,26.154884338378903,97433600,0.1492741917637596,0.2407724830401711,-0.0573270316022558,False,26.17548033563116,-0.020595997252257803,0.00042419510281501094,26.349275663659068,-0.194391325280165,0.03778798734417892,26.611207962036133
2016-10-06, $113.89,28508710, $113.7, $114.34, $113.13,26.07233093971981,26.21908798752984,25.941625389342697,26.11590003967285,115117200,0.7430286479567005,0.2774625981871423,0.0435690999530429,True,26.17548033563116,-0.05958029595830894,0.0035498116664796843,26.09844827334468,0.017451766328171914,0.000304564147973115,26.154884338378903
2016-10-05, $113.05,21400410, $113.4, $113.66, $112.69,26.003540112167048,26.063160710824405,25.840731563452227,25.923282623291016,85812400,0.0442465010778159,0.2224291473721784,-0.0802574888760325,False,26.17548033563116,-0.2521977123401449,0.06360368610960246,26.04005427323153,-0.11677164994051381,0.013635618229829899,26.11590003967285
2016-10-04, $113,29707270, $113.06, $114.31, $112.63,25.925575478019944,26.21221062791661,25.826972916476205,25.91181755065918,118947200,0.4266036131017392,0.3852377114404071,-0.0137579273607642,False,26.17548033563116,-0.2636627849719808,0.069518064179181,25.921873840161453,-0.01005628950227333,0.00010112895855353278,25.923282623291016
2016-10-03, $112.52,21634520, $112.71, $113.05, $112.28,25.845315466780058,25.92328112968327,25.7467129148472,25.801746368408203,86807200,-0.4688304974680091,0.1765682148360738,-0.0435690983718544,False,26.17548033563116,-0.3737339672229574,0.1396770782562106,25.86566149161621,-0.0639151232080053,0.004085142974694498,25.91181755065918
2016-09-30, $113.05,36340670, $112.46, $113.37, $111.8,25.787989928201096,25.996661148760825,25.636647484818017,25.923282623291016,145516400,0.7755659144274896,0.3600136639428086,0.1352926950899196,True,26.17548033563116,-0.2521977123401449,0.06360368610960246,25.78982079097623,0.13346183231478648,0.017812060684820184,25.801746368408203
2016-09-29, $112.18,35850010, $113.16, $113.8, $111.8,25.948500435464,26.095257451225304,25.63664133960083,25.723777770996094,143548000,-1.5533234327033796,0.458616111624476,-0.2247226644679045,False,26.17548033563116,-0.45170256463506675,0.20403520689789664,25.936782753129364,-0.21300498213327046,0.045371122413594867,25.923282623291016
2016-09-28, $113.95,29608390, $113.69, $114.64, $113.43,26.070036994964525,26.28787897802316,26.010416402434487,26.12965583801269,118564400,0.7604400534712896,0.2774625755886717,0.0596188430481667,True,26.17548033563116,-0.04582449761846874,0.002099884581985047,25.945932232698638,0.18372360531405363,0.03375436314959415,25.723777770996094
2016-09-27, $113.09,24587490, $113, $113.18, $112.34,25.911818171330747,25.95309370388384,25.760473968808707,25.93245506286621,98429600,0.1860313765651211,0.1926197350751302,0.0206368915354637,True,26.17548033563116,-0.24302527276494956,0.05906128320247814,25.985223139661983,-0.05276807679577189,0.0027844699287244796,26.12965583801269
2016-09-26, $112.88,29800240, $111.64, $113.39, $111.55,25.5999605363513,26.00124978020245,25.57932364356187,25.884302139282227,119477600,0.1508591599634678,0.4219261366405789,0.284341602930926,True,26.17548033563116,-0.29117819634893394,0.08478474202901833,25.71332816090395,0.170973978378278,0.02923210128249587,25.93245506286621
2016-09-23, $112.71,52411070, $114.42, $114.79, $111.55,26.23742870463257,26.322273319554085,25.5793156695435,25.84531211853028,209924800,-1.6663842528473305,0.7429576500105846,-0.3921165861022935,False,26.17548033563116,-0.33016821710087996,0.1090110515835738,26.11102750616925,-0.26571538763896996,0.07060466722812807,25.884302139282227
2016-09-22, $114.62,31048170, $114.35, $114.94, $114,26.22137860905008,26.356671286037106,26.14112113091294,26.283292770385746,124296000,0.9422930826255672,0.2155501551241663,0.0619141613356646,True,26.17548033563116,0.10781243475458524,0.011623521087711699,26.08693067022264,0.19636210016310685,0.038558074380466004,25.84531211853028
2016-09-21, $113.55,35951900, $113.85, $113.989, $112.441,26.106730461521728,26.13883346002252,25.78340690534032,26.03793907165528,144012800,-0.0175921966230285,0.3554265546822037,-0.0687913898664511,False,26.17548033563116,-0.13754126397587996,0.018917599296082693,26.165803232951113,-0.12786416129583245,0.016349243743886657,26.283292770385746
2016-09-20, $113.57,34494150, $113.05, $114.12, $112.51,25.923281082326604,26.16864067629524,25.79945449992908,26.04252052307129,138057200,-0.0088026473559099,0.3691861763661599,0.1192394407446855,True,26.17548033563116,-0.13295981255987144,0.017678311755956147,25.960547882144123,0.08197264092716594,0.006719513860574081,26.03793907165528
2016-09-19, $113.58,46937190, $115.19, $116.18, $113.25,26.413999319201167,26.64101383734844,25.96914106691821,26.04481315612793,188092000,-1.16604667675394,0.6718727704302303,-0.3691861630732376,False,26.17548033563116,-0.1306671795032308,0.017073911799329544,26.281284320174287,-0.23647116404635682,0.055918611425439,26.04252052307129
2016-09-16, $114.92,79763890, $115.12, $116.13, $114.04,26.39795351292414,26.6295534729976,26.1503003036655,26.35209083557129,319547600,-0.5623990857785088,0.4792531693320967,-0.0458626773528507,False,26.17548033563116,0.17661049994012856,0.03119126868910215,26.27165231286338,0.08043852270790808,0.006470355935430643,26.04481315612793
2016-09-15, $115.57,90398170, $113.86, $115.73, $113.49,26.1090163844229,26.537823095187903,26.02417177067789,26.50113296508789,359934400,3.399837632002134,0.5136513245100147,0.3921165806649895,True,26.17548033563116,0.3256526294567301,0.10604963507208237,26.191391021016038,0.3097419440718525,0.09594007191741061,26.35209083557129
2016-09-14, $111.77,111186900, $108.73, $113.03, $108.6,24.932667644437544,25.918691312499448,24.9028564751628,25.629762649536133,443554800,3.538630260186215,1.0158348373366517,0.6970950050985891,True,26.17548033563116,-0.5457176860950277,0.2978077929169112,25.478581787931766,0.1511808616043666,0.022855652915438653,26.50113296508789
2016-09-13, $107.95,62080160, $107.51, $108.79, $107.24,24.652922198023937,24.946436379891274,24.59100801153105,24.75381660461425,248704800,2.3805166244016407,0.3554283683602257,0.1008944065903172,True,26.17548033563116,-1.4216637310169098,2.0211277640889205,24.991397066259864,-0.23758046164561364,0.05644447575574289,25.629762649536133
2016-09-12, $105.44,45114590, $102.65, $105.72, $102.53,23.53847947781556,24.2424553544774,23.510961872888974,24.17824935913086,181171200,2.2398807741261573,0.7314934815884264,0.6397698813152992,True,26.17548033563116,-1.9972309765003011,3.9889315734923465,23.95977614253836,0.21847321659249985,0.047730546368273355,24.75381660461425
2016-09-09, $103.13,46461610, $104.64, $105.72, $103.13,23.994805846819244,24.242459080778744,23.648550033569336,23.648550033569336,186228000,-2.2649565272159,0.593909047209408,-0.3462558132499076,False,26.17548033563116,-2.5269303020618246,6.385376751478264,24.054910044715726,-0.40636001114638987,0.16512845865889408,24.17824935913086
2016-09-08, $105.52,52955310, $107.25, $107.27, $105.24,24.593296152867563,24.59788154554817,24.13238633651127,24.196592330932617,212008000,-2.6209028818371283,0.4654952090368986,-0.3967038219349454,False,26.17548033563116,-1.9788880046985433,3.915997735139782,24.258566536120785,-0.061974205188167986,0.0038408021087051477,23.648550033569336
2016-09-07, $108.36,42250480, $107.83, $108.76, $107.07,24.72629678626044,24.93955342325019,24.55202211261192,24.847829818725582,169457200,0.6128093819682157,0.3875313106382698,0.1215330324651411,True,26.17548033563116,-1.3276505169055781,1.7626558950396487,24.537050413809645,0.31077940491593736,0.09658383851990415,24.196592330932617
2016-09-06, $107.7,26645130, $107.9, $108.3, $107.51,24.74235010713721,24.83407371841363,24.65292006725035,24.69648742675781,107521600,-0.0278573899293532,0.1811536511632816,-0.0458626803794004,False,26.17548033563116,-1.4789929088733516,2.187420024497658,24.775630394883812,-0.07914296812600341,0.006263609403793592,24.847829818725582
2016-09-02, $107.73,26393770, $107.7, $108, $106.82,24.69648842617786,24.7652815747897,24.49469787278955,24.703369140625,107210000,0.9369867834900568,0.2705837020001489,0.0068807144471385,True,26.17548033563116,-1.4721111950061605,2.167111370462466,24.692787017392043,0.010582123232957485,0.00011198133211749858,24.69648742675781
2016-09-01, $106.73,26675250, $106.14, $106.8, $105.62,24.338757853910355,24.49010201640468,24.21951843000592,24.474050521850582,106806000,0.5937574794917078,0.2705835863987644,0.1352926679402273,True,26.17548033563116,-1.7014298137805781,2.894863411221413,24.462552922949655,0.011497598900927386,0.00013219478048660663,24.703369140625
2016-08-31, $106.1,31639010, $105.66, $106.5699, $105.64,24.228697365586857,24.437366849936303,24.2241102233696,24.32959175109864,118649600,0.0943525850325199,0.2132566265667073,0.1008943855117792,True,26.17548033563116,-1.8458885845325206,3.407304666507472,24.310642341276587,0.018949409822052843,0.00035908013260411276,24.474050521850582
2016-08-30, $106,24817940, $105.8, $106.5, $105.5,24.260796872456613,24.421311837322307,24.192003744953084,24.30665779113769,99455600,-0.7676599954182906,0.229308092369223,0.045860918681079,True,26.17548033563116,-1.8688225444934687,3.492497702807043,24.280911342979966,0.025746448157725865,0.0006628795927384656,24.32959175109864
2016-08-29, $106.82,24900130, $106.62, $107.44, $106.29,24.448832831058173,24.63686542291551,24.373160730199427,24.49469375610352,99881200,-0.1122138564161878,0.2637046927160824,0.0458609250453463,True,26.17548033563116,-1.6807865795276413,2.8250435259202282,24.395163627217606,0.09953012888591317,0.009906246556046487,24.30665779113769
2016-08-26, $106.94,27744300, $107.41, $107.95, $106.31,24.629986171859084,24.753811017933824,24.377745838605023,24.5222110748291,111065200,-0.5856359025266711,0.3760651793288012,-0.1077750970299824,False,26.17548033563116,-1.653269260802059,2.7332992487129864,24.578846373352768,-0.05663529852366622,0.003207557038864789,24.49469375610352
2016-08-25, $107.57,25001730, $107.39, $107.88, $106.68,24.62539241746317,24.73775287698104,24.4625839048405,24.666667938232425,100344800,-0.4258092304119554,0.2751689721405377,0.0412755207692541,True,26.17548033563116,-1.508812397398735,2.2765148505441184,24.585498692280623,0.08116924595180208,0.006588446488384139,24.5222110748291
2016-08-24, $108.03,23606240, $108.565, $108.75, $107.68,24.895976604998776,24.937252126774084,24.691892566632447,24.77215003967285,94700400,-0.7533436046144648,0.2453595601416367,-0.123826565325924,False,26.17548033563116,-1.403330295958309,1.9693359195544349,24.812074964980127,-0.039924925307275316,0.0015939996607915131,24.666667938232425
2016-08-23, $108.85,21236850, $108.59, $109.32, $108.53,24.90056540957308,25.06796109012888,24.886807483589457,24.960186004638672,85030800,0.3133353008136996,0.1811536065394214,0.0596205950655921,True,26.17548033563116,-1.2152943309924886,1.4769403109424806,24.85201146128077,0.10817454335790089,0.01170173183069038,24.77215003967285
2016-08-22, $108.51,25784420, $108.86, $109.1, $107.85,24.96247870316029,25.017512154653595,24.73087704346489,24.882221221923828,103280800,-0.7772497573709014,0.2866351111887049,-0.0802574812364618,False,26.17548033563116,-1.2932591137073324,1.672519135187075,24.958148175300618,-0.0759269533767899,0.005764902249081227,24.960186004638672
2016-08-19, $109.36,25108890, $108.77, $109.69, $108.36,24.94184049417361,25.15280526924121,24.847825085818176,25.077133178710938,101472400,0.2566726501031624,0.3049801834230337,0.1352926845373261,True,26.17548033563116,-1.098347156920223,1.2063664771147369,24.917413982393317,0.15971919631762077,0.025510221672346685,24.882221221923828
2016-08-18, $109.08,21918340, $109.23, $109.6, $109.02,25.047328393929245,25.13217128433969,24.999172145961616,25.01293182373047,87938800,-0.12817943994472,0.1329991383780786,-0.0343965701987762,False,26.17548033563116,-1.1625485119006918,1.3515190425225128,25.05429758916062,-0.04136576543015025,0.0017111265496222133,25.077133178710938
2016-08-17, $109.22,25328680, $109.1, $109.37, $108.34,25.017516802968903,25.079430978199323,24.843242133130595,25.045034408569336,101424000,-0.1462960328132645,0.2361888450687281,0.0275176056004333,True,26.17548033563116,-1.1304459270618246,1.277907994010668,25.012419191198205,0.03261521737113071,0.0010637524041661065,25.01293182373047
2016-08-16, $109.38,33754680, $109.63, $110.23, $109.21,25.139055026299925,25.27664133324408,25.04274601102508,25.081727981567383,135177600,-0.0913154376652847,0.2338953222190021,-0.057327044732542,False,26.17548033563116,-1.0937523540637777,1.1962942120200553,25.102705908411956,-0.02097792684457289,0.000440073414696252,25.045034408569336
2016-08-15, $109.48,25704330, $108.14, $109.54, $108.08,24.797378630687337,25.11841033141512,24.783620704057384,25.10465240478516,103472800,1.2017044425719714,0.3347896273577326,0.3072737740978226,True,26.17548033563116,-1.0708279308460007,1.1466724574799272,24.89335603266552,0.2112963721196408,0.04464615687092172,25.081727981567383
2016-08-12, $108.18,18648700, $107.78, $108.44, $107.78,24.71482738730841,24.866171577035363,24.71482738730841,24.80655097961425,74641600,0.2316326006084557,0.1513441897269523,0.0917235923058434,True,26.17548033563116,-1.3689293560169098,1.8739675817648713,24.847700859362757,-0.041149879748505924,0.001693312603316498,25.10465240478516
2016-08-11, $107.93,27460070, $108.52, $108.93, $107.85,24.884514650575184,24.97853181286932,24.73087864092973,24.749223709106445,109938000,-0.0648252506250335,0.2476531719395893,-0.1352909414687388,False,26.17548033563116,-1.4262566265247152,2.034207964705661,24.853624337226712,-0.10440062812026696,0.010899491151906276,24.80655097961425
2016-08-10, $108,23839880, $108.71, $108.9, $107.76,24.92808642374439,24.971655527966504,24.71024440159817,24.765277862548828,96034000,-0.7443938454839594,0.2614111263683334,-0.1628085611955612,False,26.17548033563116,-1.4102024730823324,1.9886710150875264,24.861877856444718,-0.09659999389588947,0.009331558820685882,24.749223709106445
2016-08-09, $108.81,26296260, $108.23, $108.94, $108.01,24.81801430074646,24.980822827822333,24.767566243163152,24.951011657714844,105260800,0.4059984864091426,0.2132565846591809,0.1329973569683851,True,26.17548033563116,-1.2244686779163168,1.4993235431981327,24.795918102724166,0.15509355499067823,0.02405401079964653,24.765277862548828
2016-08-08, $108.37,28010430, $107.52, $108.37, $107.16,24.655207251081908,24.8501205444336,24.572657940892707,24.8501205444336,112148800,0.8280461363096681,0.27746260354089,0.1949132933516892,True,26.17548033563116,-1.3253597911975596,1.7565785761232389,24.755104716217367,0.09501582821623344,0.009028007611616784,24.951011657714844
2016-08-05, $107.48,39546610, $106.27, $107.65, $106.18,24.36857557038151,24.68502192717648,24.347938677276947,24.646039962768555,162213600,1.520758073107764,0.337083249899532,0.2774643923870457,True,26.17548033563116,-1.5294403728626058,2.3391878541421067,24.533354037423514,0.11268592534504052,0.012698117770868045,24.8501205444336
2016-08-04, $105.87,26781730, $105.58, $106, $105.28,24.21034828408122,24.3066572608997,24.14155515807838,24.27684783935547,109634800,0.6177352784211942,0.1651021028213222,0.0664995552742482,True,26.17548033563116,-1.8986324962756918,3.6048053559140647,24.358960206506346,-0.08211236715087722,0.00674244083912046,24.646039962768555
2016-08-03, $105.79,30148360, $104.81, $105.84, $104.77,23.904289969174723,24.139204481737742,23.895166855864243,24.1278018951416,120810400,1.2538348640772412,0.2440376258734993,0.2235119259668785,True,26.17548033563116,-2.047678440489559,4.192986995645752,24.03058513934448,0.09721675579712041,0.009451097607716945,24.27684783935547
2016-08-02, $104.48,33770220, $106.05, $106.07, $104,24.18709916975644,24.19165985598927,23.719549658353124,23.829025268554688,135266400,-1.4804423654998566,0.4721101976361446,-0.3580739012017524,False,26.17548033563116,-2.346455067076473,5.5058513818088555,24.162292579993146,-0.33326731143845834,0.11106710087341838,24.1278018951416
2016-08-01, $106.05,38018910, $104.41, $106.15, $104.41,23.813062417100653,24.209908277480626,23.813062417100653,24.187101364135746,152671600,1.7656707289719575,0.3968458603799725,0.3740389470350926,True,26.17548033563116,-1.9883789714954148,3.9536509342851636,23.81437650963649,0.37272485449925696,0.13892381716149227,23.829025268554688
2016-07-29, $104.21,27697970, $104.19, $104.55, $103.68,23.76288583136153,23.84499211029952,23.64656831285671,23.767446517944336,110934800,-0.124569902414362,0.1984237974428069,0.0045606865828062,True,26.17548033563116,-2.4080338176868246,5.798626867123383,23.90718524544547,-0.1397387275011326,0.01952691196363579,24.187101364135746
2016-07-28, $104.34,38771840, $102.83, $104.45, $102.82,23.452702211047583,23.82217865167987,23.450420998188395,23.797090530395508,159479200,1.3501598658686609,0.3717576534914748,0.3443883193479244,True,26.17548033563116,-2.3783898052356527,5.656738065648886,23.558449367210873,0.23864116318463502,0.0569496047661156,23.767446517944336
2016-07-27, $102.95,92143920, $104.265, $104.35, $102.75,23.781127765258628,23.79937398974331,23.43445820032841,23.48007202148437,369379200,6.496304691589616,0.3649157894148942,-0.3010557437742562,False,26.17548033563116,-2.695408314146789,7.265225979971635,23.782420972818194,-0.30234895133382267,0.09141488837266226,23.797090530395508
2016-07-26, $96.67,53454620, $96.82, $97.97, $96.42,22.081992233524726,22.34427610920168,21.990762832412383,22.047780990600582,224959200,-0.6882770469760047,0.3535132767892968,-0.0342112429241439,False,26.17548033563116,-4.127699345030578,17.037901882965862,22.566355713562686,-0.5185747229621036,0.2689197432952225,23.48007202148437
2016-07-25, $97.34,40290580, $98.25, $98.84, $96.92,22.408129372362747,22.54269134965205,22.10479244517952,22.20058250427246,161531600,-1.3379622852366158,0.4378989044725294,-0.2075468680902865,False,26.17548033563116,-3.9748978313586996,15.799812769740093,22.27669754312918,-0.07611503885672022,0.005793499140160029,22.047780990600582
2016-07-22, $98.66,28218240, $99.26, $99.3, $98.31,22.63848926900573,22.64761238282225,22.42181923098964,22.50164604187012,113254800,-0.7743947683207963,0.2257931518326081,-0.1368432271356106,False,26.17548033563116,-3.6738342937610398,13.497058418014678,22.480037810358034,0.021608231512086462,0.0004669156690799264,22.20058250427246
2016-07-21, $99.43,32690080, $99.83, $101, $99.13,22.76848692122754,23.035331432084845,22.60883506528855,22.6772575378418,130808000,-0.5301943387763686,0.4264963667962966,-0.0912293833857411,False,26.17548033563116,-3.49822279778936,12.237562742973218,22.670047742819772,0.007209795022028231,5.198114425966307e-05,22.50164604187012
2016-07-20, $99.96,26219110, $100, $100.46, $99.735,22.807255053577112,22.91216821801691,22.74795570322228,22.798131942749023,105104000,0.0900935753960663,0.1642125147946274,-0.0091231108280886,False,26.17548033563116,-3.377348392882137,11.406482166903555,22.75677982769257,0.04135211505645486,0.001709997419642281,22.6772575378418
2016-07-19, $99.87,23766360, $99.56, $100, $99.34,22.706907090842087,22.80725958985531,22.65673084133548,22.7776107788086,95119600,0.0400762521064468,0.1505287485198323,0.0707036879665103,True,26.17548033563116,-3.3978695568225596,11.545517525181538,22.73386441654855,0.043746362260051797,0.0019137442109876841,22.798131942749023
2016-07-18, $99.83,36464530, $98.7, $100.13, $98.6,22.51076289454818,22.836906752747325,22.48795598461548,22.76848602294922,145975600,1.062955338062932,0.3489507681318464,0.2577231284010395,True,26.17548033563116,-3.4069943126819418,11.607610246647097,22.59911596414093,0.16937005880829048,0.028686216820723774,22.7776107788086
2016-07-15, $98.78,30031410, $98.92, $99.3, $98.5,22.560942707018345,22.64761141454175,22.465152626124446,22.52901268005371,120548000,-0.0101160715510029,0.1824587884173034,-0.031930026964634,False,26.17548033563116,-3.6464676555774496,13.296726363172501,22.62855311371474,-0.09954043366102994,0.009908297933425902,22.76848602294922
2016-07-14, $98.79,38885980, $97.39, $98.99, $97.32,22.211989979343457,22.576905784835496,22.196024967229924,22.53129196166992,155676000,1.9820431137931085,0.380880817605572,0.3193019823264613,True,26.17548033563116,-3.644188373961242,13.280108904914282,22.31772505702521,0.21356690464470773,0.045610822759521684,22.52901268005371
2016-07-13, $96.87,25879680, $97.41, $97.67, $96.84,22.2165508202822,22.275848438154696,22.086547779420336,22.09339141845703,103568800,-0.5645602832020868,0.1893006587343606,-0.1231594018251662,False,26.17548033563116,-4.082088917174129,16.663449927715856,22.321489606066702,-0.22809818760967104,0.05202878319081669,22.53129196166992
2016-07-12, $97.42,24129530, $97.17, $97.7, $97.12,22.16181196420033,22.28269015200899,22.150409379345284,22.21883010864257,96670000,0.4536644252636668,0.1322807726637052,0.0570181444422459,True,26.17548033563116,-3.9566502269885895,15.655081018728856,22.13248673024463,0.0863433783979417,0.007455178993170147,22.09339141845703
2016-07-11, $96.98,23317990, $96.75, $97.65, $96.73,22.06602892919508,22.27129466259419,22.061468241811205,22.118486404418945,95179600,0.3103477775637353,0.2098264207829849,0.0524574752238642,True,26.17548033563116,-4.056993931212215,16.459199757892744,22.114139002867738,0.004347401551207497,1.889990024744135e-05,22.21883010864257
2016-07-08, $96.68,28877500, $96.49, $96.89, $96.05,22.006720208172048,22.097949577617022,21.90636946783252,22.0500545501709,115648400,0.7712888734543455,0.1915801097845033,0.0433343419988503,True,26.17548033563116,-4.125425785460262,17.01913791134042,22.04041627484929,0.009638275321609768,9.289635117515188e-05,22.118486404418945
2016-07-07, $95.94,24460850, $95.7, $96.5, $95.62,21.82654794220152,22.009006725063795,21.808303455960026,21.88128662109375,100558400,0.4292104738596203,0.2007032691037693,0.0547386788922317,True,26.17548033563116,-4.2941937145374105,18.440099657972603,21.899270978433208,-0.0179843573394578,0.00032343710891330967,22.0500545501709
2016-07-06, $95.53,30877540, $94.6, $95.66, $94.37,21.57566367606689,21.81742177120235,21.52320796206736,21.787771224975582,123796400,0.5684642458888112,0.2942138091349946,0.2121075489086941,True,26.17548033563116,-4.387709110655578,19.251991239729964,21.676989669812993,0.11078155516258903,0.012272552964241757,21.88128662109375
2016-07-05, $94.99,27553750, $95.39, $95.4, $94.46,21.75584501845912,21.75812623165836,21.543737432381075,21.66461563110352,110820800,-0.9385914221360704,0.2143887992772839,-0.0912293873556002,False,26.17548033563116,-4.510864704527641,20.347900382553245,21.761407901014262,-0.0967922699107433,0.009368743514474183,21.787771224975582
2016-07-01, $95.89,25982080, $95.49, $96.465, $95.33,21.778655090373785,22.002167034823863,21.74216437417023,21.8698844909668,104106000,0.303338808874698,0.2600026606536332,0.0912294005930149,True,26.17548033563116,-4.30559584466436,18.538155577591006,21.733098530924796,0.13678596004200472,0.018710398864612912,21.66461563110352
2016-06-30, $95.6,35783320, $94.44, $95.77, $94.3,21.539181897234005,21.84251720315586,21.507251865031705,21.80374526977539,143345600,1.2711962756745132,0.3352653381241559,0.2645633725413852,True,26.17548033563116,-4.37173506585577,19.112067486032952,21.649269908469737,0.15447536130565354,0.0238626372505122,21.8698844909668
2016-06-29, $94.4,36505420, $93.97, $94.55, $93.63,21.43198470207893,21.56426724128149,21.35443910528377,21.53005599975586,146124000,0.8655009596472585,0.2098281359977214,0.0980712976769275,True,26.17548033563116,-4.645424335875301,21.57996726034248,21.55638603866244,-0.026330038906579034,0.0006932709488219656,21.80374526977539
2016-06-28, $93.59,40387960, $92.9, $93.66, $92.14,21.187943220155887,21.36127886972703,21.014607570584744,21.34531211853028,161779600,1.6840194109407625,0.3466712991422866,0.1573688983743899,True,26.17548033563116,-4.83016821710088,23.330525005491495,21.301799045661927,0.04351307286835393,0.001893387510446679,21.53005599975586
2016-06-27, $92.04,45595680, $93, $93.05, $91.5,21.2107555562408,21.222159884282743,20.86864659565627,20.99180603027344,181958400,-1.4560673172479557,0.3535132886264733,-0.2189495259673606,False,26.17548033563116,-5.1836743053577194,26.870479304025835,21.251915688603745,-0.26010965833030397,0.06765703435670747,21.34531211853028
2016-06-24, $93.4,75219710, $92.91, $94.655, $92.65,21.19022209195291,21.589349066436508,21.130922739956947,21.301977157592773,301245600,-2.809569910953791,0.4584263264795609,0.111755065639862,True,26.17548033563116,-4.873503178038387,23.75103322635026,21.114722653076782,0.18725450451599102,0.0350642494615293,20.99180603027344
2016-06-23, $96.1,32042290, $95.94, $96.29, $95.25,21.881281588943867,21.96110663556737,21.72391096841788,21.91777229309082,128960800,0.5755916544636586,0.2371956671494892,0.0364907041469528,True,26.17548033563116,-4.25770804254034,18.128077775512697,21.67280155264406,0.24497074044676026,0.060010663675033986,21.301977157592773
2016-06-22, $95.55,29124140, $96.25, $96.89, $95.35,21.951987540053324,22.097953863452847,21.74672185400529,21.79233741760254,116876400,-0.3753409227547966,0.3512320094475569,-0.1596501224507847,False,26.17548033563116,-4.383142918028621,19.21194183986446,21.93450799878454,-0.14217058118200043,0.020212474153627775,21.91777229309082
2016-06-21, $95.91,35407050, $94.94, $96.35, $94.676,21.65321047429848,21.97479189497669,21.59391111854967,21.874441146850582,142185600,0.8517054774969113,0.3808807764270199,0.2212306725521031,True,26.17548033563116,-4.301039188780578,18.498938103426294,21.696260634052514,0.17818051279806824,0.03174829514098256,21.79233741760254
2016-06-20, $95.1,34355970, $96, $96.57, $95.03,21.89497444313241,22.02497578428626,21.6737436937876,21.6897087097168,137647600,-0.2412459731660599,0.3512320904986623,-0.205265733415608,False,26.17548033563116,-4.48577162591436,20.12214707985836,21.882250697569614,-0.19254198785281318,0.037072417086312856,21.874441146850582
2016-06-17, $95.33,60793260, $96.62, $96.65, $95.3,22.036374652097685,22.043216551506703,21.73531889771012,21.74216079711914,244032800,-2.275763456533031,0.3078976537965836,-0.294213854978544,False,26.17548033563116,-4.43331953851202,19.65432213055243,21.909493249591804,-0.16733245247266382,0.028000149650516296,21.6897087097168
2016-06-16, $97.55,31251870, $96.45, $97.75, $96.07,21.99760239641242,22.294097483519963,21.910935431592268,22.24848365783692,125307200,0.4220794370598524,0.3831620519276946,0.2508812614244959,True,26.17548033563116,-3.9269966777942393,15.421302907406993,21.902653164510788,0.34583049332613314,0.11959873011419661,21.74216079711914
2016-06-15, $97.14,29373050, $97.82, $98.41, $97.03,22.31006151297956,22.444625250907382,22.12988395137957,22.154972076416016,117780800,-0.3283292927512615,0.3147412995278138,-0.1550894365635429,False,26.17548033563116,-4.020508259215145,16.164486662417193,22.28323020729955,-0.128258130883534,0.016450148137737736,22.24848365783692
2016-06-14, $97.46,31890740, $97.32, $98.475, $96.75,22.196022935848493,22.460587958152097,22.06602163766294,22.22795295715332,127727600,0.1232870933705942,0.3945663204891581,0.0319300213048272,True,26.17548033563116,-3.94752737847784,15.582972403832128,22.176308125289296,0.051644831864024354,0.0026671886582633453,22.154972076416016
2016-06-13, $97.34,37708360, $98.69, $99.12, $97.1,22.508481857158543,22.60655312910292,22.145845576227288,22.20058250427246,152082000,-1.5076743970956707,0.460707552875629,-0.307899352886082,False,26.17548033563116,-3.9748978313586996,15.799812769740093,22.405077729770305,-0.20449522549784405,0.04181829725141409,22.22795295715332
2016-06-10, $98.83,31672220, $98.53, $99.3457, $98.48,22.47199613929585,22.65901562782329,22.460593551736235,22.54041862487793,126851600,-0.8228708256201367,0.1984220760870556,0.0684224855820794,True,26.17548033563116,-3.635061710753231,13.213673640984204,22.37176142264139,0.16865720223653824,0.02844525186625656,22.20058250427246
2016-06-09, $99.65,26575570, $98.5, $99.99, $98.46,22.46515221464897,22.8049799182945,22.45602910138961,22.727436065673828,106405600,0.7176255984263635,0.3489508169048889,0.2622838510248577,True,26.17548033563116,-3.4480442699573324,11.889009287585592,22.486361141165332,0.24107492450849577,0.05811711922677693,22.54041862487793
2016-06-08, $98.94,20839950, $99.02, $99.56, $98.68,22.58374474225539,22.70690413682509,22.50620090496461,22.56550025939941,83392400,-0.0908999935397281,0.20070323186048,-0.0182444828559802,False,26.17548033563116,-3.60998007623175,13.031956150790192,22.629001564548275,-0.06350130514886487,0.004032415755609252,22.727436065673828
2016-06-07, $99.03,22378380, $99.25, $99.87, $98.96,22.63620721418083,22.777612862996868,22.57006594651152,22.586030960083008,89638000,0.4055621305989465,0.2075469164853487,-0.0501762540978205,False,26.17548033563116,-3.5894493755481527,12.884146819623023,22.60639081200378,-0.020359851920773053,0.0004145235702358062,22.56550025939941
2016-06-06, $98.63,23265200, $97.99, $101.89, $97.55,22.3488342385744,23.23831775252681,22.24848347488571,22.49480056762696,93170000,0.7250837080141626,0.9898342776411012,0.1459663290525554,True,26.17548033563116,-3.6806797680042003,13.547403554595453,22.42669423818997,0.06810632943698991,0.004638472109379798,22.586030960083008
2016-06-03, $97.92,28487570, $97.79, $98.27, $97.45,22.303219764467705,22.41269363804458,22.22567417563289,22.332868576049805,114019600,0.2046908768100319,0.1870194624116905,0.0296488115820992,True,26.17548033563116,-3.842611759581356,14.765665134872924,22.365069917945885,-0.03220134189608004,0.0010369264199082396,22.49480056762696
2016-06-02, $97.72,40170200, $97.6, $97.84, $96.63,22.25987928056889,22.314616202276127,22.038648641097303,22.287248611450195,160766400,-0.751607836868573,0.2759675611788239,0.0273693308813065,True,26.17548033563116,-3.888231724180965,15.11834594092728,22.280156441479424,0.007092169970771778,5.029887489431696e-05,22.332868576049805
2016-06-01, $98.46,29139100, $99.02, $99.54, $98.33,22.58375000198343,22.702348738474534,22.426381077873,22.456029891967773,116693200,-1.4019542356847547,0.275967660601534,-0.1277201100156553,False,26.17548033563116,-3.719450443663387,13.834311602867768,22.474799583878156,-0.018769691910382136,0.0003523013344106646,22.287248611450195
2016-05-31, $99.86,42268040, $99.6, $100.4, $98.82,22.716030227631464,22.898489000566585,22.538133881050424,22.77532958984375,169228800,-0.4882901045916821,0.3603551195161607,0.0592993622122861,True,26.17548033563116,-3.4001507457874105,11.561025094078683,22.619953155360907,0.155376434482843,0.0241418363926012,22.456029891967773
2016-05-27, $100.35,36299460, $99.44, $100.47, $99.245,22.679539800682896,22.914454299236763,22.636205450056355,22.8870849609375,145364800,-0.0597588043041996,0.2782488491804074,0.2075451602546039,True,26.17548033563116,-3.2883953746936605,10.813544140306659,22.708078432086587,0.17900652885091262,0.03204333737125261,22.77532958984375
2016-05-26, $100.41,56293490, $99.68, $100.73, $98.64,22.73427642676213,22.973753348456786,22.49708071824189,22.90077018737793,225324800,0.7930233821264343,0.476672630214896,0.1664937606158005,True,26.17548033563116,-3.274710148253231,10.723726555072696,22.782825472050252,0.11794471532767759,0.013910955873726904,22.8870849609375
2016-05-25, $99.62,38258300, $98.67, $99.74, $98.11,22.503920600732343,22.74795818684745,22.376200515305563,22.720590591430664,152675200,1.75691882943263,0.3717576715418893,0.2166699906983211,True,26.17548033563116,-3.4548897442004964,11.93626314458177,22.637811083056327,0.08277950837433679,0.006852447006696894,22.90077018737793
2016-05-24, $97.9,35074380, $97.22, $98.09, $96.84,22.173211089954307,22.371633072451875,22.08654241708845,22.32830047607422,140560800,1.5243755165020856,0.285090655363426,0.1550893861199114,True,26.17548033563116,-3.8471798595569418,14.80079287178057,22.359618879006526,-0.03131840293230681,0.0009808423622303239,22.720590591430664
2016-05-23, $96.43,37977020, $95.87, $97.19, $95.67,21.865323782862813,22.166379586489988,21.81970821258228,21.993043899536133,152074400,1.2707623397154366,0.3466713739077072,0.1277201166733199,True,26.17548033563116,-4.182436436095028,17.492774541975276,22.021962720841117,-0.02891882130498402,0.0008362982256695978,22.32830047607422
2016-05-20, $95.22,31834020, $94.64, $95.43, $94.52,21.584789018049523,21.76496656660928,21.55741968179356,21.717071533203125,128104000,1.0828004498921515,0.20754688481572,0.1322825151536015,True,26.17548033563116,-4.4584088024280355,19.877409049567788,21.72207474208647,-0.005003208883344712,2.503209913037944e-05,21.993043899536133
2016-05-19, $94.2,30417880, $94.64, $94.64, $93.57,21.58479044200801,21.58479044200801,21.340752832807443,21.484437942504883,121768400,-0.380690749634871,0.2440376092005678,-0.1003524995031277,False,26.17548033563116,-4.691042393126278,22.005878734107913,21.625397698153893,-0.14095975564901053,0.019869652712628756,21.717071533203125
2016-05-18, $94.56,42009830, $94.16, $95.21, $93.89,21.475312136477346,21.7147872698688,21.413731573565634,21.566539764404297,168249600,1.1444984150380977,0.3010556963031661,0.0912276279269512,True,26.17548033563116,-4.608940571226864,21.242333189101007,21.472704437677216,0.09383532672708128,0.008805068541978095,21.484437942504883
2016-05-17, $93.49,46858910, $94.55, $94.7, $93.01,21.56426215058034,21.59847164397407,21.21303018460794,21.3225040435791,187667600,-0.4154281470987064,0.3854414593661275,-0.2417581070012389,False,26.17548033563116,-4.852976292052059,23.55137889121935,21.559313497985375,-0.23680945440627355,0.05607871769619695,21.566539764404297
2016-05-16, $93.88,61192340, $92.39, $94.39, $91.65,21.071625589084583,21.527770750428644,20.902852366602875,21.411453247070312,245039200,3.711911807761114,0.6249183838257686,0.3398276579857295,True,26.17548033563116,-4.764027088560848,22.69595410054155,21.153444466565432,0.2580087805048805,0.06656853081761561,21.3225040435791
2016-05-13, $90.52,44223040, $90, $91.67, $90,20.52652748668164,20.90740819021013,20.52652748668164,20.645124435424805,177571200,0.1992322310760741,0.38088070352849,0.1185969487431641,True,26.17548033563116,-5.530355900206356,30.584836382947252,20.83010830530491,-0.1849838698801065,0.034219032115820176,21.411453247070312
2016-05-12, $90.34,76183460, $92.72, $92.78, $89.47,21.14688829098616,21.160572087929754,20.405652462245044,20.60407447814941,305258800,-2.345716411146659,0.7549196256847104,-0.5428138128367479,False,26.17548033563116,-5.57140585748175,31.040563228781952,20.965092489863245,-0.36101801171383485,0.1303340047818106,20.645124435424805
2016-05-11, $92.51,28641180, $93.48, $93.57, $92.46,21.320227820722074,21.3407535198872,21.087592789848767,21.098997116088867,114876400,-0.9741139529631182,0.2531607300384308,-0.2212307046332071,False,26.17548033563116,-5.076483219542293,25.77068187829449,21.063440812893635,0.035556303195232175,0.0012642506969112778,20.60407447814941
2016-05-10, $93.42,33653020, $93.33, $93.57, $92.11,21.28602146104716,21.340758411423,21.00777254154752,21.306547164916992,134747200,0.6789731125385723,0.3329858698754826,0.0205257038698327,True,26.17548033563116,-4.868933170714168,23.706510220880723,21.214575301959798,0.09197186295719462,0.008458823575816987,21.098997116088867
2016-05-09, $92.79,32895650, $93, $93.77, $92.59,21.210752093520146,21.38636723232578,21.117241490999312,21.162857055664062,131745600,0.0755204784244512,0.2691257413264694,-0.0478950378560831,False,26.17548033563116,-5.012623279967098,25.126392146868106,21.23833339215101,-0.07547633648694685,0.005696677369490824,21.306547164916992
2016-05-06, $92.72,43665160, $93.37, $93.45, $91.85,21.295134329047688,21.313378810356333,20.948463083351843,21.146886825561523,174799600,-0.5577062255101017,0.3649157270044902,-0.1482475034861643,False,26.17548033563116,-5.028593510069637,25.286752689514472,21.24287298238669,-0.09598615682516609,0.009213342302065379,21.162857055664062
2016-05-05, $93.24,35850220, $94, $94.07, $92.68,21.438821402530515,21.454786412696134,21.137765682224863,21.265485763549805,143562000,-0.4059160243973236,0.3170207304712704,-0.1733356389807099,False,26.17548033563116,-4.909994572081356,24.108046697868378,21.330723130541628,-0.06523736699182336,0.004255914052025845,21.146886825561523
2016-05-04, $94.19,40984160, $95.2, $95.9, $93.82,21.581115670263795,21.73980138711214,21.268280782602496,21.35215759277344,164102000,-1.0401381004679355,0.4715206045096458,-0.2289580774903541,False,26.17548033563116,-4.8233227428577194,23.264442281768513,21.46480943227374,-0.11265183950029822,0.012690436942800951,21.265485763549805
2016-05-03, $95.18,56770080, $94.2, $95.74, $93.68,21.354424537358057,21.70353105968799,21.236545244005825,21.576583862304688,227325200,1.6446122895309667,0.4669858156821647,0.2221593249466309,True,26.17548033563116,-4.598896473326473,21.14984877237467,21.347746812856904,0.22883704944778316,0.05236639519996716,21.35215759277344
2016-05-02, $93.64,47844490, $93.965, $94.08, $92.4,21.30228311273725,21.327219412767505,20.94637614719932,21.227474212646484,192640400,-0.1066851350609021,0.3808432655681883,-0.0748089000907654,False,26.17548033563116,-4.948006122984676,24.482764593093847,21.392457861364154,-0.16498364871766924,0.027219604344195285,21.576583862304688
2016-04-29, $93.74,68388840, $93.99, $94.72, $92.51,21.30681805814076,21.472304270094504,20.971314276778763,21.250144958496094,274126000,-1.1494271230517603,0.5009899933157413,-0.0566730996446658,False,26.17548033563116,-4.925335377135067,24.25892857725823,21.273107851535226,-0.022962893039132126,0.0005272944567266227,21.227474212646484
2016-04-28, $94.83,82107120, $97.61, $97.88, $94.25,22.12744464302586,22.18865082821076,21.365758063359937,21.49724006652832,328970800,-3.056636383974609,0.8228927648508204,-0.6302045764975404,False,26.17548033563116,-4.67824026910284,21.885932015455413,21.814732387785682,-0.3174923212573617,0.10080137405738777,21.250144958496094
2016-04-27, $97.82,114436300, $96, $98.71, $95.68,21.76247063225156,22.376806835264738,21.68992913265842,22.17505073547364,458408400,-6.2577466019771215,0.6868777026063171,0.4125801032220764,True,26.17548033563116,-4.000429600157521,16.00343698581646,21.663938601948843,0.5111121335247972,0.26123561303627013,21.49724006652832
2016-04-26, $104.35,52979780, $103.91, $105.3, $103.91,23.555598662151777,23.870700833350465,23.555598662151777,23.65534210205078,224064800,-0.6947405944665808,0.3151021711986885,0.0997434398990044,True,26.17548033563116,-2.5201382335803793,6.351096716353634,23.067522351026682,0.5878197510240994,0.3455320596940343,22.17505073547364
2016-04-25, $105.08,27997990, $105, $105.65, $104.51,23.80269930848993,23.95004969773332,23.69162052931747,23.82083511352539,112126400,-0.5677496751866129,0.2584291684158515,0.0181358050354596,True,26.17548033563116,-2.35464522210577,5.54435412198553,23.74679274692143,0.0740423666039618,0.005482272052315477,23.65534210205078
2016-04-22, $105.68,33655810, $105.01, $106.48, $104.62,23.80496657703028,24.13820464212083,23.716556689907343,23.956850051879883,134732400,-0.2736852686105351,0.4216479522134868,0.1518834748496011,True,26.17548033563116,-2.2186302837512777,4.922320335978275,23.8062423424374,0.15060770944248247,0.022682682143511223,23.82083511352539
2016-04-21, $105.97,31416910, $106.93, $106.93, $105.52,24.24022087794581,24.24022087794581,23.92058373111425,24.02259635925293,126210000,-1.082769741728018,0.3196371468315604,-0.2176245186928795,False,26.17548033563116,-2.152883976378231,4.634909415746143,24.13695207596566,-0.11435571671272982,0.013077229944882113,23.956850051879883
2016-04-20, $107.13,30576980, $106.64, $108.09, $106.06,24.174474201468847,24.50317744619985,24.04299221176624,24.285552978515625,122444000,0.2057769435225731,0.4601852344336095,0.111078777046778,True,26.17548033563116,-1.8899273571155355,3.5718254151737128,24.11722676716246,0.16832621135316472,0.02833371342851028,24.02259635925293
2016-04-19, $106.91,32340620, $107.88, $108, $106.23,24.45557167471268,24.482775381098627,24.08153065667739,24.23568153381348,129539600,-0.5303491992664666,0.401244724421236,-0.2198901408991993,False,26.17548033563116,-1.9397988018176804,3.7628193915333084,24.392152749504547,-0.1564712156910666,0.024483241339840284,24.285552978515625
2016-04-18, $107.48,60784920, $108.89, $108.95, $106.94,24.684535982504062,24.69813697343318,24.242486482049816,24.36490058898925,243286000,-2.157476200612108,0.4556504913833628,-0.3196353935148082,False,26.17548033563116,-1.8105797466419098,3.2781990189498824,24.52358551662205,-0.15868492763279818,0.025180906257826395,24.23568153381348
2016-04-15, $109.85,46873670, $112.11, $112.3, $109.73,25.414484023705413,25.457556131325564,24.874956757233623,24.902158737182617,187756000,-2.0071422132665,0.5825993740919415,-0.5123252865227954,False,26.17548033563116,-1.2733215984485433,1.6213478930755534,25.043564324854216,-0.14140558767159916,0.019995540224750318,24.36490058898925
2016-04-14, $112.1,25364920, $111.62, $112.39, $111.33,25.303406708694705,25.47795909844938,25.2376657041174,25.41221809387207,101895600,0.0535663810093289,0.240293394331978,0.1088113851773648,True,26.17548033563116,-0.7632622417590902,0.5825692496951118,25.15953777833788,0.2526803155341888,0.06384734185845721,24.902158737182617
2016-04-13, $112.04,32771760, $110.8, $112.34, $110.8,25.117514925595028,25.466619648378188,25.117514925595028,25.39861297607422,133029200,1.4487400832513986,0.34910472278316,0.2810980504791907,True,26.17548033563116,-0.7768673595569418,0.6035228943449746,25.217328514907273,0.1812844611669462,0.03286405586059002,25.41221809387207
2016-04-12, $110.44,27150570, $109.34, $110.5, $108.66,24.786544736323343,25.04950873511771,24.63239557368264,25.035907745361328,108929200,1.3025056151930947,0.417113161435072,0.2493630090379852,True,26.17548033563116,-1.1395725902698324,1.2986256884942953,24.997320749533976,0.0385869958273517,0.0014889562469800575,25.39861297607422
2016-04-11, $109.02,29357940, $108.97, $110.61, $108.83,24.702672840869106,25.074448264636043,24.67093604100065,24.714006423950195,117630000,0.3313183066218306,0.4035122236353921,0.0113335830810896,True,26.17548033563116,-1.4614739116809652,2.1359059945240615,24.815713864350478,-0.10170744040028268,0.010344403432777052,25.035907745361328
2016-04-08, $108.66,23553790, $108.91, $109.77, $108.17,24.689067885533632,24.8840217407718,24.52131427941791,24.63239479064941,94326800,0.1105641258751788,0.3627074613538887,-0.0566730948842213,False,26.17548033563116,-1.54308554498175,2.3811129991316244,24.6940983892094,-0.061703598559990525,0.0038073340752524647,24.714006423950195
2016-04-07, $108.54,31735810, $109.95, $110.42, $108.121,24.924825622431,25.03137131404998,24.509979895896688,24.60519027709961,127207600,-2.180980494895668,0.5213914181532928,-0.3196353453313918,False,26.17548033563116,-1.5702900585315511,2.465810867923022,24.818830018353818,-0.21363974125420881,0.04564193904316529,24.63239479064941
2016-04-06, $110.96,26178840, $110.23, $110.98, $109.2,24.988305030062563,25.15832433698267,24.754810395757254,25.153789520263672,105616400,1.0472562918014017,0.403513941225416,0.1654844902011092,True,26.17548033563116,-1.0216908153674886,1.0438521222062838,24.850582709533754,0.3032068107299182,0.09193437007300842,24.60519027709961
2016-04-05, $109.81,26560420, $109.51, $110.73, $109.42,24.82508832565507,25.1016533651086,24.80468510773956,24.89309501647949,106314800,-1.178896157341447,0.2969682573690377,0.0680066908244185,True,26.17548033563116,-1.2823853191516719,1.6445121067757353,24.93662105360415,-0.04352603712466063,0.0018945159077773356,25.153789520263672
2016-04-04, $111.12,37322930, $110.42, $112.19, $110.27,25.031373946976785,25.43262045636295,24.99736974167742,25.190059661865234,149424800,1.0273902393872936,0.4352507146855302,0.158685714888449,True,26.17548033563116,-0.9854206737659261,0.9710539042852918,24.979450043812168,0.21060961805306633,0.04435641121645848,24.89309501647949
2016-04-01, $109.99,25820460, $108.78, $110, $108.2,24.65959375818387,24.93615870417239,24.52811177902123,24.93389129638672,103496000,0.917491392993708,0.408046925151158,0.2742975382028483,True,26.17548033563116,-1.2415890392444418,1.541543342371936,24.841700134360124,0.0921911620265945,0.008499210355813799,25.190059661865234
2016-03-31, $108.99,25763840, $109.72, $109.9, $108.88,24.87269103591645,24.91349573813298,24.68226851573072,24.707204818725582,103553600,-0.5202346009076098,0.2312272224022606,-0.1654862171908675,False,26.17548033563116,-1.4682755169055781,2.1558329935443425,24.890544572132512,-0.18333975340692987,0.03361346517931385,24.93389129638672
2016-03-30, $109.56,45547590, $108.65, $110.42, $108.6,24.63012329799475,25.03136798224244,24.61878798908748,24.83641242980957,182404400,1.7458987514682889,0.4125799931549601,0.2062891318148203,True,26.17548033563116,-1.3390679058215902,1.793102856401419,24.653381911339768,0.18303051846980267,0.03350017069132478,24.707204818725582
2016-03-29, $107.68,31154910, $104.89, $107.79, $104.88,23.7777625319558,24.43517075033608,23.775495123990456,24.410234451293945,124760400,2.3671230343429883,0.6596756263456243,0.6324719193381476,True,26.17548033563116,-1.7652458843372152,3.116093032169477,24.144325169091417,0.26590928220252863,0.07070774636146401,24.83641242980957
2016-03-28, $105.19,19354440, $106, $106.19, $105.06,24.029395906310253,24.07246801845852,23.81630448350413,23.845775604248047,77645600,-0.4541966671648412,0.2561635349543891,-0.1836203020622058,False,26.17548033563116,-2.3297047313831136,5.4275241354288655,24.158673642093117,-0.31289803784506987,0.09790518208729478,24.410234451293945
2016-03-24, $105.67,25568350, $105.47, $106.25, $104.89,23.90923872115492,24.086058449993207,23.777756763471285,23.95457649230957,104532000,-0.4334469049739331,0.3083016865219221,0.0453377711546494,True,26.17548033563116,-2.22090384332159,4.932413881280611,23.88279130848146,0.07178518382811205,0.00515311261723584,23.845775604248047
2016-03-23, $106.13,25686350, $106.48, $107.07, $105.9,24.13820257886179,24.27195023734985,24.006720598652056,24.05885887145996,102814000,-0.5528664063470745,0.265229638697793,-0.0793437074018292,False,26.17548033563116,-2.1166214641711996,4.480086422590233,24.06980948963584,-0.010950618175879612,0.00011991603843390491,23.95457649230957
2016-03-22, $106.72,32345430, $105.25, $107.29, $105.21,23.85937361041647,24.32182628508781,23.850305707439503,24.192611694335938,129777600,0.7647826897966725,0.471520577648306,0.3332380839194684,True,26.17548033563116,-1.982868641295223,3.9317680486319637,23.92500907158739,0.26760262274854796,0.07161116370190168,24.05885887145996
2016-03-21, $105.91,35454230, $105.93, $107.65, $105.1401,24.01352814356544,24.40343938307577,23.834440924044944,24.008995056152344,142010800,-0.0094210622223811,0.5689984590308264,-0.0045330874130939,False,26.17548033563116,-2.1664852794788168,4.693658466198407,24.072117196796768,-0.06312214064442401,0.003984404639534445,24.192611694335938
2016-03-18, $105.92,43607120, $106.34, $106.5, $105.19,24.10646755890895,24.14273917093432,23.8457726979607,24.01125717163086,176820800,0.1134115860818241,0.2969664729736152,-0.0952103872780902,False,26.17548033563116,-2.164223164000301,4.683861903595474,24.068234859817256,-0.05697768818639659,0.0032464569510662375,24.008995056152344
2016-03-17, $105.8,34394830, $105.52, $106.47, $104.96,23.92058114834464,24.13593996481169,23.79363395852878,23.98405647277832,137682800,-0.1604318113589964,0.3423060062829108,0.0634753244336785,True,26.17548033563116,-2.19142386285284,4.802338546680864,23.948138792494063,0.0359176802842569,0.001290079757002097,24.01125717163086
2016-03-16, $105.97,38236730, $104.61, $106.31, $104.59,23.71429452538987,24.099670952955726,23.7097597083921,24.02259635925293,153214000,1.329155011311367,0.3899112445636277,0.3083018338630587,True,26.17548033563116,-2.152883976378231,4.634909415746143,23.804454401811018,0.21814195744191167,0.0475859135965888,23.98405647277832
2016-03-15, $104.58,40026250, $103.96, $105.18, $103.85,23.56693722237675,23.843502174596225,23.54200092474873,23.70748710632324,160270800,2.0093699360222983,0.3015012498474902,0.1405498839464876,True,26.17548033563116,-2.467993229307922,6.090990579909745,23.722123920486446,-0.01463681416320739,0.00021423632884826844,24.02259635925293
2016-03-14, $102.52,25058280, $101.91, $102.91, $101.78,23.10221875093738,23.32891110616028,23.072747637862136,23.24049949645996,100304400,0.2542411580232384,0.2561634682981406,0.1382807455225823,True,26.17548033563116,-2.9349808391711996,8.614112526302078,23.309512705904307,-0.0690132094443463,0.00476282307780921,23.70748710632324
2016-03-11, $102.26,27368840, $102.24, $102.28, $101.5,23.17702760773592,23.18609551015065,23.009275736877065,23.18156242370605,109632800,1.0774131373030291,0.1768197732735856,0.0045348159701319,True,26.17548033563116,-2.9939179119251094,8.963544463346008,23.194569592154494,-0.01300716844844274,0.00016918643104616433,23.24049949645996
2016-03-10, $101.17,33490630, $101.41, $102.24, $100.15,22.98887090754598,23.177024234308025,22.70323807639505,22.93446350097656,134054400,0.0494162040051149,0.4737861579129756,-0.0544074065694211,False,26.17548033563116,-3.2410168346546016,10.504190122514533,23.05155792378257,-0.11709442280601223,0.013711103852273157,23.18156242370605
2016-03-09, $101.12,27148530, $101.31, $101.58, $100.27,22.96620613670517,23.02741405229656,22.73044583679451,22.92313575744629,108806800,0.0890933737365484,0.2969682155020479,-0.0430703792588822,False,26.17548033563116,-3.2523445781848714,10.57774525524853,22.950255124136817,-0.027119366690527613,0.0007354600496952986,22.93446350097656
2016-03-08, $101.03,31538710, $100.78, $101.76, $100.4,22.846057846606428,23.06821714064854,22.75991536458328,22.90273094177246,126247600,-0.8245905170562451,0.3083017760652602,0.0566730951660332,True,26.17548033563116,-3.2727493938586996,10.710888595002485,22.868150121820946,0.03458081995151474,0.0011958331085190799,22.92313575744629
2016-03-07, $101.87,35890740, $102.39, $102.83, $100.96,23.211034191665604,23.310779398939523,22.88686399755109,23.09315490722656,143315600,-1.1066531263581925,0.4239154013884345,-0.117879284439045,False,26.17548033563116,-3.0823254284046016,9.500730046589611,23.0983590190917,-0.0052041118651402485,2.7082780304893517e-05,22.90273094177246
2016-03-04, $103.01,46026600, $102.37, $103.75, $101.37,23.206492908208507,23.519327680266382,22.979800593217988,23.35157585144043,184220400,1.4876627296900091,0.5395270870483948,0.1450829432319231,True,26.17548033563116,-2.823904484190731,7.974436535832518,23.16211452307254,0.18946132836789076,0.03589559494692573,23.09315490722656
2016-03-03, $101.5,36884490, $100.58, $101.7099, $100.45,22.80071887216248,23.05688062631293,22.771247757318044,23.009275436401367,147822800,0.7444247272941018,0.2856328689948846,0.20855656423889,True,26.17548033563116,-3.1662048992297933,10.024853463906746,22.988754673095162,0.020520763306205225,0.0004211017266692988,23.35157585144043
2016-03-02, $100.75,33136130, $100.51, $100.89, $99.64,22.7848486992614,22.87099117007269,22.587625731123904,22.83925437927246,132678400,0.2188195345207644,0.2833654389487847,0.0544056800110617,True,26.17548033563116,-3.3362259563586996,11.130403631881519,22.858519885624226,-0.019265506351764827,0.0003711597349898909,23.009275436401367
2016-03-01, $100.53,50303500, $97.65, $100.77, $97.42,22.13651325835009,22.84379244112926,22.084373245235227,22.78938674926757,201628400,3.971472548096844,0.7594191958940328,0.6528734909174858,True,26.17548033563116,-3.3860935863635895,11.465629775612635,22.37732298778146,0.41206376148610957,0.1697965435300814,22.83925437927246
2016-02-29, $96.69,35131460, $96.86, $98.23, $96.65,21.957421562465143,22.26799071029583,21.909816375634232,21.91888427734375,140865200,-0.2270454340044136,0.358174334661598,-0.0385372851213929,False,26.17548033563116,-4.2565960582874105,18.11861000342792,22.24338379842759,-0.3244995210838404,0.10529993918364178,22.78938674926757
2016-02-26, $96.91,28949760, $97.2, $98.0237, $96.58,22.03450263155408,22.220390347611303,21.89395443741686,21.96876335144043,115964400,0.1550069029636169,0.3264359101944443,-0.0657392801136502,False,26.17548033563116,-4.206716984190731,17.696467785078756,21.988560037201765,-0.019796685761335198,0.00039190876713305175,21.91888427734375
2016-02-25, $96.76,27526040, $96.05, $96.76, $95.25,21.77381151535535,21.93476295471192,21.592456855207168,21.93476295471192,110330800,0.6868250449189484,0.34230609950475,0.160951439356566,True,26.17548033563116,-4.240717380919239,17.98368390483053,21.836496873946636,0.09826608076528487,0.009656222628969488,21.96876335144043
2016-02-24, $96.1,36192150, $93.98, $96.38, $93.32,21.30455044212464,21.848610765619725,21.154932642495577,21.785137176513672,145022800,1.4890655454165458,0.6936781231241476,0.480586734389032,True,26.17548033563116,-4.390343159117489,19.27511305480973,21.519408816949717,0.2657283595639548,0.07061156107655045,21.93476295471192
2016-02-23, $94.69,31851180, $96.4, $96.5, $94.55,21.853145543375017,21.87581443522661,21.43376499078097,21.46550178527832,127770400,-2.260519228547919,0.4420494444456402,-0.3876437580966971,False,26.17548033563116,-4.70997855035284,22.18389794478384,21.82376313012228,-0.3582613448439602,0.12835119120940297,21.785137176513672
2016-02-22, $96.88,34240470, $96.31, $96.9, $95.92,21.83274144338526,21.966490840071422,21.744331558086568,21.96195602416992,137123200,0.874637765084807,0.2221592819848545,0.1292145807846587,True,26.17548033563116,-4.213524311461242,17.753787123274936,21.69851972521171,0.26343629895820797,0.06939868360879832,21.46550178527832
2016-02-19, $96.04,35290570, $96, $96.7599, $95.8,21.76246606432793,21.93475273827098,21.717128285170748,21.771533966064453,141496800,-0.2285611295040124,0.2176244531002318,0.0090679017365218,True,26.17548033563116,-4.403946369566707,19.394743626019782,21.82673379834567,-0.055199832281218164,0.003047021483874615,21.96195602416992
2016-02-18, $96.26,38866100, $98.84, $98.89, $96.091,22.40627425792121,22.417609568857365,21.78287020599631,21.821409225463867,156084000,-1.8956219838401789,0.6347393628610547,-0.5848650324573441,False,26.17548033563116,-4.354071110167293,18.957935232393446,22.178716908828637,-0.3573076833647697,0.12766878059149853,21.771533966064453
2016-02-17, $98.12,44811800, $96.67, $98.21, $96.15,21.91434849946308,22.263454917085824,21.796469241466266,22.243053436279297,179452800,1.5314474328709915,0.4669856756195578,0.3287049368162194,True,26.17548033563116,-3.9324268993518636,15.463981318746113,21.87627231952647,0.36678111675282565,0.13452838760644992,21.821409225463867
2016-02-16, $96.64,48032600, $95.02, $96.85, $94.61,21.54030854448596,21.95515600260538,21.44736557080993,21.90755081176757,196231600,2.819448517524248,0.5077904317954527,0.3672422672816147,True,26.17548033563116,-4.2679295238635895,18.215222420666485,21.780730246913766,0.126820564853805,0.01608345566983816,22.243053436279297
2016-02-12, $93.99,40323020, $94.19, $94.5, $93.01,21.352155614340887,21.42242969799724,21.08465853940709,21.30681610107422,161405600,0.3094884344568838,0.3377711585901508,-0.0453395132666685,False,26.17548033563116,-4.868664234556942,23.703891428853932,21.540835257073248,-0.23401915599902878,0.05476496537449777,21.90755081176757
2016-02-11, $93.7,49979700, $93.79, $94.72, $92.59,21.261480638674737,21.47230464218728,20.989448717950868,21.241077423095703,200298800,-0.6046666470311601,0.4828559242364107,-0.0204032155790336,False,26.17548033563116,-4.934402912535457,24.348332103238405,21.2714181774551,-0.030340754359396982,0.0009205613750972669,21.30681610107422
2016-02-10, $94.27,42288790, $95.92, $96.35, $94.1,21.74433936628749,21.84181718886711,21.33175917689785,21.370296478271484,169374400,-0.7579522719745824,0.5100580119692566,-0.3740428880160102,False,26.17548033563116,-4.805183857359676,23.089791903030015,21.5624089206746,-0.19211244240311487,0.03690719052609013,21.241077423095703
2016-02-09, $94.99,44282560, $94.29, $95.94, $93.93,21.37482622276702,21.748869022008886,21.293216821858767,21.533510208129883,177324800,-0.0210500438446836,0.4556522001501193,0.1586839853628632,True,26.17548033563116,-4.641970127501278,21.54788666461423,21.36736912289114,0.16614108523874194,0.027602860204306915,21.370296478271484
2016-02-08, $95.01,53920550, $93.13, $95.7, $93.04,21.11186118527786,21.69446054534972,21.09145970080707,21.53804397583008,216085600,1.052998392496618,0.6030008445426489,0.4261827905522217,True,26.17548033563116,-4.637436359801079,21.505815991205083,21.253530269670698,0.2845137061593839,0.08094804899254823,21.533510208129883
2016-02-05, $94.02,46315620, $96.52, $96.92, $93.69,21.880342806026064,21.971020083414807,21.23880483021804,21.31361198425293,185672400,-2.6708216652552186,0.7322152531967667,-0.5667308217731346,False,26.17548033563116,-4.861868351378231,23.637763866133277,21.75488938398237,-0.44127739972944013,0.19472574351197608,21.53804397583008
2016-02-04, $96.6,46418230, $95.86, $97.33, $95.19,21.73072950888564,22.063967550836807,21.578846044582523,21.898481369018555,185886800,0.8034787531570498,0.4851215062542842,0.1677518601329133,True,26.17548033563116,-4.276998966612606,18.2927201604053,21.578968079195104,0.3195132898234512,0.1020887423738047,21.31361198425293
2016-02-03, $96.35,45870130, $95, $96.84, $94.08,21.41955141851708,21.834413483457404,21.21212038604691,21.723934173583984,183857200,1.9792735703550115,0.6222930974104948,0.3043827550669071,True,26.17548033563116,-4.451546162047176,19.816263232836942,21.58148795385472,0.14244621972926552,0.020290925515158195,21.898481369018555
2016-02-02, $94.48,37190500, $95.42, $96.04, $94.28,21.514242919287195,21.65403426236576,21.257208500220127,21.302303314208984,149428800,-2.022185704565626,0.3968257621456317,-0.2119396050782107,False,26.17548033563116,-4.873177021422176,23.747854282117114,21.581922245359387,-0.27961893115040226,0.0781867466576934,21.723934173583984
2016-02-01, $96.43,40814360, $96.47, $96.71, $95.4,21.750985210044487,21.80509726476864,21.509733554168285,21.7419662475586,163774000,-0.9348788198103142,0.2953637106003519,-0.0090189624858894,False,26.17548033563116,-4.43351408807256,19.65604716913786,21.58817945426313,0.1537867932954704,0.02365037779210374,21.302303314208984
2016-01-29, $97.34,64332440, $94.79, $97.34, $94.35,21.37220070584501,21.947145462036133,21.27299382328388,21.947145462036133,257666000,3.4541431556385005,0.674151638752253,0.5749447561911225,True,26.17548033563116,-4.228334873595028,17.87881580325988,21.495864108175738,0.45128135386039503,0.2036548603420711,21.7419662475586
2016-01-28, $94.09,55622370, $93.79, $94.52, $92.39,21.1467310808786,21.31132243592467,20.83107423588885,21.214370727539062,222715200,0.7171717071102535,0.4802482000358203,0.0676396466604636,True,26.17548033563116,-4.961109608092098,24.61260854350373,21.421111098452503,-0.20674037091344033,0.042741580965426886,21.947145462036133
2016-01-27, $93.42,133059000, $96.04, $96.6289, $93.34,21.654039939872764,21.78706580558781,21.04527269284401,21.063310623168945,533478800,-6.570656144285669,0.7417931127438031,-0.5907293167038183,False,26.17548033563116,-5.112169712462215,26.134279169016008,21.49432817597243,-0.4310175528034854,0.18577613082470534,21.214370727539062
2016-01-26, $99.99,71937310, $99.93, $100.88, $98.07,22.53111390721268,22.74530873746368,22.111741491608417,22.544641494750977,300308000,0.5530984649850135,0.6335672458552608,0.0135275875382951,True,26.17548033563116,-3.630838840880184,13.182990688444157,22.011801477154144,0.5328400175968326,0.2839184843525929,21.063310623168945
2016-01-25, $99.44,51529980, $101.52, $101.53, $99.21,22.88960743259229,22.891862603783903,22.368774699782414,22.42063331604004,207178000,-1.9522602695621336,0.5230879040014891,-0.4689741165522498,False,26.17548033563116,-3.7548470195911214,14.098876140532328,22.763878770236776,-0.3432454541967367,0.11781744182672406,22.544641494750977
2016-01-22, $101.42,65648660, $98.63, $101.46, $98.37,22.237999297531434,22.876076763652687,22.179378615980323,22.86705780029297,263202000,5.316686005740334,0.6966981476723646,0.6290585027615343,True,26.17548033563116,-3.3084225353381918,10.945659672333589,22.29667264326688,0.570385157026088,0.3253392273556751,22.42063331604004
2016-01-21, $96.3,52099200, $97.06, $97.88, $94.94,21.884018838261724,22.0689033346586,21.40602569743616,21.71266365051269,208646000,-0.5062225076910232,0.6628776372224365,-0.1713551877490324,False,26.17548033563116,-4.462816685118469,19.916732764971798,22.22285693750191,-0.5101932869892174,0.26029719008886193,22.86705780029297
2016-01-20, $96.79,72274300, $95.1, $98.1897, $93.42,21.442094252649422,22.13879411984888,21.06330639285927,21.823137283325195,289337600,0.134488662151555,1.075487726989607,0.381043030675773,True,26.17548033563116,-4.352343052305965,18.942890044956005,21.531053146046258,0.29208413727893756,0.08531314324998124,21.71266365051269
2016-01-19, $96.66,52960810, $98.41, $98.65, $95.5,22.18839767456103,22.242509734760187,21.53228227890464,21.79382705688477,212350800,-0.4838701670356493,0.7102274558555486,-0.394570617676262,False,26.17548033563116,-4.381653278746391,19.198885455149,22.055101587581284,-0.2612745306965145,0.0682643803906839,21.823137283325195
2016-01-15, $97.13,79356010, $96.2, $97.71, $95.36,21.69010747919335,22.030565999647063,21.50071442899628,21.89979362487793,319335600,-2.401548750140803,0.5298515706507843,0.2096861456845786,True,26.17548033563116,-4.275686710753231,18.281496848511782,21.720777911882564,0.17901571299536556,0.0320466254992391,21.79382705688477
2016-01-14, $99.52,63000140, $97.96, $100.48, $95.74,22.086938192270384,22.655120911036093,21.58639684675493,22.43866920471192,252680400,2.1870854518935,1.068724064281163,0.3517310124415331,True,26.17548033563116,-3.7368111309192393,13.963757428161925,22.01597295114464,0.42269625356728113,0.17867212277981523,21.89979362487793
2016-01-13, $97.39,62285770, $100.32, $101.19, $97.3,22.61904385892593,22.81520245484089,21.93812842101598,21.958419799804688,249758400,-2.571016937906978,0.8770740338249112,-0.6606240591212469,False,26.17548033563116,-4.217060535826473,17.78359956282506,22.55079772586152,-0.5923779260568338,0.3509116072793957,22.43866920471192
2016-01-12, $99.96,49046150, $100.55, $100.69, $98.8399,22.67089986748918,22.70246537766221,22.285346512877528,22.537872314453125,196616800,1.4513414017023996,0.4171188647846868,-0.1330275530360545,False,26.17548033563116,-3.6376080211780355,13.232192115738783,22.4162817209006,0.12159059355252566,0.014784272440455494,21.958419799804688
2016-01-11, $98.53,49687870, $98.97, $99.06, $97.34,22.314657152634663,22.334948527801405,21.94714174727492,22.215450286865234,198957600,1.6192004924921344,0.3878067805264855,-0.0992068657694282,False,26.17548033563116,-3.960030048765926,15.681837987129063,22.3875968470265,-0.1721465601612664,0.02963443817535651,22.537872314453125
2016-01-08, $96.96,70722000, $98.55, $99.11, $96.76,22.21996579516317,22.346227857182512,21.8163761667038,21.861469268798828,283192000,0.5287939673458197,0.5298516904787114,-0.3584965263643411,False,26.17548033563116,-4.314011066832332,18.61069148475184,22.213065595938772,-0.35159632713994426,0.12361997725829871,22.215450286865234
2016-01-07, $96.45,80742460, $98.68, $100.13, $96.43,22.24927163523591,22.576200859718405,21.741966598506444,21.74647521972656,324377600,-4.220463159196419,0.8342342612119609,-0.5027964155093514,False,26.17548033563116,-4.4290051159046016,19.616086316709133,22.108118451565268,-0.36164323183870906,0.13078582713474626,21.861469268798828
2016-01-06, $100.7,68384270, $100.56, $102.37, $99.87,22.67315403228967,23.08125394699571,22.517581647305203,22.70471954345703,273829600,-1.956979156551497,0.5636722996905057,0.0315655111673613,True,26.17548033563116,-3.4707607921741293,12.04618047649319,22.34349977301857,0.3612197704384599,0.13047972255561366,21.74647521972656
2016-01-05, $102.71,55583140, $105.75, $105.85, $102.41,23.84334091401202,23.86588746445505,23.09027546402736,23.157915115356445,223164000,-2.5059236397309337,0.7756120004276887,-0.6854257986555758,False,26.17548033563116,-3.017565220274715,9.10569985861159,23.440203635614886,-0.2822885202584402,0.07968680866969981,22.70471954345703
2016-01-04, $105.35,67569090, $102.61, $105.368, $102,23.13536656617872,23.75766128175527,22.997830384109424,23.753150939941406,270597600,0.0855189859622962,0.7598308976458448,0.6177843737626851,True,26.17548033563116,-2.4223293956897543,5.8676797012226904,23.13854517905004,0.6146057608913651,0.3777402413208538,23.157915115356445
2015-12-31, $105.26,40885480, $107.01, $107.03, $104.82,24.12742538401558,24.13193400474153,23.63364798525828,23.73285484313965,163649200,-1.9195093441644828,0.4982860194832526,-0.3945705408759323,False,26.17548033563116,-2.442625492491512,5.966419296569402,23.99223778662947,-0.2593829434898218,0.06727951137344411,23.753150939941406
2015-12-30, $107.32,25184090, $108.58, $108.7, $107.18,24.4814160775029,24.5084712473463,24.16575924119607,24.197324752807617,100855200,-1.305850901618022,0.3427120061502293,-0.2840913246952823,False,26.17548033563116,-1.9781555828235433,3.9130995098559525,24.21534041115651,-0.018015658348893737,0.0003245639457440646,23.73285484313965
2015-12-29, $108.74,30912260, $106.96, $109.43, $106.86,24.1161522240276,24.673060656543264,24.09360567910691,24.517486572265625,123724800,1.7974128987602978,0.5794549774363524,0.4013343482380236,True,26.17548033563116,-1.6579937633655355,2.7489433193590114,24.140508343581647,0.3769782286839778,0.14211258490170944,24.197324752807617
2015-12-28, $106.82,26639930, $107.59, $107.69, $106.1807,24.25819738800715,24.28074565347477,23.9402871431691,24.08458709716797,106816800,-1.1200680078206515,0.3404585103056732,-0.1736102908391821,False,26.17548033563116,-2.0908932384631918,4.371834534651094,24.345043664038513,-0.26045656687054475,0.06783762322599055,24.517486572265625
2015-12-24, $108.03,13596680, $109, $109, $107.95,24.576111739027382,24.576111739027382,24.33936869016207,24.357406616210938,54281600,-0.5340194587400204,0.2367430488653141,-0.2187051228164449,False,26.17548033563116,-1.818073719420223,3.3053920492464837,24.400142348755143,-0.04273573254420526,0.0018263428360898448,24.08458709716797
2015-12-23, $108.61,32618140, $107.27, $108.85, $107.2,24.186049021736263,24.54229030947934,24.17026626697252,24.488178253173828,130629600,1.2869477792518014,0.3720240425068226,0.302129231437565,True,26.17548033563116,-1.6873020824573324,2.8469883174648505,24.24204420044968,0.24613405272414823,0.060581971910413784,24.357406616210938
2015-12-22, $107.23,32728460, $107.4, $107.72, $106.451,24.21536177334121,24.28751175720932,24.001165272345258,24.177032470703125,131157600,-0.0931858323170442,0.2863464848640618,-0.0383293026380862,False,26.17548033563116,-1.9984478649280355,3.9937938688354238,24.30691892519874,-0.1298864544956153,0.016870491061441548,24.488178253173828
2015-12-21, $107.33,47507230, $107.28, $107.37, $105.57,24.18830891790171,24.208602018100272,23.802757216044903,24.199583053588867,190362400,1.2260772326134315,0.4058448020553697,0.0112741356871559,True,26.17548033563116,-1.9758972820422933,3.904170069182122,24.180325657939925,0.019257395648942577,0.0003708472871799125,24.177032470703125
2015-12-18, $106.03,96197190, $108.91, $109.52, $105.81,24.55582289566044,24.693357365445674,23.856867810785342,23.906471252441406,385813200,-2.706953145024571,0.8364895546603321,-0.6493516432190312,False,26.17548033563116,-2.2690090831897543,5.148402219597609,24.427232898796376,-0.5207616463549698,0.2711926923143386,24.199583053588867
2015-12-17, $108.98,44654830, $112.02, $112.25, $108.98,25.257037584077185,25.308896212934727,24.57161331176757,24.57161331176757,179091200,-2.119601947335348,0.737282901167152,-0.6854242723096107,False,26.17548033563116,-1.6038670238635895,2.572389430237048,24.78057546735466,-0.20896215558708775,0.043665182467602266,23.906471252441406
2015-12-16, $111.34,56157370, $111.07, $111.99, $108.8,25.042836222258064,25.250267243532736,24.53102246234467,25.10371208190918,224954000,0.7693076269638999,0.7192447811880669,0.0608758596511158,True,26.17548033563116,-1.0717682537219808,1.1486871896862643,24.87428367697332,0.22942840493585948,0.05263739299141271,24.57161331176757
2015-12-15, $110.49,53168580, $111.94, $112.8, $110.35,25.23899267317512,25.43289609134729,24.880496178576283,24.91206169128418,213292400,-1.7692093347527749,0.5523999127710049,-0.3269309818909391,False,26.17548033563116,-1.2634186443469808,1.5962266708835628,25.18825472513379,-0.2761930338496086,0.07628259194705103,25.10371208190918
2015-12-14, $112.48,64678220, $112.18, $112.68, $109.79,25.29310501557588,25.40583948226677,24.754234402408738,25.360746383666992,257274800,-0.6184804009721989,0.6516050798580331,0.0676413680911132,True,26.17548033563116,-0.8147339519641683,0.6637914124831518,25.15630740076498,0.2044389829020119,0.04179529773000912,24.91206169128418
2015-12-11, $113.18,46810020, $115.19, $115.39, $112.851,25.971766795399063,26.016859893666684,25.444168600672462,25.518573760986328,187544800,-2.5738010403035694,0.5726912929942216,-0.4531930344127346,False,26.17548033563116,-0.6569065746448324,0.43152624781160676,25.754847361252974,-0.2362736002666459,0.055825214182962775,25.360746383666992
2015-12-10, $116.17,29158640, $116.04, $116.94, $115.51,26.163411982131223,26.366334340975893,26.04391373753137,26.19272232055664,116850800,0.4756826331866026,0.3224206034445238,0.029310338425418,True,26.17548033563116,0.017241984925480125,0.00029728604417048385,25.934770727788916,0.25795159276772495,0.06653902421140621,25.518573760986328
2015-12-09, $115.62,46301930, $117.64, $117.69, $115.08,26.524164432155672,26.535438566581163,25.94696452955152,26.06871795654297,185445600,-2.207576848619864,0.5884740370296448,-0.4554464756127032,False,26.17548033563116,-0.10676237908819175,0.011398205588570763,26.405546930025366,-0.3368289734823975,0.11345375737720563,26.19272232055664
2015-12-08, $118.23,34275420, $117.52, $118.6, $116.86,26.497111568669016,26.74061845965999,26.34830294874675,26.657196044921875,137238000,-0.0422759071171618,0.3923155109132423,0.1600844762528588,True,26.17548033563116,0.4817157092907145,0.23205002457745616,26.34451258532232,0.3126834595995547,0.09777094590714634,26.06871795654297
2015-12-07, $118.28,32063100, $118.98, $119.86, $117.81,26.82629969905089,27.02471177997605,26.56249968803784,26.66847038269043,128336800,-0.6300861312681705,0.4622120919382126,-0.1578293163604591,False,26.17548033563116,0.4929900470592692,0.24303918649950046,26.76474951924933,-0.09627913655890197,0.009269672136527693,26.657196044921875
2015-12-04, $119.03,57717870, $115.29, $119.25, $115.11,25.9943167567547,26.88717363715028,25.953732274909825,26.837570190429688,231108000,3.3246765682670043,0.9334413622404548,0.8432534336749882,True,26.17548033563116,0.662089854798527,0.43836297582713457,26.22763110032443,0.6099390901052573,0.37202569363842913,26.66847038269043
2015-12-03, $115.2,41511380, $116.55, $116.79, $114.22,26.278402505713583,26.33251456319544,25.753059525428,25.974018096923828,166278000,-0.9287890109463182,0.5794550377674383,-0.3043844087897547,False,26.17548033563116,-0.20146223870733238,0.040587033624970174,26.471620773800794,-0.4976026768769657,0.24760842403512193,26.837570190429688
2015-12-02, $116.28,33316990, $117.05, $118.11, $116.08,26.456520059808778,26.630132077162514,26.17243048263372,26.2175235748291,133546400,-0.9033700775684884,0.4577015945287925,-0.2389964849796761,False,26.17548033563116,0.04204323919794106,0.0017676339622552878,26.28493946222009,-0.06741588739098958,0.004544901872714588,25.974018096923828
2015-12-01, $117.34,34806250, $118.75, $118.81, $116.86,26.774435917960403,26.787963503541896,26.348299770228813,26.456523895263672,139409600,-0.8115087738969518,0.4396637333130826,-0.3179120226967313,False,26.17548033563116,0.2810435596325114,0.07898548241091298,26.57699566954566,-0.12047177428198808,0.014513448398650283,26.2175235748291
2015-11-30, $118.3,38063130, $117.99, $119.41, $117.75,26.60308090334649,26.9232481193852,26.548968837052,26.67297744750977,156721200,0.4159367279275683,0.3742792823331982,0.0698965441632779,True,26.17548033563116,0.4974971118786087,0.24750337632755687,26.549283438168644,0.12369400934112562,0.015300207946882473,26.456523895263672
2015-11-27, $117.81,13046450, $118.29, $118.41, $117.6,26.67072012199256,26.69777701305003,26.5151460087471,26.5624942779541,52185600,-0.1863979856087882,0.1826310043029302,-0.1082258440384578,False,26.17548033563116,0.38701394232294106,0.14977979155234475,26.66909910459844,-0.10660482664433957,0.011364589063869692,26.67297744750977
2015-11-25, $118.03,21341960, $119.21, $119.23, $117.92,26.878152111664143,26.882662453768145,26.58729697285016,26.612098693847656,85553200,-0.7149921784721736,0.2953654809179831,-0.2660534178164866,False,26.17548033563116,0.43661835821649575,0.1906355907316682,26.765295289064476,-0.15319659521681928,0.023469196786025975,26.5624942779541
2015-11-24, $118.88,42747950, $117.33, $119.35, $117.12,26.45426758455137,26.90971402520276,26.406919319943405,26.80374336242676,171212800,0.9596383612803904,0.5027947052593547,0.3494757778753907,True,26.17548033563116,0.6282630267956009,0.3947144308383699,26.507005444670256,0.2967379177565057,0.08805339183446674,26.612098693847656
2015-11-23, $117.75,32445680, $119.27, $119.73, $117.34,26.89168132115932,26.99539855351517,26.45652617219215,26.548969268798828,129930000,-1.299255864229798,0.5388723813230207,-0.3427120523604934,False,26.17548033563116,0.3734889331676676,0.1394939831987225,26.858607607982336,-0.3096383391835076,0.09587590109232089,26.80374336242676
2015-11-20, $119.3,34135230, $119.2, $119.92, $118.85,26.875900670825235,27.03823860527076,26.79698687496748,26.8984489440918,137148400,0.4378016420695463,0.2412517303032793,0.0225482732665653,True,26.17548033563116,0.7229686084606399,0.522683608819514,26.759093048827523,0.13935589526427705,0.019420065544908157,26.548969268798828
2015-11-19, $118.78,43233950, $117.64, $119.75, $116.76,26.524165955037567,26.99990555589241,26.32575390717344,26.781200408935547,173183200,1.2703490944670603,0.674151648718972,0.2570344538979796,True,26.17548033563116,0.6057200733043864,0.3668968072038712,26.65277635937648,0.12842404955906517,0.016492736505149225,26.8984489440918
2015-11-18, $117.29,46559730, $115.76, $117.49, $115.5,26.10028615365863,26.49034647415032,26.04166374496005,26.445253372192383,186698800,3.166494684424226,0.4486827291902671,0.3449672185337533,True,26.17548033563116,0.2697730365612223,0.0727774912554626,26.336038067196455,0.10921530499592791,0.011927982845353556,26.781200408935547
2015-11-17, $113.69,27584020, $114.92, $115.05, $113.32,25.910893680503573,25.94020574759523,25.55014367169333,25.6335678100586,110467600,-0.429130493055152,0.3900620759018984,-0.2773258704449759,False,26.17548033563116,-0.5419125255725596,0.2936691853724301,26.095181273155326,-0.46161346309672524,0.21308698931215173,26.445253372192383
2015-11-16, $114.175,37979570, $111.38, $114.24, $111,25.112729637200463,25.757570936007227,25.02705206022718,25.744043350219727,152426800,1.637887962794582,0.7305188757800458,0.6313137130192636,True,26.17548033563116,-0.43143698541143394,0.18613787238090587,25.29175916780648,0.45228418241324775,0.20456098166121997,25.6335678100586
2015-11-13, $112.34,45555300, $115.2, $115.57, $112.27,25.974021066496764,26.05744519313716,25.31339700688268,25.329179763793945,183249600,-2.920822022475656,0.7440481862544779,-0.6448413027028188,False,26.17548033563116,-0.8463005718372152,0.7162246578919974,25.890589057315047,-0.5614092935211019,0.3151803948518628,25.744043350219727
2015-11-12, $115.72,32461350, $116.26, $116.82, $115.65,26.21301240399981,26.339274426018584,26.0754762499332,26.091259002685547,130102400,-0.3358945875457375,0.263798176085384,-0.1217534013142618,False,26.17548033563116,-0.08422133294561363,0.007093232923135903,25.900679595735706,0.19057940694984055,0.03632051035335293,25.329179763793945
2015-11-11, $116.11,45179400, $116.37, $117.42, $115.21,26.23781589096949,26.47455719824885,25.97627114747097,26.1791934967041,180872000,-0.5652135233379263,0.4982860507778781,-0.058622394265388,False,26.17548033563116,0.0037131610729410625,1.3787565153604821e-05,26.18377993357649,-0.004586436872386912,2.103540318439024e-05,26.091259002685547
2015-11-10, $116.77,59029400, $116.9, $118.07, $116.061,26.35731498786991,26.621113190364337,26.16792021569025,26.3280029296875,236511600,-3.151706860572956,0.4531929746740886,-0.0293120581824091,False,26.17548033563116,0.1525225940563395,0.02326314169767493,26.29229943354474,0.035703496142758695,0.001274739636815985,26.1791934967041
2015-11-09, $120.57,33829290, $120.96, $121.81, $120.05,27.27272049186438,27.464368730775384,27.0675446681476,27.18478775024414,135485600,-0.404756452585675,0.3968240626277826,-0.0879327416202393,False,26.17548033563116,1.0093074146129801,1.0187014571927382,26.939750661593067,0.245037088651074,0.06004317481459429,26.3280029296875
2015-11-06, $121.06,33009110, $121.11, $121.81, $120.62,27.30654123926184,27.464368796343848,27.19606194930443,27.29526710510254,132169200,0.115789598874505,0.268306847039419,-0.0112741341593007,False,26.17548033563116,1.1197867694713786,1.2539224090831462,27.261892273383637,0.03337483171890199,0.0011138793922650261,27.18478775024414
2015-11-05, $120.92,39483400, $121.85, $122.69, $120.18,27.473384720633064,27.66277948837272,27.0968520759656,27.26369857788086,158210800,-0.4610092650313757,0.5659274124071203,-0.2096861427522043,False,26.17548033563116,1.0882182422496989,1.1842189427650243,27.409099366831036,-0.14540078895017672,0.02114138942733383,27.29526710510254
2015-11-04, $122,44829060, $123.13, $123.82, $121.62,27.64366222941985,27.79857325722124,27.30465647090154,27.389968872070312,179544400,-0.4650204660296642,0.4939167863196978,-0.2536933573495368,False,26.17548033563116,1.214488536439152,1.4749824051421134,27.508777860607687,-0.1188089885373742,0.014115575757273915,27.26369857788086
2015-11-03, $122.57,45479260, $120.79, $123.49, $120.7,27.11830910887912,27.72447974618764,27.098102507443866,27.517932891845703,182076000,1.1470508023508683,0.6263772387437747,0.3996237829665823,True,26.17548033563116,1.3424525562145426,1.8021788656869597,27.211356795369795,0.3065760964759079,0.09398890293040518,27.389968872070312
2015-11-02, $121.18,32152870, $119.87, $121.36, $119.61,27.12055538078172,27.246279258408084,26.85339042796631,27.205867767333984,128813200,1.4058691048553396,0.3928888304417732,0.0853123865522675,True,26.17548033563116,1.0303874317028239,1.0616982594111415,27.257645670684646,-0.05177790335066135,0.0026809512753904275,27.517932891845703
2015-10-30, $119.5,49305220, $120.99, $121.22, $119.45,27.16320774193074,27.214845307647234,26.81746540347452,26.828691482543945,197461200,-0.8546010295896855,0.3973799041727126,-0.3345162593867954,False,26.17548033563116,0.6532111469127848,0.42668480245111573,27.17606211652466,-0.347370633980713,0.12066635735216248,27.205867767333984
2015-10-29, $120.53,51106100, $118.7, $120.69, $118.27,26.649096053212293,27.09586815849612,26.552557555064425,27.059946060180664,204909200,1.0564509689547474,0.5433106034316921,0.4108500069683707,True,26.17548033563116,0.8844657245495036,0.7822796179028783,26.709585568728528,0.3503604914521361,0.12275247397058234,26.828691482543945
2015-10-28, $119.27,85436210, $116.93, $119.3, $116.06,26.25171183088282,26.78379623162936,26.05638931881799,26.77705955505371,342205600,4.1204472074307,0.7274069128113716,0.5253477241708921,True,26.17548033563116,0.6015792194225504,0.3618975572410451,26.532165056550085,0.24489449850362632,0.05997331539734264,27.059946060180664
2015-10-27, $114.55,67673450, $115.4, $116.54, $113.99,25.90821958132692,26.16415852516625,25.59166252755416,25.71738815307617,279537600,-0.633233556212387,0.5724959976120907,-0.1908314282507532,False,26.17548033563116,-0.4580921825549922,0.20984844771799627,26.209679748771798,-0.4922915956956295,0.24235101519254917,26.77705955505371
2015-10-26, $115.28,66139770, $118.08, $118.13, $114.92,26.50990005092704,26.52112442109389,25.80045408256619,25.881277084350582,265335200,-3.191118598779852,0.7206703385277002,-0.628622966576458,False,26.17548033563116,-0.2942032512805781,0.08655555306406298,26.229752384363515,-0.34847530001293237,0.12143503471910322,25.71738815307617
2015-10-23, $119.08,59251740, $116.7, $119.228, $116.33,26.200073662689697,26.76808014090915,26.11700682825398,26.73440361022949,237467600,3.0995717880277107,0.6510733126551678,0.534329947539792,True,26.17548033563116,0.5589232745983281,0.3123952268877181,26.08567446751439,0.6487291427150979,0.4208495006078658,25.881277084350582
2015-10-22, $115.5,41430660, $114.33, $115.5, $114.1,25.66799021425185,25.9306640625,25.61635264038265,25.9306640625,166616400,1.529529487965453,0.3143114221173455,0.2626738482481485,True,26.17548033563116,-0.2448162731311605,0.05993500758983098,26.03850694336635,-0.1078428808663503,0.011630086953553824,26.73440361022949
2015-10-21, $113.76,42276880, $114, $115.58, $113.7,25.593903318484763,25.94862624924829,25.526550256187043,25.540021896362305,167180800,-0.0087742211441255,0.4220759930612452,-0.0538814221224583,False,26.17548033563116,-0.6354584392688558,0.4038074280380101,25.708761518373365,-0.16873962201105996,0.02847306003643539,25.9306640625
2015-10-20, $113.77,48929200, $111.34, $114.17, $110.82,24.996708765455946,25.63206653358358,24.87996541110645,25.54226303100586,195871200,1.825823462950393,0.7521011224771286,0.5455542655499137,True,26.17548033563116,-0.6332173046253011,0.4009641548769314,25.1835359020982,0.3587271289076597,0.12868515301433267,25.540021896362305
2015-10-19, $111.73,29723750, $110.8, $111.75, $110.11,24.875476153189293,25.0887579743149,24.72056515315236,25.08426856994629,119036800,0.621384657347468,0.3681928211625376,0.2087924167569959,True,26.17548033563116,-1.0912117656848714,1.1907431175690948,25.105479143105512,-0.021210573159223145,0.0004498884137427573,25.54226303100586
2015-10-16, $111.04,38794930, $111.78, $112, $110.53,25.095496735919284,25.14488875574704,24.81486181677032,24.92936134338379,156930400,-0.7330698096696509,0.3300269389767187,-0.1661353925354944,False,26.17548033563116,-1.2461189922473714,1.5528125428396045,25.088122823424982,-0.15876148004119273,0.025205207544870035,25.08426856994629
2015-10-15, $111.86,37622200, $110.93, $112.1, $110.49,24.90466806947253,25.16734197156676,24.8058840189647,25.113460540771484,150694000,1.4971553601057508,0.3614579526020556,0.2087924712989526,True,26.17548033563116,-1.0620197948596761,1.1278860446737886,24.909753449122505,0.2037070916489796,0.041496579188085775,24.92936134338379
2015-10-14, $110.21,44434220, $111.29, $111.52, $109.56,24.98548808286365,25.03712394828069,24.597088604901675,24.743019104003903,177849600,-1.4133586007585852,0.4400353433790158,-0.2424689788597476,False,26.17548033563116,-1.4324612316272578,2.0519451801150805,25.026806754778008,-0.28378765077410506,0.08053543073188542,25.113460540771484
2015-10-13, $111.79,32970790, $110.82, $112.45, $110.68,24.879967220431244,25.2459145074382,24.848536249172213,25.097740173339844,132197200,0.1702639098214886,0.3973782582659844,0.2177729529086001,True,26.17548033563116,-1.0777401622913168,1.1615238574157138,24.828410649545233,0.2693295237946103,0.07253839238743155,24.743019104003903
2015-10-12, $111.6,30386830, $112.73, $112.75, $111.44,25.30877542810136,25.31326483228492,25.01916004177201,25.05508041381836,121868800,-0.4638074125532299,0.2941047905129075,-0.2536950142830001,False,26.17548033563116,-1.1203999218128011,1.2552959847981309,25.231544861313047,-0.1764644474946877,0.031139701229605393,25.097740173339844
2015-10-09, $112.12,52720620, $110, $112.28, $109.49,24.69587180494445,25.20774960102577,24.58137228333904,25.17182922363281,211064400,2.392695231616404,0.6263773176867318,0.4759574186883597,True,26.17548033563116,-1.0036511119983516,1.0073155546155277,24.818007432166972,0.3538217914658368,0.12518986011609412,25.05508041381836
2015-10-08, $109.5,61747260, $110.19, $110.19, $108.21,24.73852918280042,24.73852918280042,24.29400273083314,24.5836181640625,247918400,-1.1554301798089917,0.4445264519672811,-0.1549110187379199,False,26.17548033563116,-1.5918621715686605,2.5340251732712917,24.886648197904073,-0.3030300338415728,0.09182720141002475,25.17182922363281
2015-10-07, $110.78,46717770, $111.74, $111.77, $109.41,25.086512410825627,25.093247373806907,24.56341030258716,24.87098503112793,187062400,-0.4761810991770088,0.5298370712197453,-0.215527379697697,False,26.17548033563116,-1.3044953045032308,1.701707999470977,24.906893362318748,-0.03590833119081793,0.001289408248909468,24.5836181640625
2015-10-06, $111.31,48702200, $110.63, $111.74, $109.765,24.83731711068128,25.086521104505835,24.64424011163054,24.98998260498047,192787200,0.4784594325621061,0.4422809928752933,0.1526654942991889,True,26.17548033563116,-1.1854977306506918,1.4054048693779402,24.84550248358665,0.14448012139381916,0.020874505477972722,24.87098503112793
2015-10-05, $110.78,52033100, $109.88, $111.3698, $109.07,24.66892757739279,25.00344558357738,24.48707672546084,24.87098503112793,208258800,0.3623866613261306,0.5163688581165395,0.20205745373514,True,26.17548033563116,-1.3044953045032308,1.701707999470977,24.77767973879291,0.09330529233502105,0.008705877577723738,24.98998260498047
2015-10-02, $110.38,57774940, $108.01, $111.0136, $107.55,24.24909870975108,24.92262240839427,24.14582528150224,24.78118133544922,232079200,0.7300177790650952,0.7767971268920277,0.5320826256981412,True,26.17548033563116,-1.3942990001819418,1.9440697019083624,24.462963193514064,0.3182181419351551,0.1012627858566625,24.87098503112793
2015-10-01, $109.58,63849470, $109.07, $109.62, $107.31,24.48708583632217,24.610565913119785,24.09195130342979,24.6015853881836,255716400,-0.6527351292580197,0.518614609689994,0.114499551861428,True,26.17548033563116,-1.5738949474475596,2.4771453056009567,24.58627485041734,0.015310537766261234,0.00023441256669211154,24.78118133544922
2015-09-30, $110.3,66300930, $110.17, $111.54, $108.73,24.73403652296381,25.04161298237844,24.410746290912083,24.76322364807129,265892000,1.1369932034514862,0.6308666914663554,0.0291871251074802,True,26.17548033563116,-1.4122566875598714,1.9944689515575804,24.68396002459108,0.07926362348020888,0.00628272200721232,24.6015853881836
2015-09-29, $109.06,73230280, $112.83, $113.51, $107.86,25.331228565945214,25.48389401729487,24.215423949694586,24.484832763671875,293461600,-3.00605502671184,1.2684700676002834,-0.8463958022733387,False,26.17548033563116,-1.6906475719592855,2.8582892125718273,25.128959915521044,-0.6441271518491689,0.4148997877493223,24.76322364807129
2015-09-28, $112.44,51861990, $113.85, $114.57, $112.44,25.560226698067176,25.72187267672953,25.243671417236328,25.243671417236328,208436000,-1.978892690177348,0.4782012594932006,-0.3165552808308476,False,26.17548033563116,-0.9318089183948324,0.8682678604001474,25.180360303975775,0.0633111132605535,0.004008297062290633,24.484832763671875
2015-09-25, $114.71,56005550, $116.44, $116.69, $114.02,26.141701050447217,26.19782802679197,25.598390617656875,25.7533016204834,224607600,-0.252188857739688,0.5994374091350956,-0.3883994299638189,False,26.17548033563116,-0.42217871514776206,0.17823486752381523,25.8243482165665,-0.07104659608310016,0.005047618814995183,25.243671417236328
2015-09-24, $115,50061580, $113.25, $115.5, $112.37,25.42552389061969,25.930666749373724,25.227957522492023,25.81841278076172,200878000,0.5948242759884703,0.7027092268817015,0.3928888901420286,True,26.17548033563116,-0.35706755486944175,0.1274972387404418,25.53712522357781,0.28128755718390863,0.07912268982649066,25.7533016204834
2015-09-23, $114.32,35678360, $113.63, $114.72, $113.3,25.51083566782204,25.755550204113632,25.436749352118696,25.665746688842773,143026800,0.8112778932261921,0.3188008519949363,0.1549110210207338,True,26.17548033563116,-0.5097336467883871,0.25982839066818814,25.615416082015148,0.050330606827625246,0.002533169983636997,25.81841278076172
2015-09-22, $113.4,50278030, $113.38, $114.18, $112.5201,25.45471069455325,25.63431773927507,25.26163372097819,25.45920181274414,201384800,-1.571041611007684,0.37268401829688,0.0044911181908915,True,26.17548033563116,-0.7162785228870199,0.513054922349211,25.525434406142182,-0.06623259339804122,0.004386756428230253,25.665746688842773
2015-09-21, $115.21,46594220, $113.67, $115.37, $113.66,25.519818085510373,25.901482625535643,25.517574239285192,25.86556053161621,200888000,1.5513289397410146,0.3839083862504502,0.345742446105838,True,26.17548033563116,-0.30991980401494956,0.09605028492066475,25.495419751817487,0.3701407797987244,0.13700419687000778,25.45920181274414
2015-09-18, $113.45,73991000, $112.21, $114.3, $111.87,25.19204095058616,25.661263532890064,25.11570905737634,25.470430374145508,297141200,-0.4125314952661552,0.5455544755137254,0.2783894235593465,True,26.17548033563116,-0.7050499614856527,0.49709544819092033,25.424609255553353,0.045821118592154875,0.002099574909036321,25.86556053161621
2015-09-17, $113.92,63712340, $115.66, $116.49, $113.715,25.96658415194516,26.152924404414776,25.53103828427493,25.5759391784668,256450400,-2.1390206514958154,0.6218861201398447,-0.3906449734783557,False,26.17548033563116,-0.5995411571643601,0.3594495991339799,25.789901133886097,-0.21396195541929686,0.04577971836684917,25.470430374145508
2015-09-16, $116.41,37080720, $116.25, $116.54, $115.44,26.0990495240165,26.164157035899155,25.91719863028686,26.134971618652344,148694000,0.1118291838076768,0.2469584056122933,0.0359220946358433,True,26.17548033563116,-0.04050871697881675,0.0016409561512698765,25.9130096522658,0.22196196638654442,0.04926711452218147,25.5759391784668
2015-09-15, $116.28,43218350, $115.93, $116.53, $114.42,26.027200319848728,26.161904714193977,25.688192919006728,26.10577774047852,173364800,0.8411914057650849,0.4737117951872491,0.0785774206297915,True,26.17548033563116,-0.06970259515264132,0.004858451771013018,26.06212245479673,0.043655285681790446,0.001905783967958738,26.134971618652344
2015-09-14, $115.31,58279570, $116.58, $116.89, $114.86,26.17313606815512,26.242732981471587,25.78698213712246,25.88801002502441,233453600,0.963149359078197,0.4557508443491258,-0.2851260431307096,False,26.17548033563116,-0.28747031060675,0.08263917948034132,26.146802519631883,-0.2587924946074729,0.06697355526515889,26.10577774047852
2015-09-11, $114.21,49793750, $111.79, $114.21, $111.76,25.097739695285533,25.641048431396484,25.09100473198109,25.641048431396484,199662000,1.4568700753306183,0.5500436994153937,0.5433087361109514,True,26.17548033563116,-0.5344319042346761,0.28561746026390206,25.371146256469245,0.269902174927239,0.07284718403045393,25.88801002502441
2015-09-10, $112.57,62800770, $110.27, $113.2825, $109.9,24.75648687238155,25.432256171737155,24.67342004060185,25.272855758666992,251571200,2.197016166794019,0.758836131135304,0.5163688862854414,True,26.17548033563116,-0.9026245769641683,0.8147311269397438,25.06270245513248,0.21015330353451134,0.04416441098646846,25.641048431396484
2015-09-09, $110.15,84757780, $113.76, $114.02, $109.77,25.54001728158424,25.59838809797852,24.644229594036617,24.72954368591309,340043200,-1.9232357775335496,0.9541585039419048,-0.8104735956711515,False,26.17548033563116,-1.445936649718071,2.0907327949979195,25.443275707815573,-0.7137320219024836,0.5094133990890074,25.272855758666992
2015-09-08, $112.31,54507300, $111.65, $112.56, $110.32,25.08875368392908,25.27060450479836,24.7677073714056,25.2144775390625,219374400,2.782062637461058,0.5028971333927608,0.1257238551334225,True,26.17548033563116,-0.9610027965686605,0.9235263750127862,24.959471216577306,0.25500632248519395,0.06502822450742274,24.72954368591309
2015-09-04, $109.27,49904460, $108.97, $110.45, $108.51,24.464631066021123,24.7969018657635,24.36135761675743,24.531982421875,199985200,-0.996628589642956,0.4355442490060675,0.0673513558538765,True,26.17548033563116,-1.6434979137561605,2.701085392520852,24.723462991885157,-0.19148057001015673,0.03666480869141453,25.2144775390625
2015-09-03, $110.37,53142590, $112.49, $112.78, $110.04,25.254892015721506,25.31999950923371,24.704848371471137,24.7789363861084,212935600,-1.7536171132169764,0.6151511377625738,-0.4759556296131073,False,26.17548033563116,-1.396543949522762,1.950335002948635,24.99830768380463,-0.21937129769623098,0.0481237662529284,24.531982421875
2015-09-02, $112.34,61681250, $110.23, $112.34, $109.131,24.74750986033989,25.22122001647949,24.50054976722405,25.22122001647949,247555200,4.288901576157889,0.7206702492554378,0.4737101561395995,True,26.17548033563116,-0.9542603191516719,0.9106127567074507,24.75485138519801,0.46636863128147965,0.2174997002433607,24.7789363861084
2015-09-01, $107.72,76562170, $110.15, $111.88, $107.36,24.729546676730013,25.117944402577248,24.103169401079747,24.18399238586425,307383600,-4.469667968318847,1.014775001497501,-0.5455542908657591,False,26.17548033563116,-1.9914879497669098,3.96602425406681,24.898109018348613,-0.7141166324843624,0.5099625647908059,25.22122001647949
2015-08-31, $112.76,56111590, $112.03, $114.53, $112,25.151620180114747,25.712889939424134,25.144885217060533,25.31551170349121,224917200,-0.4678288810412101,0.5680047223636002,0.1638915233764635,True,26.17548033563116,-0.8599686321399496,0.7395460482646559,24.809239320744616,0.5062723827465945,0.2563117255319142,24.18399238586425
2015-08-28, $113.29,53075960, $112.17, $113.31, $111.54,25.183052168971024,25.43899105254729,25.04161280052923,25.43450164794922,212657600,0.3276692418555882,0.3973782520180613,0.2514494789781949,True,26.17548033563116,-0.7409786876819418,0.5490494155988526,25.226071760752955,0.20842988719626376,0.043443017876647234,25.31551170349121
2015-08-27, $112.92,83825220, $112.23, $113.24, $110.02,25.19652350705073,25.423275263018773,24.700359518356937,25.35143280029297,338464400,2.944654510868805,0.7229157446618366,0.1549092932422375,True,26.17548033563116,-0.8240475353381918,0.6790543404969483,25.276516918454917,0.0749158818380522,0.005612389351573,25.43450164794922
2015-08-26, $109.69,96531890, $107.085, $109.89, $105.05,24.042552150961185,24.67117500740738,23.584557504900065,24.62627410888672,387098400,5.7354967330838,1.086617502507316,0.5837219579255333,True,26.17548033563116,-1.5492062267444418,2.4000399329837507,24.496947937316243,0.12932617157047588,0.016725258653076162,25.35143280029297
2015-08-25, $103.74,102731700, $111.11, $111.11, $103.5,24.945075030341155,24.945075030341155,23.236569628816785,23.290451049804688,414406400,0.6012145894081167,1.70850540152437,-1.654623980536467,False,26.17548033563116,-2.885029285826473,8.323393980076409,24.829854744169854,-1.5394036943651663,2.3697637342251223,24.62627410888672
2015-08-24, $103.12,161882500, $94.87, $108.8, $92,21.29907154680232,24.426467610439584,20.65473306183087,23.151262283325195,648825200,-2.4962018039995093,3.7717345486087126,1.852190736522875,True,26.17548033563116,-3.024218052305965,9.145894827893285,21.99076706214223,1.1604952211829662,1.3467491583885016,23.290451049804688
2015-08-21, $105.76,127246600, $110.43, $111.9, $105.645,24.79241106083701,25.122437995754048,23.7192634172698,23.743959426879883,513102000,-6.116289594773572,1.4031745784842506,-1.0484516339571286,False,26.17548033563116,-2.4315209087512777,5.9122939296946395,24.213849384866357,-0.46988995798647437,0.22079657261653066,23.151262283325195
2015-08-20, $112.65,68176940, $114.08, $114.35, $111.63,25.611865582992174,25.67248197165876,25.06182011566237,25.29081916809082,274006400,-2.0519803605684173,0.610661855996387,-0.3210464149013532,False,26.17548033563116,-0.8846611675403402,0.7826253813538379,24.954401952155493,0.33641721593532736,0.11317654317767668,23.743959426879883
2015-08-19, $115.01,48079330, $116.1, $116.52, $114.68,26.065366702875668,26.1596596092665,25.74656589772991,25.82065391540528,193146000,-1.2789834114644516,0.4130937115365931,-0.2447127874703909,False,26.17548033563116,-0.35482642022587996,0.12590178849031275,25.791221968501187,0.029431946904093564,0.0008662394985653828,25.29081916809082
2015-08-18, $116.5,34525630, $116.43, $117.44, $116.01,26.1394587685389,26.36621226099731,26.04516584754576,26.155174255371094,138242800,-0.56332860303413,0.3210464134515511,0.0157154868321924,True,26.17548033563116,-0.02030608026006675,0.00041233689552827254,26.025017090355085,0.1301571650160085,0.016940887605004465,25.82065391540528
2015-08-17, $117.16,40827260, $116.04, $117.65, $115.5,26.05189905602863,26.41335694167236,25.93066457455252,26.30334854125977,163538800,1.0348309138289655,0.4826923671198422,0.2514494852311379,True,26.17548033563116,0.12786820562860868,0.01635027801068015,26.085262257684406,0.21808628357536364,0.04756162708371393,26.155174255371094
2015-08-14, $115.96,42876370, $114.32, $116.31, $114.01,25.665748373713377,26.1125187076189,25.59615145841796,26.0339412689209,171718000,0.7034115459980894,0.5163672492009397,0.3681928952075211,True,26.17548033563116,-0.14153906671026206,0.020033307405212013,25.88604282873979,0.14789844018110898,0.02187394860800507,26.30334854125977
2015-08-13, $115.15,48407640, $116.04, $116.4, $114.54,26.051906618614048,26.132729629726832,25.715144643264114,25.852094650268555,194143200,-0.0780638801250233,0.4175849864627174,-0.199811968345493,False,26.17548033563116,-0.3233856853626058,0.10457830149744228,26.042797130147896,-0.19070247987934152,0.03636743583213066,26.0339412689209
2015-08-12, $115.24,101593400, $112.53, $115.42, $109.63,25.2638753227172,25.912703058030736,24.61280202865996,25.872291564941406,404870000,1.5419791944422778,1.2999010293707798,0.6084162422242088,True,26.17548033563116,-0.30318877068975425,0.09192343067236439,25.466608360804667,0.4056832041367393,0.1645788621186513,25.852094650268555
2015-08-11, $113.49,96820670, $117.81, $118.18, $113.33,26.449278636773293,26.53234718735069,25.44348407141561,25.47940444946289,388331200,-5.20381942456003,1.0888631159350766,-0.9698741873104026,False,26.17548033563116,-0.6960758861682699,0.4845216393049422,26.24459351602961,-0.7651890665667196,0.5855143075932476,25.872291564941406
2015-08-10, $119.72,54851010, $116.53, $119.99, $116.53,26.16191090980499,26.938708204443447,26.16191090980499,26.87809181213379,219806400,3.6357214057237455,0.776797294638456,0.7161809023287979,True,26.17548033563116,0.7026114765026286,0.49366288691320376,25.92007282900758,0.9580189831262089,0.9178003720301754,25.47940444946289
2015-08-07, $115.52,38610120, $114.58, $116.25, $114.5,25.724125250096066,26.09905317276029,25.70616420026712,25.93516159057617,154681600,0.3387573721070236,0.3928889724931679,0.2110363404801027,True,26.17548033563116,-0.24031874505499218,0.05775309922480633,26.12535005063561,-0.19018846005944212,0.03617165033978201,26.87809181213379
2015-08-06, $115.13,52828890, $115.97, $116.5, $114.115,26.036188514842937,26.15517746013189,25.620849129507224,25.84760093688965,211612000,0.2176131463010877,0.534328330624664,-0.1885875779532888,False,26.17548033563116,-0.32787939874151206,0.10750490011909546,25.997970832428017,-0.15036989553836833,0.022611105484219803,25.93516159057617
2015-08-05, $115.4,99202400, $112.95, $117.44, $112.1,25.243908296854705,26.2474079868436,25.053936768630475,25.791475296020508,397250400,0.6629516658321677,1.1934712182131264,0.5475669991658023,True,26.17548033563116,-0.3840050396106527,0.14745987044637893,25.452048868890195,0.3394264271303129,0.11521029943444962,25.84760093688965
2015-08-04, $114.64,123601900, $117.42, $117.7, $113.25,26.2429358209001,26.305514513708847,25.310956634838035,25.62161636352539,496554400,-3.2083794812606703,0.9945578788708112,-0.6213194573747103,False,26.17548033563116,-0.5538639721057699,0.306765299596781,26.082090104640578,-0.46047374111518735,0.21203606625661658,25.791475296020508
2015-08-03, $118.44,69639900, $121.5, $122.57, $117.52,27.154801556837054,27.39394253937885,26.2652854963179,26.470903396606445,279904000,-2.357786445436627,1.1286570430609473,-0.6838981602306085,False,26.17548033563116,0.2954230609752848,0.08727478495600685,26.615604167124708,-0.1447007705182628,0.020938312988578952,25.62161636352539
2015-07-31, $121.3,42832890, $122.6, $122.6425, $120.91,27.40064586489844,27.409585921458618,27.02293827979416,27.1101016998291,171540000,-0.8743780980895455,0.3866476416644566,-0.2905441650693383,False,26.17548033563116,0.9346213641979411,0.8735170944152204,27.073005614111377,0.03709608571772449,0.001376119575576763,26.470903396606445
2015-07-30, $122.37,33400950, $122.32, $122.5699, $121.71,27.338061947167738,27.39393601112983,27.20172909468894,27.3492374420166,134513200,-0.5040965477282944,0.1922069164408917,0.0111754948488638,True,26.17548033563116,1.173757106385441,1.3777057447903236,27.25622747174073,0.09300997027587243,0.008650854570718673,27.1101016998291
2015-07-29, $122.99,36912040, $123.15, $123.5, $122.27,27.52356272291417,27.601786067096366,27.326884937380648,27.487802505493164,148046800,-0.3161256085883246,0.2749011297157189,-0.0357602174210072,False,26.17548033563116,1.3123221698620036,1.7221894775113173,27.46063865903348,0.027163846459682617,0.0007378745544852119,27.3492374420166
2015-07-28, $123.38,33570380, $123.38, $123.91, $122.55,27.5749740600586,27.69342853644598,27.389473419028683,27.5749740600586,134472400,0.4968457334141751,0.3039551174172956,0.0,False,26.17548033563116,1.3994937244274404,1.9585826847117884,27.542615052062484,0.03235900799611713,0.0010471053984927722,27.487802505493164
2015-07-27, $122.77,44371580, $123.09, $123.61, $122.12,27.51016508078476,27.626384138415112,27.29337505220313,27.43864631652832,177822000,-1.3895497038859617,0.3330090862119803,-0.0715187642564387,False,26.17548033563116,1.2631659808971598,1.595588295295884,27.531005201638322,-0.09235888511000212,0.00853016365876257,27.5749740600586
2015-07-24, $124.5,42090320, $125.32, $125.74, $123.9,28.00855950639645,28.102427554083405,27.691195132707254,27.82529258728028,168649200,-0.5272948306464409,0.4112324213761518,-0.1832669191161748,False,26.17548033563116,1.64981225164912,2.721880465691539,27.807370770088212,0.01792181719206809,0.0003211915314659074,27.43864631652832
2015-07-23, $125.16,50832950, $126.2, $127.09, $125.06,28.20522627291795,28.404137800452204,27.950440682477648,27.97279167175293,203998000,-0.0479253117547706,0.4536971179745563,-0.2324346011650213,False,26.17548033563116,1.7973113361217692,3.230328038951819,28.070719127806147,-0.09792745605321684,0.009589786649054716,27.82529258728028
2015-07-22, $125.22,115288400, $121.99, $125.5, $121.99,27.26431042059781,28.048782832229605,27.26431042059781,27.986204147338867,461802400,-4.229441826075064,0.7844724116317963,0.7218937267410581,True,26.17548033563116,1.8107238117077067,3.2787207222852865,27.510479696514416,0.47572445082445114,0.22631375311222562,27.97279167175293
2015-07-21, $130.75,73006780, $132.85, $132.92, $130.32,29.691480984672705,29.707123950305423,29.12603569151852,29.222137451171875,307025600,-0.999470840630623,0.5810882587869024,-0.4693435335008296,False,26.17548033563116,3.0466571155407145,9.282119579674866,29.093653431330488,0.12848401984138746,0.01650814335460205,27.986204147338867
2015-07-20, $132.07,55204920, $130.97, $132.97, $130.7,29.27130553538304,29.7182980567629,29.21096059011771,29.517152786254883,235600800,1.8901523892732583,0.5073374666451897,0.2458472508718436,True,26.17548033563116,3.3416724506237223,11.166774767257554,29.253367590302965,0.2637851959519182,0.06958262960339187,29.222137451171875
2015-07-17, $129.62,45970470, $129.08, $129.62, $128.31,28.84889703405364,28.96958351135254,28.67680396264912,28.96958351135254,184658800,0.8637473229949233,0.2927795487034181,0.1206864772989,True,26.17548033563116,2.7941031757213786,7.807012556576293,29.082009415778817,-0.11242590442627787,0.012639583986066565,29.517152786254883
2015-07-16, $128.51,35987630, $127.74, $128.57, $127.35,28.549410939177225,28.734914943921616,28.46224753674022,28.72150230407715,144889600,1.3325693297887575,0.2726674071813946,0.1720913648999236,True,26.17548033563116,2.546021968445988,6.482227863809583,28.69541984537406,0.026082458703086786,0.0006802946519982277,28.96958351135254
2015-07-15, $126.82,33559770, $125.72, $127.15, $125.58,28.09795590249705,28.417555688730346,28.066666556024543,28.34380149841309,134596800,0.9632957960753252,0.3508891327058023,0.245845595916041,True,26.17548033563116,2.168321162781929,4.701616664967976,28.314915415238623,0.028886083174466393,0.0008344058011621904,28.72150230407715
2015-07-14, $125.61,31695870, $126.04, $126.37, $125.04,28.16947536957432,28.243229561769542,27.945979057570536,28.07337188720703,127072400,-0.0397911193746436,0.2972505041990061,-0.0961034823672903,False,26.17548033563116,1.8978915515758707,3.601992341543066,28.22911183135492,-0.15573994414788928,0.024254930203187672,28.34380149841309
2015-07-13, $125.66,41365600, $125.03, $125.755, $124.32,27.943743276708435,28.10689633274658,27.78506110173518,28.08454704284668,165762000,1.9305863109833064,0.3218352310113985,0.1408037661382444,True,26.17548033563116,1.9090667072155192,3.644535692598705,27.98757399925636,0.09697304359032088,0.009403771183170274,28.07337188720703
2015-07-10, $123.28,61292800, $121.94, $123.85, $121.21,27.253135750300856,27.68001273996736,27.08998272269413,27.55261993408203,245418000,2.6734092542554766,0.5900300172732287,0.2994841837811748,True,26.17548033563116,1.3771395984508707,1.8965134736214255,27.54236228258878,0.01025765149325153,0.00010521941415700533,28.08454704284668
2015-07-09, $120.07,78291510, $123.85, $124.06, $119.22,27.68002095798934,27.726954984077167,26.645233532967115,26.835205078125,314380000,-2.039622726506518,1.0817214511100524,-0.8448158798643384,False,26.17548033563116,0.6597247424938395,0.4352367358585628,27.63363746013591,-0.7984323820109083,0.6374942686436129,27.55261993408203
2015-07-08, $122.57,60609830, $124.48, $124.64, $122.54,27.82081676371209,27.856575280654905,27.387233449219742,27.393938064575195,243046400,-2.482301622824268,0.4693418314351625,-0.4268786991368962,False,26.17548033563116,1.2184577289440348,1.484639237223455,27.47387893438819,-0.07994086981299375,0.006390542666458016,26.835205078125
2015-07-07, $125.69,46737090, $125.89, $126.15, $123.77,28.135946131868533,28.19405564123876,27.66213341150601,28.09124755859375,187787200,-0.246040599475894,0.5319222297327499,-0.0446985732747826,False,26.17548033563116,1.9157672229625895,3.670164052577792,27.874552724620685,0.21669483397306522,0.0469566510706143,27.393938064575195
2015-07-06, $126,27972950, $124.94, $126.23, $124.85,27.923628371790983,28.211938804483257,27.903512818042405,28.160533905029297,112241600,-0.3479869142287262,0.3084259864408523,0.2369055332383141,True,26.17548033563116,1.9850535693981364,3.940437673380282,27.98075472495979,0.17977918006950588,0.032320553586463824,28.09124755859375
2015-07-02, $126.44,27171180, $126.43, $126.69, $125.77,28.256635638181272,28.31474515025024,28.10912727026959,28.25887107849121,108844000,-0.1263807729733335,0.2056178799806503,0.0022354403099384,True,26.17548033563116,2.0833907428600504,4.3405169874349525,28.221593386795483,0.03727769169572781,0.0013896262981617342,28.160533905029297
2015-07-01, $126.6,30206890, $126.9, $126.94, $125.99,28.361679619899824,28.37061967614133,28.158297176973544,28.29463005065918,120955200,0.9328020933173642,0.2123224991677865,-0.0670495692406447,False,26.17548033563116,2.119149715028019,4.4907955147033345,28.324356454072106,-0.029726403412926317,0.0008836590598680374,28.25887107849121
2015-06-30, $125.425,44326050, $125.57, $126.12, $124.86,28.06442570824172,28.187349335086324,27.905743565950345,28.03313636779785,177482800,0.7227052120411415,0.2816057691359788,-0.0312893404438696,False,26.17548033563116,1.857656032166691,3.4508859338452944,28.14356868819891,-0.11043232040105977,0.012195297389162321,28.29463005065918
2015-06-29, $124.53,49043410, $125.46, $126.47, $124.48,28.039844723786928,28.265576457225944,27.820819311458745,27.831993103027344,196645600,-1.7514881552544217,0.4447571457671984,-0.2078516207595839,False,26.17548033563116,1.6565127673961832,2.7440345485465616,28.035976969418527,-0.2039838663911837,0.04160941774789629,28.03313636779785
2015-06-26, $126.75,43986290, $127.67, $127.99, $126.51,28.533773621853992,28.605292373182664,28.27451878771564,28.32815742492676,176267200,-0.5882065123064439,0.3307735854670248,-0.205616196927231,False,26.17548033563116,2.152677089295601,4.63401865077818,28.286732430728847,0.041424994197914344,0.001716030144297237,27.831993103027344
2015-06-25, $127.5,31872390, $128.86, $129.2, $127.5,28.79972643951187,28.87571434479905,28.49577140808105,28.49577140808105,127752400,-0.4761758207323163,0.3799429367179989,-0.3039550314308172,False,26.17548033563116,2.3202910724498906,5.383750660890664,28.63350606309247,-0.13773465501141757,0.018970835191114217,28.32815742492676
2015-06-24, $128.11,55077520, $127.21, $129.8, $127.12,28.43096358842425,29.009819881307813,28.41084974026708,28.632110595703125,221123600,0.8501824295631177,0.5989701410407342,0.2011470072788732,True,26.17548033563116,2.4566302600719645,6.035032234701248,28.452404625130587,0.17970597057253812,0.03229423585941794,28.49577140808105
2015-06-23, $127.03,30192140, $127.48, $127.61, $126.8792,28.49131190163484,28.52036580966712,28.35721274421417,28.390737533569336,121075600,-0.4544809792841886,0.1631530654529491,-0.1005743680655015,False,26.17548033563116,2.2152571979381754,4.907364453016896,28.53941328725721,-0.14867575368787556,0.02210447973465784,28.632110595703125
2015-06-22, $127.61,33976180, $127.49, $128.06, $127.08,28.493536967605955,28.62092976428129,28.40190439006669,28.520357131958008,136157200,0.7977735736239833,0.2190253742145991,0.0268201643520527,True,26.17548033563116,2.3448767963268473,5.498447189952059,28.45630310092144,0.06405403103656937,0.004102918892033792,28.390737533569336
2015-06-19, $126.6,54361530, $127.71, $127.82, $126.4,28.542711069651634,28.567295798030447,28.249931474593,28.29463005065918,218867600,-1.000952783081588,0.3173643234374452,-0.2480810189924547,False,26.17548033563116,2.119149715028019,4.4907955147033345,28.533690786979868,-0.23906073632068825,0.05715003565018963,28.520357131958008
2015-06-18, $127.88,35363990, $127.23, $128.31, $127.22,28.435438210107023,28.67681294545484,28.433202769415,28.58070945739746,141628800,0.455648073187942,0.2436101760398408,0.145271247290438,True,26.17548033563116,2.4052291217663004,5.785127128192689,28.38485127787507,0.19585817952238926,0.03836042648582446,28.29463005065918
2015-06-17, $127.3,32858900, $127.72, $127.88, $126.74,28.544940706610863,28.580699219165577,28.32591363607703,28.451072692871094,131672400,-0.2351369371522804,0.2547855830885481,-0.0938680137397689,False,26.17548033563116,2.2755923572399332,5.178320576328796,28.556283279238194,-0.10521058636710023,0.011069267483709058,28.58070945739746
2015-06-16, $127.6,31443650, $127.03, $127.85, $126.37,28.390736517876093,28.5740034273007,28.24322983718876,28.518129348754883,125976400,0.5357977717768136,0.3307735901119422,0.1273928308787901,True,26.17548033563116,2.3426490131237223,5.48800439868955,28.410584788817346,0.10754455993753709,0.011565832372158507,28.451072692871094
2015-06-15, $126.92,43896960, $126.1, $127.24, $125.71,28.182877320017703,28.43766291345252,28.095713917271123,28.36614418029785,175955600,-0.1965932691618488,0.3419489961813937,0.183266860280149,True,26.17548033563116,2.190663844666691,4.799008080329848,28.29889770477902,0.06724647551883223,0.004522088469704902,28.518129348754883
2015-06-12, $127.17,36826260, $128.185, $128.33, $127.11,28.649987106463826,28.68127644753528,28.40861072807724,28.422019958496094,147544800,-1.1042816448467383,0.2726657194580397,-0.2279671479677318,False,26.17548033563116,2.2465396228649332,5.046940277102117,28.549432691599698,-0.12741273310360413,0.01623400455693026,28.36614418029785
2015-06-11, $128.59,35344520, $129.18, $130.18, $128.475,28.87124567447265,29.09474193791442,28.71479897211988,28.73938369750977,141563600,-0.2250276905966242,0.379942965794541,-0.131861976962881,False,26.17548033563116,2.5639033618786087,6.573600449052432,28.71289925344519,0.026484444064578838,0.0007014257774098052,28.422019958496094
2015-06-10, $128.88,39029190, $127.92, $129.34, $127.85,28.589643200734034,28.90700750324305,28.57399852962841,28.80420112609864,156349200,1.145813100862525,0.3330089736146391,0.2145579253646019,True,26.17548033563116,2.6287207904674794,6.91017299423597,28.640941271672425,0.16325985442621516,0.026653780067268963,28.73938369750977
2015-06-09, $127.42,56002840, $126.7, $128.08, $125.62,28.316980038004523,28.62540601795868,28.07560533408828,28.47789764404297,224301600,-0.2973326603960879,0.5498006838704015,0.1609176060384456,True,26.17548033563116,2.3024173084118082,5.301125462074276,28.486325430024742,-0.008427785981773184,7.102757655457258e-05,28.80420112609864
2015-06-08, $127.8,52609900, $128.9, $129.21, $126.83,28.808668102346388,28.87795481131728,28.34603259256239,28.56282424926757,210699200,-0.6607076497342157,0.5319222187548895,-0.2458438530788136,False,26.17548033563116,2.3873439136364105,5.699410961976813,28.691777773947422,-0.12895352467985077,0.016629011527356883,28.47789764404297
2015-06-05, $128.65,35577760, $129.5, $129.69, $128.36,28.942769382577065,28.98523422306932,28.687983749906223,28.752796173095703,142507200,-0.5488542276289365,0.2972504731630963,-0.1899732094813622,False,26.17548033563116,2.5773158374645426,6.642556926045557,28.808739875364385,-0.055943702268681506,0.0031296978235268802,28.56282424926757
2015-06-04, $129.36,38335980, $129.58, $130.58, $128.91,28.960647495537707,29.184143768776664,28.810905401701508,28.91147804260254,153800400,-0.5841018288254674,0.3732383670751567,-0.0491694529351676,False,26.17548033563116,2.7359977069713786,7.4856834525526414,28.88691714991966,0.024560892682877977,0.0006032374493798489,28.752796173095703
2015-06-03, $130.12,30939810, $130.66, $130.94, $129.9,29.202032630617,29.264611333053782,29.03217322947415,29.081342697143555,123934000,0.1231264342998361,0.2324381035796321,-0.1206899334734465,False,26.17548033563116,2.905862361512394,8.444036064054389,29.099487512758756,-0.018144815615201537,0.00032923433370966155,28.91147804260254
2015-06-02, $129.96,33595980, $129.86, $130.655, $129.32,29.02322891673325,29.202026634245364,28.9025424183252,29.04557991027832,134670400,-0.4442735669224151,0.2994842159201667,0.0223509935450714,True,26.17548033563116,2.87009957464716,8.237471568389807,29.04271168926083,0.002868221017489958,8.22669180517113e-06,29.081342697143555
2015-06-01, $130.535,32016020, $131.2, $131.39, $130.05,29.117089806754823,29.36517076898995,29.065686626553163,29.17519760131836,128451200,0.1995513746039012,0.2994841424367891,0.0581077945635364,True,26.17548033563116,2.999717265687199,8.998303674061885,29.091224422512795,0.08397317880556443,0.007051494758711295,29.04557991027832
2015-05-29, $130.28,50474170, $131.23, $131.45, $129.9,29.329414816235555,29.37858426889238,29.03216436527658,29.117094039916992,203538000,-1.138250375319605,0.3464199036158,-0.2123207763185632,False,26.17548033563116,2.9416137042858317,8.653091185242213,29.27471426241708,-0.1576202225000891,0.0248441345409776,29.17519760131836
2015-05-28, $131.78,30678840, $131.86, $131.95, $131.1,29.470215466781788,29.49032931068124,29.300359545605133,29.452335357666016,122933200,-0.1969109044406281,0.1899697650761069,-0.0178801091157723,False,26.17548033563116,3.276855022034855,10.737778835435051,29.34592722093248,0.10640813673353477,0.011322691563102633,29.117094039916992
2015-05-27, $132.045,45771120, $130.34, $132.26, $130.05,29.13050168154005,29.55961409108794,29.06568926672743,29.51044464111328,183332800,1.866996567447332,0.4939248243605121,0.3799429595732313,True,26.17548033563116,3.3349643054821207,11.121986918839845,29.242440222115956,0.2680044189973252,0.07182636860209383,29.452335357666016
2015-05-26, $129.62,70544670, $132.6, $132.91, $129.12,29.63560480733493,29.704888100810432,28.857835383738585,28.96958351135254,282790400,-2.2031394221652567,0.8470527170718469,-0.6660212959823895,False,26.17548033563116,2.7941031757213786,7.807012556576293,29.591283403920777,-0.6216998925682375,0.3865107564193581,29.51044464111328
2015-05-22, $132.54,45469340, $131.6, $132.97, $131.4,29.412118235115084,29.718307114290013,29.36741624112701,29.622201919555664,182384000,0.875264057216607,0.3508908731630029,0.2100836844405798,True,26.17548033563116,3.4467215839245036,11.879889677091038,29.25646899991704,0.3657329196386243,0.13376056850739243,28.96958351135254
2015-05-21, $131.39,39589780, $130.07, $131.63, $129.83,29.07016571580792,29.418819402214933,29.01652537548264,29.36517906188965,158921600,1.022607268283937,0.4022940267322923,0.2950133460817277,True,26.17548033563116,3.189698726258488,10.174177964295021,29.262708845437785,0.10247021645186294,0.010500145259691642,29.622201919555664
2015-05-20, $130.06,36261170, $130, $130.98, $129.34,29.054519081816487,29.27354450155405,28.907010704933214,29.067928314208984,145819600,-0.0076897145081966,0.3665337966208355,0.0134092323924974,True,26.17548033563116,2.892447978577824,8.366255308778939,29.162493660300832,-0.09456534609184786,0.008942604681470965,29.36517906188965
2015-05-19, $130.07,44395440, $130.69, $130.88, $129.64,29.2087303336458,29.25119517387914,28.974058549918123,29.07016372680664,178532800,-0.092165306540104,0.2771366239610167,-0.1385666068391593,False,26.17548033563116,2.89468339117548,8.379191935147178,29.15865054627207,-0.08848681946543024,0.007829917219107644,29.067928314208984
2015-05-18, $130.19,50723240, $128.38, $130.72, $128.36,28.69245333007435,29.21543380338683,28.68798244962446,29.096981048583984,203531600,1.1027244693252891,0.5274513537623697,0.4045277185096338,True,26.17548033563116,2.921500712952824,8.535166415783857,28.823680402962857,0.2733006456211271,0.0746932428969249,29.07016372680664
2015-05-15, $128.77,38128470, $129.07, $129.49, $128.21,28.846670700094613,28.940538742139225,28.654463734874764,28.77962112426757,152832000,-0.139564145303972,0.2860750072644613,-0.0670495758270384,False,26.17548033563116,2.6041407886364105,6.781549247039866,28.93336800785319,-0.15374688358561883,0.023638104212289828,29.096981048583984
2015-05-14, $128.95,45123920, $127.41, $128.95, $127.16,28.475660537464663,28.819843292236328,28.419786470046493,28.819843292236328,180814000,2.333136770210298,0.4000568221898355,0.3441827547716656,True,26.17548033563116,2.6443629566051676,6.992655446265624,28.58091018055717,0.23893311167915954,0.05708903185668572,28.77962112426757
2015-05-13, $126.01,34611600, $126.15, $127.19, $125.87,28.194056753833664,28.42649309534573,28.131478066722977,28.16276741027832,138776800,0.1112075470342199,0.2950150286227533,-0.0312893435553434,False,26.17548033563116,1.9872870746471598,3.949309917059666,28.411863783972947,-0.249096373694627,0.062049003387813266,28.819843292236328
2015-05-12, $125.865,48073450, $125.6, $126.88, $124.82,28.071138115295525,28.357213138843044,27.89681125439261,28.13148307800293,192640000,-0.3562152384266048,0.4604018844504338,0.0603449627074041,True,26.17548033563116,1.9560027423717692,3.825946728165882,28.1017402042572,0.029742873745728815,0.0008846385386543645,28.16276741027832
2015-05-11, $126.32,41920740, $127.39, $127.56, $125.625,28.471190892738576,28.50918485099784,28.077836963604977,28.2320499420166,168143200,-1.0186667069678856,0.4313478873928638,-0.2391409507219748,False,26.17548033563116,2.056569606385441,4.229478545908368,28.350949263791943,-0.11889932177534135,0.014137048718636162,28.13148307800293
2015-05-08, $127.62,55473820, $126.68, $127.62, $126.11,28.31251309338488,28.522600173950195,28.18512026275605,28.522600173950195,222201600,1.884085322316032,0.3374799111941406,0.2100870805653159,True,26.17548033563116,2.347119838319035,5.5089715354307724,28.282985802482813,0.23961437146738263,0.05741504701370883,28.2320499420166
2015-05-07, $125.26,42653920, $124.77, $126.08, $124.02,27.88563328767848,28.178414607387104,27.71801105854924,27.995147705078125,175763600,0.6185383825866975,0.4604035488378635,0.1095144173996445,True,26.17548033563116,1.8196673694469645,3.3111893354300355,28.107155576021462,-0.1120078709433372,0.01254576315325928,28.522600173950195
2015-05-06, $125.01,72037370, $126.56, $126.75, $123.36,28.168028667666032,28.21031686551449,27.455816218919747,27.82305145263672,288564000,-0.6279720494091312,0.7545006465947424,-0.3449772150293135,False,26.17548033563116,1.6475711170055582,2.714490585590943,28.106031438593163,-0.2829799859564446,0.08007767245190957,27.995147705078125
2015-05-05, $125.8,49127770, $128.15, $128.4498, $125.78,28.52190599939661,28.5886766529222,27.99442428912783,27.99887657165528,197085600,-2.2533082911735614,0.594252363794368,-0.5230294277413314,False,26.17548033563116,1.82339623602412,3.3247738335469283,28.275882077627212,-0.27700550597193185,0.07673205033876597,27.82305145263672
2015-05-04, $128.7,50905020, $129.5, $130.57, $128.26,28.82237540522637,29.06052330317985,28.546391591878752,28.64432144165039,203953200,-0.1938785729851178,0.514131711301097,-0.1780539635759837,False,26.17548033563116,2.46884110601923,6.095176406770255,28.53288261902523,0.11143882262516058,0.012418611188082003,27.99887657165528
2015-05-01, $128.95,57349000, $126.1, $130.13, $125.3,28.065650005792723,28.96259489680037,27.88759773139169,28.69996452331543,234050400,3.0363478121535614,1.0749971654086783,0.6343145175227072,True,26.17548033563116,2.524484187684269,6.373020413867905,28.266867932212676,0.43309659110275334,0.18757265722482552,28.64432144165039
2015-04-30, $125.15,82924980, $127.5, $127.88, $124.58,28.630970767541644,28.630970767541644,27.727350805104503,27.85421371459961,332781600,-2.7130127040545293,0.9036199624371406,-0.7767570529420347,False,26.17548033563116,1.6787333789684489,2.8181457576628257,28.65400882475527,-0.7997951101556602,0.6396722182289046,28.69996452331543
2015-04-29, $128.64,63063240, $130.16, $131.59, $128.3,28.96927800584258,29.2875467074828,28.555303872035783,28.6309757232666,253544400,-1.4705821540633046,0.7322428354470176,-0.3383022825759774,False,26.17548033563116,2.455495387635441,6.029457598698925,28.577740649607733,0.05323507365886826,0.002833973067465129,27.85421371459961
2015-04-28, $130.56,118693700, $134.455, $134.54, $129.57,29.926313917585805,29.944116261415125,28.837963110770552,29.05830192565918,475696000,-1.575568077056111,1.1061531506445732,-0.8680119919266254,False,26.17548033563116,2.882821590028019,8.310660319931676,29.472248431604484,-0.41394650594530447,0.17135170978432598,28.6309757232666
2015-04-27, $132.65,95084260, $132.31, $133.13, $131.15,29.44779235838264,29.630298638040404,29.18961423422666,29.52346420288086,387816800,1.81917903951272,0.4406844038137443,0.0756718444982205,True,26.17548033563116,3.347983867249699,11.20899597536425,29.310748767336555,0.21271543554430394,0.04524785651880293,29.05830192565918
2015-04-24, $130.28,44209710, $130.49, $130.63, $129.23,29.04271597324572,29.07387516045413,28.762279892273376,28.99597549438477,178103600,0.4704031077786164,0.3115952681807528,-0.0467404788609506,False,26.17548033563116,2.8204951587536087,7.955192940552545,29.210267746804433,-0.2142922524196642,0.04592116944709308,29.52346420288086
2015-04-23, $129.67,45596690, $128.3, $130.42, $128.14,28.555300927111567,29.02714112271059,28.519689449229297,28.86021614074707,183083600,0.8163752647742495,0.5074516734812917,0.3049152136355033,True,26.17548033563116,2.68473580511591,7.207806343271373,28.708495888924276,0.1517202518227947,0.023019034813172235,28.99597549438477
2015-04-22, $128.62,37575420, $126.99, $128.87, $126.32,28.26373337851784,28.68215799476166,28.1146141570853,28.62651634216309,150618000,1.3473897366764298,0.5675438376763609,0.3627829636452482,True,26.17548033563116,2.451036006531929,6.007577505315986,28.471320282779196,0.15519605938389347,0.024085816848288987,28.86021614074707
2015-04-21, $126.91,32341380, $128.1, $128.2, $126.67,28.510788381771672,28.53304300845616,28.19251631569665,28.245933532714844,129740400,-0.5407561828722374,0.3405266927595072,-0.2648548490568281,False,26.17548033563116,2.0704531970836832,4.2867764413140454,28.550119767784793,-0.3041862350699489,0.09252926560603021,28.62651634216309
2015-04-20, $127.6,46975110, $125.57, $128.12, $125.17,27.94769556491331,28.515239531858697,27.85866856086829,28.39950561523437,188217200,2.2845991386108766,0.6565709709904084,0.4518100503210611,True,26.17548033563116,2.224025279603211,4.946288444314141,28.050595689556403,0.34890992567796886,0.12173813623660575,28.245933532714844
2015-04-17, $124.75,51481310, $125.55, $126.14, $124.46,27.94323644885431,28.07454992374797,27.700637979338687,27.765182495117188,207828000,-1.1254698627305548,0.3739119444092829,-0.1780539537371233,False,26.17548033563116,1.589702159486027,2.527152955874538,28.10149476766789,-0.3363122725507033,0.11310594466821854,28.39950561523437
2015-04-16, $126.17,28020240, $126.28, $127.1, $126.11,28.10571071871616,28.288215267615023,28.067874803248348,28.081228256225582,113476000,-0.4811532265609042,0.2203404643666751,-0.0244824624905781,False,26.17548033563116,1.9057479205944219,3.631875136849963,27.98494301143362,0.09628524479196088,0.00927084836464783,27.765182495117188
2015-04-15, $126.78,28922420, $126.41, $127.13, $126.01,28.13464667828012,28.294893215067187,28.045619692477185,28.21699523925781,115881600,0.3800630201795441,0.249273522590002,0.0823485609776888,True,26.17548033563116,2.0415149036266484,4.167783101729723,28.114477476728872,0.10251776252893663,0.010509891633939443,28.081228256225582
2015-04-14, $126.3,25418280, $127, $127.29, $125.91,28.26595484256325,28.330499352662446,28.02335809244218,28.11015892028809,102098400,-0.4335766315855749,0.3071412602202663,-0.1557959222751606,False,26.17548033563116,1.934678584656929,3.742981225930138,28.24743339361072,-0.13727447332263054,0.018844281026005605,28.21699523925781
2015-04-13, $126.85,36248620, $128.37, $128.57, $126.61,28.57086917622061,28.615385206586744,28.179153240111305,28.232568740844727,145460400,-0.1967140560435787,0.4362319664754395,-0.3383004353758849,False,26.17548033563116,2.057088405213566,4.231612706864093,28.408303359894667,-0.17573461904994048,0.0308826563326277,28.11015892028809
2015-04-10, $127.1,40125760, $125.95, $127.21, $125.26,28.032263697492382,28.312698100017467,27.878693892102373,28.28821563720703,160752000,0.4266746839145741,0.4340042079150947,0.2559519397146488,True,26.17548033563116,2.1127353015758707,4.463650454524886,28.100911424310688,0.18730421289634336,0.035082868168718716,28.232568740844727
2015-04-09, $126.56,32244360, $125.85, $126.58, $124.66,28.010007694885584,28.172482068289785,27.745154582088954,28.16802978515625,129936000,0.7643213015159356,0.4273274862008307,0.1580220902706663,True,26.17548033563116,1.9925494495250895,3.970253308802737,28.10593164215925,0.06209814299700156,0.003856179363676054,28.28821563720703
2015-04-08, $125.6,37272090, $125.85, $126.4, $124.97,28.01001024921249,28.132422575820524,27.81415222468828,27.9543685913086,149316800,-0.325367645308583,0.3182703511322451,-0.0556416579038909,False,26.17548033563116,1.7788882556774404,3.1644434261871264,28.06383008715749,-0.10946149584889042,0.011981819073476655,28.16802978515625
2015-04-07, $126.01,34894810, $127.64, $128.1218, $125.98,28.4084029400596,28.51523396562088,28.038943237758097,28.04561996459961,140049200,-1.0521965106859432,0.4762907278627821,-0.3627829754599894,False,26.17548033563116,1.8701396289684489,3.4974222318382475,28.248069713718046,-0.20244974911843627,0.04098590091811779,27.9543685913086
2015-04-06, $127.35,36917490, $124.47, $127.51, $124.33,27.702861871893177,28.37946446390211,27.67170268722584,28.34385299682617,148776000,1.619827910850402,0.7077617766762714,0.6409911249329916,True,26.17548033563116,2.168372661195008,4.70183999781792,27.8211982914931,0.5226547053330677,0.2731679410067958,28.04561996459961
2015-04-02, $125.32,32171410, $125.03, $125.56, $124.19,27.82750526345867,27.94546530476479,27.64055011075808,27.89204978942871,128880400,0.861186181541429,0.3049151940067105,0.0645445259700423,True,26.17548033563116,1.7165694537975504,2.9466106897108206,28.006734582559844,-0.11468479313113278,0.01315260177553072,28.34385299682617
2015-04-01, $124.25,40463140, $124.82, $125.12, $123.1,27.780761124906427,27.847531779753435,27.3979463262866,27.653898239135746,162485600,-0.1446664001765185,0.4495854534668346,-0.1268628857706808,False,26.17548033563116,1.4784179035045852,2.1857194974028933,27.818060607522515,-0.16416236838676923,0.02694928319435333,27.89204978942871
2015-03-31, $124.43,42019420, $126.09, $126.49, $124.355,28.06342177006601,28.152448749647554,27.678382503094827,27.69396209716797,168362400,-1.535196818226947,0.4740662465527272,-0.3694596728980421,False,26.17548033563116,1.5184817615368082,2.305786860119928,27.918456177521264,-0.22449408035329554,0.05039759211367192,27.653898239135746
2015-03-30, $126.37,46974980, $124.05, $126.4, $124,27.60939312960263,28.132424408359668,27.59826411807745,28.125747680664062,188398800,2.5314704200093407,0.5341602902822196,0.5163545510614327,True,26.17548033563116,1.950267345032902,3.8035427171016845,27.637220321922907,0.4885273587411554,0.2386589802386095,27.69396209716797
2015-03-27, $123.25,39471720, $124.57, $124.7, $122.91,27.725119459155888,27.7540525039436,27.35565981059288,27.431331634521484,158184800,-0.7968441324813225,0.398392693350722,-0.2937878246344034,False,26.17548033563116,1.2558512988903239,1.5771624849245136,27.8637433370969,-0.43241170257541484,0.18697988052416903,28.125747680664062
2015-03-26, $124.24,47409610, $122.76, $124.88, $122.6,27.322274764596163,27.794114843477228,27.286663295523013,27.65167236328125,190291600,0.6970228495496444,0.507451547954215,0.3293975986850874,True,26.17548033563116,1.4761920276500895,2.1791429024976825,27.35849299850285,0.2931793647783998,0.085954139931866,27.431331634521484
2015-03-25, $123.38,51505600, $126.54, $126.82, $123.38,28.16357933072388,28.22589771049454,27.460268020629883,27.460268020629883,206620800,-2.61267269368084,0.7656296898646566,-0.7033113100939978,False,26.17548033563116,1.2847876849987223,1.6506793955243761,27.982812428348353,-0.5225444077184704,0.27305265803784706,27.65167236328125
2015-03-24, $126.69,32747200, $127.23, $128.04, $126.56,28.317148521175582,28.497425221015355,28.1680276125766,28.196962356567383,131369200,-0.4087710279306655,0.3293976084387537,-0.1201861646081994,False,26.17548033563116,2.0214820209362223,4.086389560968393,28.01563161490391,0.18133074166347285,0.03288083787222513,27.460268020629883
2015-03-23, $127.21,37597600, $127.12, $127.85, $126.52,28.292666278344058,28.455138942422373,28.15912496238312,28.31269645690918,150838800,1.0404974533640976,0.2960139800392518,0.020030178565122,True,26.17548033563116,2.137216121278019,4.567692749050661,28.257786916873446,0.054909540035733784,0.0030150575869358513,28.196962356567383
2015-03-20, $125.9,68516180, $128.25, $128.4, $125.16,28.544168444485248,28.577552078379163,27.85643841749427,28.021137237548828,274780400,-1.2548793188798535,0.7211136608848925,-0.5230312069364196,False,26.17548033563116,1.8456569019176676,3.406449399596323,28.46189138553941,-0.44075414799058166,0.19426421897090357,28.31269645690918
2015-03-19, $127.495,45674520, $128.75, $129.2451, $127.4,28.655445528965373,28.766728812573003,28.3549810028344,28.37723731994629,183238000,-0.7550578892612902,0.4117478097386069,-0.278208209019084,False,26.17548033563116,2.2017569843151286,4.8477338179804494,28.432120502016126,-0.05488318206983678,0.003012163674110853,28.021137237548828
2015-03-18, $128.47,65118170, $127, $129.16, $126.37,28.26595883797083,28.74670351988461,28.125742488103533,28.59313201904297,261083600,1.1256346898342209,0.620961031781075,0.327173181072137,True,26.17548033563116,2.4176516834118082,5.84503966230395,28.303571608994275,0.2895604100486935,0.08384523106756751,28.37723731994629
2015-03-17, $127.04,50891230, $125.9, $127.32, $125.65,28.021134600076984,28.33717875688107,27.96549295142633,28.27486038208008,204092400,1.672669062137988,0.3716858054547387,0.253725782003098,True,26.17548033563116,2.099380046448921,4.407396579427875,28.219985430562055,0.054874951518026904,0.0030112603041058035,28.59313201904297
2015-03-16, $124.95,35816300, $123.88, $124.95, $122.87,27.5715500016614,27.80969619750977,27.34675895658521,27.80969619750977,143497200,1.1003983956005214,0.4629372409245604,0.2381461958483726,True,26.17548033563116,1.6342158618786087,2.670661483215644,27.81610847169775,-0.0064122741879799605,4.111726026183406e-05,28.27486038208008
2015-03-13, $123.59,51744670, $124.4, $125.3951, $122.58,27.687289634604028,27.90985626880816,27.282218428274447,27.507009506225582,207309200,-0.6910231377408649,0.627637840533712,-0.1802801283784454,False,26.17548033563116,1.3315291705944219,1.772969932143869,27.728422871403787,-0.2214133651782042,0.04902387827953681,27.80969619750977
2015-03-12, $124.45,48233270, $122.31, $124.9, $121.63,27.22211956625608,27.798567927648104,27.070774214428088,27.69841194152832,193450800,1.807914056464832,0.7277937132200165,0.4762923752722408,True,26.17548033563116,1.5229316058971598,2.319320676240502,27.31986980899783,0.37854213253049096,0.1432941461007318,27.507009506225582
2015-03-11, $122.24,68812690, $124.75, $124.77, $122.11,27.765183710100228,27.76963429501665,27.177608014323543,27.206541061401367,275756000,-1.8231668496346831,0.5920262806931085,-0.5586426486988607,False,26.17548033563116,1.0310607257702067,1.0630862202257854,27.740095320953177,-0.5335542595518099,0.28468014788588014,27.69841194152832
2015-03-10, $124.51,68720360, $126.41, $127.22, $123.8,28.13464987578879,28.314928311443243,27.55375080751476,27.71177291870117,275426400,-2.068565181921977,0.7611775039284829,-0.4228769570876203,False,26.17548033563116,1.5362925830700078,2.360194900795917,27.808061259707003,-0.09628834100583461,0.00927144461365589,27.206541061401367
2015-03-09, $127.14,88410240, $127.96, $129.57, $125.06,28.47962177635552,28.83795583428651,27.834178300278573,28.297117233276367,354114000,0.426539889758426,1.0037775340079378,-0.1825045430791512,False,26.17548033563116,2.1216368976452067,4.501343125449577,28.20940032147928,0.08771691179708796,0.007694256615218109,27.71177291870117
2015-03-06, $126.6,72699680, $128.4, $129.37, $126.26,28.57755024468329,28.79344011960336,28.10125955185688,28.176931381225582,291368400,0.1502916005509558,0.6921805677464761,-0.4006188634577121,False,26.17548033563116,2.001451045594422,4.005806287911005,28.478143078417084,-0.3012116971915013,0.09072848652498468,28.297117233276367
2015-03-05, $126.41,56391280, $128.58, $128.75, $125.76,28.61761652931516,28.65545244734505,27.98997872615739,28.13464736938477,226068400,-1.657054711506989,0.6654737211876594,-0.4829691599303913,False,26.17548033563116,1.9591670337536087,3.838335466146914,28.462096388282326,-0.32744901889755695,0.10722285997697262,28.176931381225582
2015-03-04, $128.54,31588480, $129.1, $129.56, $128.32,28.733349484334305,28.835728218754888,28.55974780762392,28.60870933532715,126665200,-0.6338900957728044,0.2759804111309663,-0.1246401490071562,False,26.17548033563116,2.433228999695988,5.920603364961538,28.522548801482692,0.08616053384445621,0.007423637592361684,28.13464736938477
2015-03-03, $129.36,37749900, $128.96, $129.52, $128.09,28.70218871240452,28.82682545843777,28.508553471298843,28.79121398925781,151265200,0.2091296073804205,0.3182719871389317,0.0890252768532882,True,26.17548033563116,2.6157336536266484,6.842062546715015,28.668356084270712,0.12285790498709659,0.015094064817818453,28.60870933532715
2015-03-02, $129.09,48042680, $129.25, $130.28, $128.3,28.76674017250741,28.99598355557924,28.555302529375822,28.73112869262696,192386800,0.4904311718226362,0.4406810262034177,-0.0356114798804547,False,26.17548033563116,2.5556483569957997,6.531338524615331,28.77427077608551,-0.043142083458548086,0.0018612393651443284,28.79121398925781
2015-02-27, $128.46,61931350, $130, $130.57, $128.24,28.9336610638984,29.060525669459057,28.54194502901291,28.590909957885746,248059200,-1.502827464848877,0.5185806404461459,-0.3427511060126527,False,26.17548033563116,2.4154296222545852,5.8343002600649285,28.861776417021378,-0.27086645913563245,0.07336863868467525,28.73112869262696
2015-02-26, $130.415,91171830, $128.785, $130.87, $126.61,28.664353084202308,29.12729205469109,28.17915948969113,29.027137756347656,365150000,1.2656324276155928,0.948132564999959,0.3627846721453487,True,26.17548033563116,2.8516574207164957,8.131950045127457,28.637514798499684,0.38962295784797263,0.15180604928220306,28.590909957885746
2015-02-25, $128.79,74555120, $131.56, $131.6, $128.15,29.28086288210256,29.289767448381888,28.52190992139561,28.664352416992188,298846800,-2.557351649257256,0.7678575269862762,-0.6165104651103697,False,26.17548033563116,2.488872081361027,6.19448423737837,29.191271251765897,-0.5269188347737099,0.27764345843928423,29.027137756347656
2015-02-24, $132.17,69109410, $132.94, $133.6, $131.17,29.58801663206441,29.734911464117108,29.194072635595163,29.41663932800293,276912400,-0.6240351338069106,0.5408388285219452,-0.1713773040614796,False,26.17548033563116,3.241158992371769,10.505111613832382,29.26393414990506,0.1527051780978681,0.023318871417901614,28.664352416992188
2015-02-23, $133,73089250, $130.02, $133, $129.66,28.93811461207815,29.601362228393555,28.857990488247623,29.601362228393555,283896400,2.702732929028984,0.7433717401459319,0.663247616315406,True,26.17548033563116,3.425881892762394,11.736666743157244,29.104819140399208,0.4965430879943469,0.2465550382349617,29.41663932800293
2015-02-20, $129.495,48878410, $128.62, $129.5, $128.05,28.62651086276628,28.822370529174805,28.499649685094425,28.822370529174805,195793600,0.8174290754082048,0.3227208440803792,0.195859666408527,True,26.17548033563116,2.646890193543644,7.00602769667751,28.966883848127328,-0.14451331895252295,0.02088409935467363,29.601362228393555
2015-02-19, $128.45,37295460, $128.48, $129.03, $128.33,28.595355086126933,28.71776739221714,28.56197145541902,28.58867835998535,149449600,-0.2097773599703312,0.1557959367981212,-0.0066767261415812,False,26.17548033563116,2.413198024354191,5.823524704746971,28.673727658920924,-0.08504929893557289,0.00723338324943244,28.822370529174805
2015-02-18, $128.715,44695980, $127.625, $128.78, $127.45,28.406178497331744,28.662130462538304,28.36611643583812,28.64877700805664,179566800,0.6962491842008367,0.2960140267001847,0.2425985107248962,True,26.17548033563116,2.47329667242548,6.117196429830953,28.468832939311383,0.17994406874525737,0.03237986787659791,28.58867835998535
2015-02-17, $127.83,63014110, $127.49, $128.88, $126.92,28.375015787666307,28.68438492854948,28.24815289166968,28.4506893157959,252609600,0.5901675383914062,0.4362320368797974,0.0756735281295917,True,26.17548033563116,2.275208980164738,5.1765759034222665,28.46962033650187,-0.018931020705970525,0.00035838354496988474,28.64877700805664
2015-02-13, $127.08,53955650, $127.28, $127.28, $125.65,28.328280346900737,28.328280346900737,27.96549735191053,28.283767700195312,217088800,0.4902723160577604,0.362782994990205,-0.0445126467054244,False,26.17548033563116,2.108287364564152,4.444875611580858,28.369833021801494,-0.0860653216061813,0.007407239583175418,28.4506893157959
2015-02-12, $126.46,74374630, $126.06, $127.48, $125.57,28.05674975412918,28.372795669606173,27.947692577307883,28.145776748657227,297898000,1.2652309663616412,0.4251030922982899,0.0890269945280479,True,26.17548033563116,1.970296413026066,3.8820679551833823,28.134771470708408,0.01100527794881856,0.00012111614273075203,28.283767700195312
2015-02-11, $124.88,73278020, $122.77, $124.92, $122.5,27.32450130228101,27.80301984182764,27.26440906617443,27.79411697387696,294247200,2.3438885997644654,0.5386107756532112,0.4696156715959461,True,26.17548033563116,1.6186366382457997,2.619984566671664,27.610223674380883,0.18389329949607713,0.03381674559955392,28.145776748657227
2015-02-10, $122.02,61845390, $120.17, $122.15, $120.16,26.74582586117105,27.186508442480807,26.743601417936667,27.15757369995117,248034000,1.921122599133596,0.4429070245441409,0.4117478387801192,True,26.17548033563116,0.9820933643200078,0.9645073762413916,27.11069791024023,0.04687578971093842,0.0021973396610241204,27.79411697387696
2015-02-09, $119.72,37900780, $118.55, $119.84, $118.43,26.385275013527394,26.672384475729245,26.358566406277816,26.64567756652832,155559200,0.6642684519034381,0.313818069451429,0.2604025530009259,True,26.17548033563116,0.4701972308971598,0.22108543594335703,26.6532266096355,-0.0075490431071791875,5.69880518340496e-05,27.15757369995117
2015-02-06, $118.93,43633660, $120.02, $120.25, $118.45,26.71244351282826,26.76363457974789,26.363014006611284,26.469846725463867,174826400,-0.8421026458090841,0.4006205731366066,-0.2425967873643912,False,26.17548033563116,0.2943663898327067,0.08665157146314105,26.686669677488663,-0.2168229520247955,0.047012192524746775,26.64567756652832
2015-02-05, $119.94,42197110, $120.02, $120.23, $119.25,26.712447061096544,26.7591875492115,26.541071497520225,26.694643020629883,168984800,0.7137483228684571,0.2181160516912754,-0.017804040466661,False,26.17548033563116,0.5191626849987223,0.26952989349508255,26.625075351301824,0.06956766932805891,0.004839660615738149,26.469846725463867
2015-02-04, $119.56,69975180, $118.5, $120.51, $118.309,26.27046806393836,26.71606888189861,26.228346097111075,26.505460739135746,280598800,0.7669866740842357,0.4877227847875396,0.2349926751973861,True,26.17548033563116,0.32998040350458524,0.1088870666970489,26.416390825437546,0.08906991369820005,0.007933449526204806,26.694643020629883
2015-02-03, $118.65,51842080, $118.5, $119.09, $117.61,26.27046066624386,26.401257928588027,26.07315523199289,26.303714752197266,207662800,0.0168547499136639,0.3281026965951383,0.0332540859534056,True,26.17548033563116,0.12823441656610512,0.016444065592049376,26.350112136476397,-0.04639738427913187,0.0021527172679454334,26.505460739135746
2015-02-02, $118.63,62542440, $118.05, $119.17, $116.08,26.17070219145008,26.41899577815114,25.73396933307641,26.29928207397461,250956400,1.2546832060208235,0.6850264450747297,0.1285798825245301,True,26.17548033563116,0.12380173834344887,0.015326870416859779,26.214560497116736,0.08472157685787352,0.007177745585284569,26.303714752197266
2015-01-30, $117.16,83646800, $118.4, $120, $116.85,26.248295420011285,26.603001772030364,25.904672637239905,25.973398208618164,334982000,-1.4634167167036471,0.698329134790459,-0.2748972113931209,False,26.17548033563116,-0.20208212701299644,0.040837186058096824,26.263469280777745,-0.2900710721595807,0.08414122690380868,26.29928207397461
2015-01-29, $118.9,84132130, $116.32, $119.19, $115.56,25.787177336812245,26.423433096590607,25.618691178673068,26.3591423034668,337745600,3.113356195710759,0.8047419179175392,0.571964966654555,True,26.17548033563116,0.18366196783563993,0.033731718429259636,25.849424990282337,0.5097173131844634,0.2598117393599884,25.973398208618164
2015-01-28, $115.31,146184300, $117.625, $118.12, $115.31,26.07759137754832,26.186221517154262,25.56326675415039,25.56326675415039,585908400,5.653290604856465,0.6229547630038716,-0.5143246233979255,False,26.17548033563116,-0.6122135814807699,0.37480546934951126,26.17342447753832,-0.6101577233879283,0.3722924474099396,26.3591423034668
2015-01-27, $109.14,92326640, $112.42, $112.48, $109.03,24.922577258846545,24.935879909246182,24.171042629136025,24.1954288482666,382274800,-3.501312183816341,0.7648372801101573,-0.7271484105799431,False,26.17548033563116,-1.980051487364559,3.920603892614602,25.14346863612388,-0.9480397878572795,0.8987794393604756,25.56326675415039
2015-01-26, $113.1,55457420, $113.74, $114.3626, $112.8,25.21520671810825,25.35265614411919,25.00681772616178,25.07332420349121,222460000,0.1061934260139008,0.3458384179574096,-0.1418825146170377,False,26.17548033563116,-1.1021561321399496,1.2147481396136939,24.854598295567953,0.21872590792325752,0.04784102279685333,24.1954288482666
2015-01-23, $112.98,46420020, $112.3, $113.75, $111.53,24.89597581990433,25.217428072632536,24.725272282705173,25.04672622680664,185859200,0.5160329515238482,0.492155789927363,0.1507504069023113,True,26.17548033563116,-1.1287541088245199,1.274085838188236,24.954533290877293,0.09219293592934719,0.008499537435272715,25.07332420349121
2015-01-22, $112.4,53717440, $110.26, $112.47, $109.72,24.443720442092136,24.93365875835831,24.32400675479041,24.91814041137696,215185600,2.601517470704162,0.6096520035678985,0.4744199692848205,True,26.17548033563116,-1.2573399242542003,1.580903685123558,24.651097838633156,0.2670425727438044,0.07131173565763006,25.04672622680664
2015-01-21, $109.55,48482860, $108.95, $111.06, $108.27,24.15331098375584,24.621080624373143,24.00256055420087,24.286327362060547,194303600,0.7634516873110009,0.6185200701722735,0.1330163783047098,True,26.17548033563116,-1.8891529735706136,3.5688989575506915,24.41718839616474,-0.1308610341041927,0.017124610246818685,24.91814041137696
2015-01-20, $108.72,49742320, $107.84, $108.9667, $106.5,23.90722806464097,24.15774072566621,23.61016204884328,24.1023178100586,199599600,2.575709166663432,0.5475786768229298,0.1950897454176257,True,26.17548033563116,-2.0731625255725596,4.298002857438394,24.035816730440427,0.06650107961817397,0.004422393590382714,24.286327362060547
2015-01-16, $105.99,78453330, $107.03, $107.58, $105.2,23.727660381621178,23.84959148289938,23.321964198866382,23.497100830078125,314053200,-0.7769749869419473,0.5276272840329987,-0.2305595515430525,False,26.17548033563116,-2.6783795055530355,7.173716775766523,23.854575717026336,-0.3574748869482107,0.12778829479863604,24.1023178100586
2015-01-15, $106.82,59808470, $110, $110.06, $106.66,24.38607639779444,24.399377352772145,23.645627253574848,23.68109703063965,240056000,-2.7140701987065308,0.7537500991972976,-0.7049793671547882,False,26.17548033563116,-2.494383304991512,6.221948072220378,24.070748861751746,-0.3896518311120971,0.15182854948901026,23.497100830078125
2015-01-14, $109.8,48728190, $109.04, $110.49, $108.5,24.173263026705097,24.49471531323738,24.053549306454705,24.34174919128418,195826400,-0.3810426463335514,0.441166006782673,0.1684861645790825,True,26.17548033563116,-1.8337311443469808,3.3625699097480877,23.99680588078452,0.34494331049965865,0.11898588745846392,23.68109703063965
2015-01-13, $110.22,66969980, $111.43, $112.8, $108.91,24.703103135568583,25.006821335803178,24.1444408650448,24.43485641479492,268367600,0.8878609184322706,0.862380470758378,-0.2682467207736643,False,26.17548033563116,-1.7406239208362422,3.0297716337873326,24.57281775932234,-0.13796134452742237,0.019033332583814132,24.34174919128418
2015-01-12, $109.25,49571170, $112.6, $112.63, $108.8,24.96248496859388,24.969135448943987,24.120057527235872,24.21981811523437,198603200,-2.4640610555916487,0.8490779217081155,-0.7426668533595091,False,26.17548033563116,-1.955662220396789,3.824614720287299,24.77412006224432,-0.5543019470099502,0.3072506484590216,24.43485641479492
2015-01-09, $112.01,53645730, $112.67, $113.25, $110.21,24.97800165194986,25.106583234710648,24.432640311803063,24.83168601989746,214798000,0.1072663947457197,0.6739429229075853,-0.1463156320523992,False,26.17548033563116,-1.3437943157336996,1.8057831629982017,24.70887941629183,0.12280660360563189,0.0150814618891508,24.21981811523437
2015-01-08, $111.89,59168760, $109.23, $112.15, $108.7,24.21537959880761,24.862718808875904,24.097881603917656,24.805078506469727,237458000,3.842199840863181,0.7648372049582477,0.5896989076621146,True,26.17548033563116,-1.370401829161434,1.878001173369004,24.427267325368046,0.37781118110168066,0.14274128856544693,24.83168601989746
2015-01-07, $107.75,39983350, $107.2, $108.2, $106.695,23.76535030250549,23.98704200939966,23.654504449058404,23.88728141784668,160423600,1.4022443715214994,0.3325375603412546,0.1219311153411908,True,26.17548033563116,-2.288198917784481,5.235854287350069,24.12527623199969,-0.2379948141530086,0.0566415315637251,24.805078506469727
2015-01-06, $106.26,65682250, $106.54, $107.43, $104.63,23.619028729260297,23.816334163580667,23.195596863475707,23.55695533752441,263188400,0.0094093129686889,0.6207373001049596,-0.0620733917358862,False,26.17548033563116,-2.61852499810675,6.856673165709955,23.708597673027008,-0.1516423355025971,0.022995397916682217,23.88728141784668
2015-01-05, $106.25,64210880, $108.29, $108.65, $105.41,24.006990190147395,24.0867993234754,23.368518814896508,23.55473899841309,257142000,-2.8171647560955693,0.7182805085788928,-0.4522511917343053,False,26.17548033563116,-2.620741337218071,6.868285156603563,23.845183740700804,-0.2904447422877148,0.08435814832257706,23.55695533752441
2015-01-02, $109.33,53143770, $111.39, $111.44, $107.35,24.69423503534699,24.70532029541843,23.79860048379208,24.23755073547364,212818400,-0.951245399566314,0.9067198116263526,-0.456684299873352,False,26.17548033563116,-1.9379296001575206,3.7555711351666874,24.291347017381398,-0.05379628190775776,0.002894039947098945,23.55473899841309
2014-12-31, $110.38,41304780, $112.82, $113.13, $110.21,25.01125172642441,25.079975596248364,24.43263638829107,24.47032356262207,165613600,-1.9018858056480288,0.6473392079572946,-0.540928163802338,False,26.17548033563116,-1.7051567730090902,2.9075596205387737,24.736715167604277,-0.26639160498220704,0.07096448720499623,24.23755073547364
2014-12-30, $112.52,29798660, $113.64, $113.92, $112.11,25.193039370946536,25.25511276331304,24.85385141167735,24.944744110107425,119526000,-1.2202834289025355,0.4012613516356893,-0.2482952608391109,False,26.17548033563116,-1.230736225523735,1.51471165681641,24.936482532995313,0.00826157711211195,6.825365637937204e-05,24.47032356262207
2014-12-29, $113.91,27533430, $113.79, $114.77, $113.7,25.226297465726205,25.443554373531256,25.20634433422464,25.252901077270508,110395600,-0.0701557722312617,0.2372100393066176,0.0266036115443029,True,26.17548033563116,-0.9225792583606527,0.8511524879572919,25.124309307140646,0.12859177012986223,0.016535843345131328,24.944744110107425
2014-12-26, $113.99,33681200, $112.1, $114.52, $112.01,24.85163281333604,25.388126182847177,24.831681377348115,25.2706298828125,134884000,1.7676764379322307,0.5564448054990621,0.4189970694764611,True,26.17548033563116,-0.9048504528186605,0.818754341966135,24.98860439571743,0.28202548709506914,0.07953837537121101,25.252901077270508
2014-12-24, $112.01,14479610, $112.58, $112.71, $112.01,24.9580502122318,24.986869522282326,24.83168601989746,24.83168601989746,57918400,-0.4709432480589304,0.1551835023848653,-0.1263641923343392,False,26.17548033563116,-1.3437943157336996,1.8057831629982017,25.06402211697072,-0.23233609707325797,0.05398006200323435,25.2706298828125
2014-12-23, $112.54,25991030, $113.23, $113.33, $112.46,25.10215031474068,25.12431914503488,24.931446769591275,24.949182510375977,104113600,-0.3541618801119695,0.1928723754436063,-0.1529678043647031,False,26.17548033563116,-1.226297825255184,1.5038063562255937,25.003965775456912,-0.05478326508093545,0.0030012061329280416,24.83168601989746
2014-12-22, $112.94,45097060, $112.16, $113.49, $111.97,24.86493782848625,25.159786455953792,24.82281587111668,25.037857055664062,180670000,1.0377595206977783,0.3369705848371112,0.172919227177811,True,26.17548033563116,-1.137623279967098,1.2941867271230982,24.89085916733128,0.14699788833278404,0.021608379174297646,24.949182510375977
2014-12-19, $111.78,86595830, $112.26, $113.24, $111.66,24.887105793356984,25.104362669218304,24.75409113793961,24.78069305419922,353719200,-0.7723389248507573,0.3502715312786932,-0.1064127391577649,False,26.17548033563116,-1.3947872814319418,1.9454315604443067,24.936340032797382,-0.15564697859816334,0.024225981946737116,25.037857055664062
2014-12-18, $112.65,58785590, $111.87, $112.65, $110.66,24.80065440617585,24.973573684692383,24.532407616249746,24.973573684692383,236024800,2.961344392965559,0.4411660684426373,0.172919278516531,True,26.17548033563116,-1.2019066509387777,1.4445795975708688,24.790028560082455,0.18354512460992822,0.03368881276807408,24.78069305419922
2014-12-17, $109.41,53265930, $107.12, $109.84, $106.82,23.747616762430155,24.350616797404705,23.68110857238129,24.255290985107425,213647200,2.4918312045006275,0.6695082250234137,0.5076742226772701,True,26.17548033563116,-1.920189350523735,3.6871271418647633,24.172770304022816,0.08252068108460975,0.006809662806667869,24.973573684692383
2014-12-16, $106.745,60651790, $106.37, $110.16, $106.26,23.581342342804486,24.421553932170685,23.55695612503971,23.665584564208984,243162800,-1.3674910511910277,0.8645978071309735,0.084242221404498,True,26.17548033563116,-2.509895771422176,6.29957678340292,23.813009098158407,-0.14742453394942245,0.021733993210204413,24.255290985107425
2014-12-15, $108.225,67083260, $110.7, $111.6, $106.35,24.541273354403625,24.74079624577553,23.576914686041984,23.993696212768555,268872400,-1.366972584963877,1.1638815597335466,-0.5475771416350703,False,26.17548033563116,-2.181784122862606,4.76018195877535,24.23070176050031,-0.23700554773175497,0.056171629655629184,23.665584564208984
2014-12-12, $109.73,55873820, $110.46, $111.87, $109.58,24.488063076718035,24.800649161294523,24.29297500476759,24.326229095458984,224112400,-1.693220289599917,0.5076741565269316,-0.1618339812590505,False,26.17548033563116,-1.8492512401721761,3.4197301492783314,24.311040506432587,0.015188589026397636,0.0002306932366128067,23.993696212768555
2014-12-11, $111.62,41404690, $112.26, $113.8, $111.34,24.88710269126931,25.228508002155262,24.683145107587265,24.74522018432617,165606800,-0.29476689053477,0.5453628945679974,-0.1418825069431406,False,26.17548033563116,-1.4302601513049922,2.0456441004109793,24.68704223448463,0.058177949841539345,0.003384673847764668,24.326229095458984
2014-12-10, $111.95,44475360, $114.41, $114.85, $111.54,25.363739422627628,25.46128258670384,24.727483855137944,24.81837654113769,178261200,-1.90153933885654,0.7337987315658978,-0.5453628814899361,False,26.17548033563116,-1.3571037944934687,1.841730709028571,25.1437959490224,-0.32541940788470924,0.10589779102803476,24.74522018432617
2014-12-09, $114.12,60112240, $110.19, $114.3, $109.35,24.42820725500621,25.339360213563022,24.241985360521905,25.299455642700195,240832000,1.5302716215096934,1.0973748530411171,0.8712483876939849,True,26.17548033563116,-0.8760246929309652,0.7674192626247919,24.561014154817393,0.7384414878828025,0.5452958310265672,24.81837654113769
2014-12-08, $112.4,57445030, $114.1, $114.648, $111.62,25.29501551885156,25.41694659611432,24.745221204621007,24.91814041137696,230659600,-2.260879115387271,0.6717253914933146,-0.3768751074746035,False,26.17548033563116,-1.2573399242542003,1.580903685123558,25.293260778218823,-0.37512036684186256,0.14071528961957355,25.299455642700195
2014-12-05, $115,38230970, $115.99, $116.08, $114.64,25.71401544033737,25.73396856946132,25.414732034463416,25.49454116821289,153275600,-0.4242877903988251,0.3192365349979056,-0.2194742721244793,False,26.17548033563116,-0.6809391674182699,0.46367814972428656,25.43216986204491,0.062371306167982254,0.0038901798331001814,24.91814041137696
2014-12-04, $115.49,42068020, $115.77, $117.2, $115.29,25.66524570360864,25.982264881744456,25.558834641665232,25.603172302246094,168178000,-0.379544353819472,0.4234302400792238,-0.062073401362543,False,26.17548033563116,-0.5723080333850668,0.32753648507708266,25.602376487434803,0.0007958148112905405,6.333212138693987e-07,25.49454116821289
2014-12-03, $115.93,42956200, $115.75, $116.35, $115.11,25.660813353802983,25.793828030753204,25.5189308062063,25.70071792602539,172253600,1.1340882613383618,0.2748972245469048,0.039904572222408,True,26.17548033563116,-0.4747624096057699,0.2253993455746768,25.637549368523942,0.06316855750144867,0.003990266656813827,25.603172302246094
2014-12-02, $114.63,59205320, $113.5, $115.75, $112.75,25.162006549445675,25.66081284668138,24.99573778370044,25.412517547607425,237395600,-0.3823660608474832,0.6650750629809394,0.2505109981617508,True,26.17548033563116,-0.7629627880237351,0.5821122159089509,25.347329557426427,0.06518799018099841,0.004249474063837945,25.70071792602539
2014-12-01, $115.07,83657780, $118.81, $119.25, $111.27,26.33918569501988,26.4367305670728,24.667630368568904,25.510059356689453,335256000,-3.245607568746234,1.769100198503896,-0.8291263383304255,False,26.17548033563116,-0.6654209789417074,0.4427850792157402,26.011929252502433,-0.5018698958129804,0.2518733923233318,25.412517547607425
2014-11-28, $118.93,24814400, $119.27, $119.4, $118.05,26.44116376662769,26.469984765149167,26.17070135990386,26.36578941345215,99257600,-0.0588226660737212,0.2992834052453084,-0.0753743531755404,False,26.17548033563116,0.19030907782098794,0.03621754510107484,26.11241981956669,0.2533695938854592,0.06419615110568253,25.510059356689453
2014-11-26, $119,40756950, $117.94, $119.1, $117.83,26.146314983016484,26.403476429706124,26.121928765049383,26.38130760192871,163073200,1.1904733163353498,0.2815476646567418,0.2349926189122264,True,26.17548033563116,0.20582726629755044,0.04236486355152274,26.22044647522901,0.1608611266997002,0.025876302083097002,26.36578941345215
2014-11-25, $117.6,68719930, $119.07, $119.75, $117.45,26.3968270427696,26.547577445816213,26.037685928971506,26.070940017700195,275361600,-0.8682444472519535,0.5098915168447071,-0.3258870250694023,False,26.17548033563116,-0.10454031793096519,0.010928678073107281,26.388799647428147,-0.3178596297279519,0.10103474421079069,26.38130760192871
2014-11-24, $118.625,46867340, $116.85, $118.77, $116.62,25.904671173933387,26.330318772312243,25.85368303725294,26.29928207397461,189803200,1.8545367432885485,0.476635735059304,0.3946109000412221,True,26.17548033563116,0.12380173834344887,0.015326870416859779,25.960006009999915,0.3392760639746939,0.11510824758616059,26.070940017700195
2014-11-21, $116.47,56759320, $117.51, $117.57, $116.03,26.050992234762184,26.06429319557077,25.722887773371728,25.820432662963867,228717200,0.137557127150889,0.3414054221990419,-0.2305595717983166,False,26.17548033563116,-0.3550476726672933,0.12605884986646146,26.135156021119606,-0.3147233581557387,0.09905079216882538,26.29928207397461
2014-11-20, $116.31,43148650, $114.91, $116.86, $114.85,25.474596550529835,25.90689473126355,25.46129389709476,25.78496360778809,173582000,1.4302236811254645,0.4456008341687898,0.3103670572582544,True,26.17548033563116,-0.390516727843071,0.1525033147252592,25.59255609888202,0.19240750890606861,0.037020649483438875,25.820432662963867
2014-11-19, $114.67,41815550, $115.44, $115.74, $113.8,25.59208451368228,25.65859099358932,25.228510344463302,25.4213809967041,167476800,-0.6928412489218605,0.4300806491260189,-0.1707035169781754,False,26.17548033563116,-0.7540993389270589,0.5686658129702273,25.656537255209876,-0.23515625850577493,0.055298465914434845,25.78496360778809
2014-11-18, $115.47,44163250, $113.94, $115.69, $113.89,25.259551610147568,25.64751206627,25.248466349137583,25.59873962402344,176896000,1.2983837076182336,0.3990457171324131,0.3391880138758729,True,26.17548033563116,-0.5767407116077194,0.33262984842577864,25.312909934769447,0.285829689253994,0.08169861125903477,25.4213809967041
2014-11-17, $113.99,46687710, $114.27, $117.28, $113.3,25.33270327216116,25.999995590405263,25.11766379945273,25.2706298828125,186986800,-0.1664133230725006,0.8823317909525343,-0.0620733893486615,False,26.17548033563116,-0.9048504528186605,0.818754341966135,25.42261489937318,-0.15198501656067975,0.023099445258950097,25.59873962402344
2014-11-14, $114.18,43789060, $113.15, $114.19, $113.05,25.08441153935233,25.314971067541336,24.654329179906213,25.312753677368164,176254400,1.2054200740404308,0.6606418876351228,0.2283421380158294,True,26.17548033563116,-0.8627266582629964,0.7442972868776371,25.146199369999316,0.16655430736884824,0.027740337303116775,25.2706298828125
2014-11-13, $112.82,59418180, $111.8, $113.45, $111.6,24.785138055355453,25.150928085754,24.740798691016312,25.01126289367676,238091600,1.411293939902003,0.4101293947376838,0.2261248383213079,True,26.17548033563116,-1.1642174419543991,1.3554022521508446,24.966327913741065,0.04493497993569662,0.0020191524218214577,25.312753677368164
2014-11-12, $111.25,46372630, $109.38, $111.43, $109.37,24.248628810325407,24.703097308317226,24.24641311191169,24.66319274902344,187769600,1.4129213513988992,0.4566841964055363,0.4145639386980342,True,26.17548033563116,-1.5122875866077194,2.2870137446078007,24.511799401804574,0.15139334721886755,0.02291994558213259,25.01126289367676
2014-11-11, $109.7,27330410, $108.7, $109.75, $108.4,24.09788458667316,24.33066152381477,24.031378098470743,24.31957626342773,109769200,0.7994251083455639,0.2992834253440257,0.2216916767545704,True,26.17548033563116,-1.8559040722034297,3.444379925221273,24.29182999750045,0.02774626592728069,0.0007698552729073773,24.66319274902344
2014-11-10, $108.83,27066060, $109.02, $109.33, $108.67,24.168821616041555,24.237547173913903,24.091229881062745,24.12670135498047,108782000,-0.1651662115723318,0.1463172928511582,-0.0421202610610862,False,26.17548033563116,-2.0487789806506918,4.197495311556088,24.21758797004817,-0.09088661506770279,0.00826037679846478,24.31957626342773
2014-11-07, $109.01,33655280, $108.75, $109.32, $108.55,24.10897611529239,24.23534033624173,24.064638444963173,24.166616439819336,134766000,0.2852251157984931,0.1707018912785578,0.0576403245269467,True,26.17548033563116,-2.0088638958118246,4.035534151896261,24.11110084811174,0.05551559170759646,0.0030819809226445526,24.12670135498047
2014-11-06, $108.7,34733740, $108.6, $108.79, $107.8,24.07571439633964,24.11783635378142,23.89836207978517,24.097883224487305,139874000,0.2860011747709778,0.2194742739962514,0.022168828147663,True,26.17548033563116,-2.077597111143856,4.316409756233295,24.103452528196478,-0.005569303709172857,3.101714380500654e-05,24.166616439819336
2014-11-05, $108.86,37365530, $109.1, $109.3, $108.125,24.082135358197345,24.12628327183869,23.868022608231264,24.02915954589844,149743600,0.239407497276245,0.2582606636074267,-0.0529758122989036,False,26.17548033563116,-2.1463207897327194,4.606692932438884,24.08354985416448,-0.054390308266039966,0.0029583056332748553,24.097883224487305
2014-11-04, $108.6,41423660, $109.36, $109.49, $107.72,24.139528045208,24.1682229274974,23.777523555087363,23.971769332885746,166297600,-0.7312632309097733,0.3906993724100367,-0.1677587123222537,False,26.17548033563116,-2.2037110027454148,4.8563421836212015,24.096799241841495,-0.1250299089557494,0.015632478133482983,24.02915954589844
2014-11-03, $109.4,52154490, $108.22, $110.3, $108.01,23.887890584283795,24.347018800832352,23.84153653608477,24.148357391357425,209130400,1.2962975112400077,0.505482264747581,0.2604668070736302,True,26.17548033563116,-2.027122944273735,4.109227431201017,23.91304567527118,0.2353117160862439,0.05537160372745306,23.971769332885746
2014-10-31, $108,44550790, $108.01, $108.04, $107.21,23.841536582665057,23.848158348982032,23.664948288548825,23.83932876586914,178557200,0.9534489801044989,0.1832100604332076,-0.0022078167959165,False,26.17548033563116,-2.33615156976202,5.457604156901549,23.944761924171583,-0.10543315830244282,0.011116150869627967,24.148357391357425
2014-10-30, $106.98,40572000, $106.959, $107.35, $105.9,23.609763977741284,23.695850305526225,23.3757859262305,23.61417961120605,162619200,-0.3353889386292108,0.3200643792957258,0.0044156334647666,True,26.17548033563116,-2.5613007244251094,6.56026140094059,23.68577381976774,-0.07159420856168808,0.005125730699574491,23.83932876586914
2014-10-29, $107.34,52545580, $106.65, $107.37, $106.36,23.54133978496458,23.7002689283275,23.477326564217243,23.69364547729492,210751600,0.5621291596153322,0.2229423641102563,0.1523056923303372,True,26.17548033563116,-2.481834858336242,6.159504264052876,23.56240143447105,0.13124404282386948,0.017224998776753684,23.61417961120605
2014-10-28, $106.74,47689070, $105.4, $106.74, $105.35,23.26541766091509,23.56120109558105,23.25438026180101,23.56120109558105,192243600,1.5507448525877043,0.3068208337800406,0.2957834346659602,True,26.17548033563116,-2.6142792400501094,6.834455944956978,23.410797779776686,0.15040331580436472,0.022621157404947467,23.69364547729492
2014-10-27, $105.11,34086120, $104.85, $105.48, $104.7,23.14401502979962,23.283078860880728,23.11090451363408,23.20140647888184,136750800,-0.104566397239636,0.1721743472466492,0.0573914490822211,True,26.17548033563116,-2.974073856749321,8.84511530539978,23.285447748094995,-0.0840412692131558,0.007062934930958129,23.56120109558105
2014-10-24, $105.22,46937880, $105.18, $105.49, $104.53,23.21686316374555,23.28529034456019,23.073385350104456,23.22569274902344,188215600,0.3720465262579298,0.211904994455736,0.0088295852778905,True,26.17548033563116,-2.9497875866077194,8.701246806104994,23.206781096088875,0.018911652934566092,0.0003576506167174823,23.20140647888184
2014-10-23, $104.83,70760150, $104.08, $105.051, $103.63,22.974051753065304,23.18816453028396,22.87472019778225,23.13960266113281,284298800,1.7865864018206112,0.3134443325017102,0.1655509080675052,True,26.17548033563116,-3.0358776744983516,9.21655325451752,23.05738013051635,0.08222253061645901,0.00676054454097454,23.22569274902344
2014-10-22, $102.99,68140010, $102.84, $104.11, $102.6,22.70033941790541,22.980673228423367,22.64736359953568,22.73344993591309,273052400,0.5074587874199343,0.3333096288876902,0.0331105180076782,True,26.17548033563116,-3.442030399718071,11.847573272583343,22.849216419687078,-0.11576648377398868,0.013401878765393185,23.13960266113281
2014-10-21, $102.47,93786680, $103.02, $103.02, $101.27,22.74007250141877,22.74007250141877,22.35378704059352,22.61866950988769,378495600,2.7165359138978,0.386285460825249,-0.1214029915310774,False,26.17548033563116,-3.5568108257434687,12.650903250125936,22.732773815670733,-0.11410430578304087,0.013019792598229694,22.73344993591309
2014-10-20, $99.76,75705040, $98.315, $99.96, $98.22,21.702617151406308,22.06462161634279,21.680544037021534,22.02047538757324,310069200,2.139854389894391,0.3840775793212572,0.3178582361669306,True,26.17548033563116,-4.155004948057922,17.264066118385813,22.017870202859623,0.0026051847136159267,6.786987392058098e-06,22.61866950988769
2014-10-17, $97.67,67723910, $97.5, $99, $96.81,21.52161669310305,21.85271848838156,21.369309328372275,21.559141159057617,272718800,1.4648180999348392,0.483409160009284,0.0375244659545686,True,26.17548033563116,-4.616339176573543,21.3105873931677,21.690601270820633,-0.13146011176301542,0.017281760984744505,22.02047538757324
2014-10-16, $96.26,72017830, $95.55, $97.72, $95.41,21.09117684828017,21.57017018872913,21.060274160771858,21.24789810180664,288618000,-1.3123050334275188,0.5098960279572715,0.1567212535264701,True,26.17548033563116,-4.92758223382452,24.281066671103044,21.249057484212575,-0.0011593824059339397,1.3441675631891706e-06,21.559141159057617
2014-10-15, $97.54,99942790, $97.97, $99.15, $95.18,21.62535909327149,21.88582586893387,21.00950964020356,21.53044319152832,403734400,-1.2253300742567697,0.8763162287303139,-0.0949159017431711,False,26.17548033563116,-4.64503714410284,21.57637007009507,21.487421232556148,0.043021958972172314,0.0018508889538032779,21.24789810180664
2014-10-14, $98.75,63287170, $100.39, $100.52, $98.57,22.1595394388472,22.18823432162009,21.757802659672496,21.79753494262696,254754400,-1.0620334762952766,0.4304316619475941,-0.3620044962202406,False,26.17548033563116,-4.3779453930042,19.166405864126702,21.933798169014697,-0.13626322638773658,0.01856766686559555,21.53044319152832
2014-10-13, $99.81,53437060, $101.33, $101.78, $99.81,22.36703452035973,22.46636440384449,22.0315170288086,22.0315170288086,214333600,-0.9133479255802102,0.434847375035897,-0.3355174915511334,False,26.17548033563116,-4.14396330682256,17.172431888291765,22.162306514711695,-0.1307894859030938,0.017105889622795575,21.79753494262696
2014-10-10, $100.73,66249770, $100.69, $102.03, $100.3,22.225766666649307,22.521550212363813,22.13968031026545,22.234596252441406,265326400,-0.2870440146130915,0.3818699020983622,0.0088295857920996,True,26.17548033563116,-3.9408840831897543,15.53056735713835,22.152403055602274,0.08219319683913184,0.006755721606636273,22.0315170288086
2014-10-09, $101.02,77283330, $101.54, $102.38, $100.61,22.4133859646651,22.59880217463452,22.20810276987272,22.298603057861328,309506000,0.2182431150636432,0.3906994047617971,-0.1147829068037715,False,26.17548033563116,-3.8768772777698324,15.030177426888025,22.345560760947755,-0.046957703086427216,0.002205025879153056,22.234596252441406
2014-10-08, $100.8,57329820, $98.76, $101.11, $98.31,21.799745173689995,22.31847104232388,21.70041361326797,22.250043869018555,229618800,2.075963761877864,0.6180574290559093,0.4502986953285592,True,26.17548033563116,-3.925436466612606,15.40905145341206,21.96891109772534,0.28113277129321546,0.07903563509500339,22.298603057861328
2014-10-07, $98.75,42003200, $99.43, $100.12, $98.73,21.9476344911137,22.09994185645092,21.793120992996823,21.79753494262696,168376800,-0.8733034327394362,0.3068208634540958,-0.1500995484867431,False,26.17548033563116,-4.3779453930042,19.166405864126702,22.048077629188434,-0.2505426865614737,0.06277163778944087,22.250043869018555
2014-10-06, $99.62,36780620, $99.95, $100.65, $99.42,22.062411719871783,22.216926874140505,21.945422708997352,21.98957061767578,148204800,0.0,0.2715041651431527,-0.0728411021960013,False,26.17548033563116,-4.185909717955379,17.521840166873282,21.96419950266599,0.025371115009789946,0.0006436934768399887,21.79753494262696
2014-10-03, $99.62,43419580, $99.44, $100.21, $99.04,21.949838341900456,22.11980315911848,21.86154420861412,21.98957061767578,173878400,-0.2802892034467152,0.2582589505043628,0.0397322757753251,True,26.17548033563116,-4.185909717955379,17.521840166873282,21.958262513910945,0.03130810376483595,0.0009801973613497348,21.98957061767578
2014-10-02, $99.9,47697150, $99.27, $100.22, $98.04,21.91231442871939,22.1220132271262,21.640811920013505,22.05137825012207,191031200,0.7259572878357767,0.4812013071126948,0.1390638214026793,True,26.17548033563116,-4.12410208550909,17.00821801170043,21.93385938220624,0.11751886791583033,0.013810684316218375,21.98957061767578
2014-10-01, $99.18,51400260, $100.59, $100.69, $98.7,22.203683203787584,22.225758001697383,21.78649512116611,21.89244842529297,205965200,-1.5583069838942754,0.4392628805312739,-0.3112347784946152,False,26.17548033563116,-4.283031910338192,18.34436234497522,22.144999131284578,-0.25255070599160945,0.06378185909686035,22.05137825012207
2014-09-30, $100.75,55119980, $100.81, $101.54, $100.53,22.252243851201733,22.41338077317458,22.190438462194244,22.23900032043457,221056400,0.6392515523607756,0.2229423109803363,-0.0132435307671627,False,26.17548033563116,-3.93648001519659,15.495874910042147,22.120903931992434,0.11809638844213666,0.013946756963076028,21.89244842529297
2014-09-29, $100.11,49263260, $98.65, $100.435, $98.63,21.775467870619924,22.170582992987363,21.771052235693308,22.097740173339844,199065200,-0.6351910834990537,0.3995307572940554,0.3222723027199201,True,26.17548033563116,-4.077740162291317,16.627964831163613,21.932242820024808,0.16549735331503612,0.027389373954281898,22.23900032043457
2014-09-26, $100.75,62276770, $98.53, $100.75, $98.4,21.748969473202987,22.23900032043457,21.72027459518395,22.23900032043457,249482000,2.94266155586822,0.5187257252506186,0.4900308472315835,True,26.17548033563116,-3.93648001519659,15.495874910042147,21.86552406019983,0.3734762602347388,0.13948451695892633,22.097740173339844
2014-09-25, $97.87,99689300, $100.51, $100.71, $97.72,22.18602766401236,22.230173895552632,21.5701781348221,21.60328865051269,400368000,-3.8132723110573807,0.6599957607305313,-0.5827390134996691,False,26.17548033563116,-4.572191685118469,20.904936805466463,22.1992444161128,-0.5959557656001095,0.3551632745520127,22.23900032043457
2014-09-24, $101.75,59974260, $102.16, $102.85, $101.2,22.550241655779946,22.70254734483964,22.33833501313261,22.4597396850586,240687200,-0.867088812200445,0.36421233170703,-0.0905019707213483,False,26.17548033563116,-3.7157406505725596,13.806728582317389,22.213404723287674,0.24633496177092695,0.060680913390684044,21.60328865051269
2014-09-23, $102.64,63255860, $100.6, $102.94, $100.54,22.20589038236633,22.722409988529183,22.19264685125748,22.65618896484375,253608800,1.5634281066839506,0.5297631372717042,0.4502985824774193,True,26.17548033563116,-3.5192913707874105,12.385411752498731,22.28949072517979,0.3666982396639611,0.13446759897264784,22.4597396850586
2014-09-22, $101.06,52421660, $101.8, $102.14, $100.58,22.47077310492444,22.54582202767704,22.20147674150279,22.30742835998535,211153600,0.0990247559322199,0.3443452861742457,-0.1633447449390885,False,26.17548033563116,-3.868051975645809,14.961826086297446,22.53057299017061,-0.22314463018525998,0.049793525980516444,22.65618896484375
2014-09-19, $100.96,70747430, $102.29, $102.35, $100.88,22.578937696860123,22.592181231177527,22.183822643704627,22.28536033630371,283609600,-0.8154157515919191,0.4083585874729003,-0.2935773605564122,False,26.17548033563116,-3.8901199993274496,15.133033609167397,22.47873929172474,-0.19337895542102856,0.03739542039972815,22.30742835998535
2014-09-18, $101.79,36971170, $101.93, $102.35, $101.56,22.499475322386168,22.592183439813223,22.41780292327881,22.46857261657715,149197600,0.2067337546892256,0.1743805165344127,-0.0309027058090194,False,26.17548033563116,-3.706907719054012,13.741164837582218,22.41933127456678,0.04924134201036878,0.0024247097629821095,22.28536033630371
2014-09-17, $101.58,60783090, $101.27, $101.8, $100.5922,22.353789459976166,22.47078019825064,22.2036898830186,22.422218322753903,243706000,0.7138736301629756,0.2670903152320392,0.0684288627777363,True,26.17548033563116,-3.753262012877258,14.086975737307444,22.38876907243445,0.03344925031945323,0.0011188523469334419,22.46857261657715
2014-09-16, $100.86,66754370, $99.8, $101.26, $98.89,22.02930850918142,22.351580746370534,21.82843926264747,22.26328659057617,267632400,-0.7576424879717769,0.5231414837230624,0.2339780813947491,True,26.17548033563116,-3.912193745054992,15.305259898847405,22.161508877104467,0.1017777134717015,0.010358702959527769,22.422218322753903
2014-09-15, $101.63,61169670, $102.81, $103.05, $101.44,22.69371724871248,22.74669475021372,22.391312010312863,22.433250427246094,245266000,-0.0295113725882201,0.3553827399008575,-0.2604668214663874,False,26.17548033563116,-3.7422299083850668,14.004284687211705,22.537920867903562,-0.10467044065746833,0.0109559011474286,22.26328659057617
2014-09-12, $101.66,62826040, $101.21, $102.19, $101.08,22.340541194467395,22.55686177113313,22.311846312327063,22.43987274169922,250504400,0.2267612331490198,0.2450154588060655,0.0993315472318236,True,26.17548033563116,-3.7356075939319418,13.954764095841991,22.36777927177171,0.07209346992750909,0.005197468406188658,22.433250427246094
2014-09-11, $101.43,62077230, $100.41, $101.44, $99.62,22.163954461305508,22.391310752580605,21.98957398448509,22.389102935791016,249412400,0.4257233365532631,0.4017367680955104,0.2251484744855076,True,26.17548033563116,-3.786377399840145,14.336653814020217,22.25525856884917,0.13384436694184387,0.01791431456206295,22.43987274169922
2014-09-10, $101,100352500, $98.01, $101.11, $97.76,21.63419547391636,22.318472297671125,21.579011831934984,22.29419136047364,403478400,3.07175346397206,0.7394604657361405,0.6599958865572795,True,26.17548033563116,-3.8812889751575206,15.064404108679316,21.89295195368192,0.40123940679172065,0.1609930615625719,22.389102935791016
2014-09-09, $97.99,189419500, $99.08, $103.08, $96.14,21.870379441599525,22.75331763447084,21.221419330936403,21.629777908325195,759385200,-0.376164494372877,1.531898303534437,-0.2406015332743294,False,26.17548033563116,-4.545702427305965,20.663410557615343,22.013301572397324,-0.3835236640721291,0.14709040090331135,22.29419136047364
2014-09-08, $98.36,46176570, $99.3, $99.31, $98.05,21.918939668102684,21.92114580088835,21.64302150351968,21.7114486694336,185426800,-0.6163278691043494,0.2781242973686737,-0.2074909986690869,False,26.17548033563116,-4.46403166619756,19.927578716814562,21.812126301135606,-0.1006776317020055,0.010135985525124663,21.629777908325195
2014-09-05, $98.97,58280030, $98.8, $99.39, $98.31,21.80856776589229,21.938800303534777,21.70040665583919,21.846092224121094,233828000,0.8662668466828283,0.2383936476955881,0.0375244582288054,True,26.17548033563116,-4.329388111510067,18.7436014200847,21.76895824119994,0.07713398292115414,0.005949651321280899,21.7114486694336
2014-09-04, $98.12,85537710, $98.85, $100.09, $97.79,21.81960732030009,22.09331765801492,21.585629264194733,21.658472061157227,342872000,-0.8287735041208499,0.5076883938201888,-0.1611352591428634,False,26.17548033563116,-4.517008274473934,20.403363751665985,21.823305658492004,-0.16483359733477698,0.027170114810323397,21.846092224121094
2014-09-03, $98.94,125000400, $103.1, $103.2, $98.58,22.757726454913755,22.779799567946124,21.760007262843605,21.8394718170166,501684000,-4.220715968189714,1.01979230510252,-0.918254637897153,False,26.17548033563116,-4.336008518614559,18.800969873498023,22.36767116615986,-0.5281993491432573,0.2789945524353606,21.658472061157227
2014-09-02, $103.3,53227770, $103.06, $103.74, $102.72,22.74889666907885,22.89899619405304,22.67384774862704,22.8018741607666,214256000,0.7804728444243958,0.2251484454260008,0.0529774916877521,True,26.17548033563116,-3.373606174864559,11.381218623084282,22.425336238686253,0.37653792208034886,0.14178080676458688,21.8394718170166
2014-08-29, $102.5,44516120, $102.86, $102.9, $102.2,22.70475448459705,22.71358406811657,22.559068882631184,22.625289916992188,178380000,0.2445062571646783,0.154515185485387,-0.0794645676048624,False,26.17548033563116,-3.550190418638973,12.603852008595966,22.733775465093945,-0.1084855481017577,0.011769114146938783,22.8018741607666
2014-08-28, $102.25,68368740, $101.59, $102.78, $101.56,22.424419007903364,22.68709362477968,22.41779724177552,22.570104598999023,273840000,0.1174853200459624,0.2692963830041641,0.1456855910956598,True,26.17548033563116,-3.605375736632137,12.998734202295726,22.489602797214978,0.08050180178404531,0.006480540090477721,22.625289916992188
2014-08-27, $102.13,46807000, $101.02, $102.57, $100.7,22.29860366880341,22.6407428975217,22.22796867963156,22.54361915588379,209476000,1.2290673608633895,0.4127742178901421,0.24501548708038,True,26.17548033563116,-3.6318611797473714,13.190415628955968,22.388448232818735,0.15517092306505376,0.02407801536486083,22.570104598999023
2014-08-26, $100.889,33079170, $101.42, $101.5, $100.86,22.386896031234336,22.40455519812908,22.26328523111285,22.269906997680664,132608000,-0.6401037386912334,0.1412699670162318,-0.116989033553672,False,26.17548033563116,-3.9055733379504964,15.253503098109782,22.436589571623983,-0.1666825739433193,0.02778308045637011,22.54361915588379
2014-08-25, $101.54,40087220, $101.79, $102.17, $101.28,22.468559466005885,22.552437949241444,22.35598442697829,22.413375854492188,161080000,0.2171145781292738,0.1964535222631553,-0.0551836115136978,False,26.17548033563116,-3.762104481138973,14.153430127005942,22.393812020482354,0.019563834009833414,0.00038274360116431457,22.269906997680664
2014-08-22, $101.32,44028280, $100.29, $101.47, $100.19,22.13746231659489,22.39792908348027,22.11538920429692,22.364818572998047,176736000,0.7357063635043515,0.2825398791833535,0.2273562564031586,True,26.17548033563116,-3.8106617626331136,14.521143069194109,22.228747462218347,0.13607111077969947,0.018515347188821245,22.413375854492188
2014-08-21, $100.58,33377530, $100.57, $100.94, $100.11,22.199273048496096,22.28094543613647,22.097735360226693,22.20148086547852,133912000,0.0099322834783865,0.183210075909777,0.0022078169824233,True,26.17548033563116,-3.9739994701526413,15.792671788773474,22.25193470450975,-0.05045383903123124,0.002545589872989393,22.364818572998047
2014-08-20, $100.57,52565000, $100.44, $101.09, $99.95,22.170581082194253,22.314057207589062,22.062419928740955,22.199275970458984,210796000,0.0398137144493437,0.2516372788481078,0.0286948882647308,True,26.17548033563116,-3.976204365172176,15.810201153614269,22.176055231616292,0.023220738842692157,0.0005392027124005123,22.20148086547852
2014-08-19, $100.53,69189840, $99.41, $100.68, $99.32,21.943219545822338,22.22355164656328,21.92335256321115,22.1904411315918,277596000,1.3815879137330844,0.3001990833521297,0.2472215857694628,True,26.17548033563116,-3.98503920403936,15.880537457730657,22.027421546586282,0.16301958500551805,0.026575385095371325,22.199275970458984
2014-08-18, $99.16,47285630, $98.49, $99.37, $97.98,21.740145207880925,21.9343926883454,21.62757180068916,21.888038635253903,190288000,1.2043398601737645,0.3068208876562401,0.1478934273729777,True,26.17548033563116,-4.287441700377258,18.382156334133832,21.892260102308683,-0.004221467054779993,1.7820784094592865e-05,22.1904411315918
2014-08-15, $97.98,48938120, $97.9, $98.19, $96.86,21.609910032677902,21.67392324612289,21.38034592779372,21.6275691986084,195804000,0.4923106919158648,0.2935773183291701,0.0176591659304961,True,26.17548033563116,-4.547911137022762,20.683495710255674,21.701626639449245,-0.07405744084084631,0.0054845045438954515,21.888038635253903
2014-08-14, $97.5,28056530, $97.33, $97.57, $96.8,21.484091517340858,21.537067331295333,21.36710248965895,21.521615982055664,112464000,0.2673850251056597,0.1699648416363821,0.0375244647148065,True,26.17548033563116,-4.653864353575496,21.658453421480672,21.528555374918223,-0.0069393928625594015,4.8155173300940366e-05,21.6275691986084
2014-08-13, $97.24,31866630, $96.15, $97.24, $96.04,21.22362404763749,21.464223861694336,21.19934311615477,21.464223861694336,127664000,1.3233289454965824,0.2648807455395641,0.2405998140568463,True,26.17548033563116,-4.711256473936825,22.19593756321164,21.322046866833645,0.1421769948606908,0.020214297867616898,21.521615982055664
2014-08-12, $95.97,33485870, $96.04, $96.88, $95.61,21.199342644798463,21.38475882573938,21.104426737677564,21.18389129638672,135180000,-0.0208483814958526,0.2803320880618152,-0.0154513484117444,False,26.17548033563116,-4.991589039244442,24.91596113670525,21.286150340916297,-0.10225904452957835,0.010456912188102288,21.464223861694336
2014-08-11, $95.99,36459430, $95.27, $96.08, $94.8355,21.02937957237272,21.208175700786736,20.93446364970657,21.188308715820312,146340000,1.3194134975247351,0.2737120510801674,0.1589291434475939,True,26.17548033563116,-4.987171619810848,24.871880765446758,21.0774119020615,0.11089681375881355,0.012298103301856978,21.18389129638672
2014-08-08, $94.74,41783300, $94.26, $94.82, $93.28,20.80643622191381,20.9300470135884,20.59011565241253,20.91238784790039,167460000,0.2751960302995515,0.3399313611758678,0.1059516259865809,True,26.17548033563116,-5.26309248773077,27.700142534408062,20.933971433178908,-0.021583585278516892,0.0004658511534750111,21.188308715820312
2014-08-07, $94.48,46553350, $94.93, $95.95, $94.1,20.954325576179546,21.17947401899756,20.77111554204035,20.854995727539062,186844000,-0.0105988166818837,0.4083584769572113,-0.0993298486404832,False,26.17548033563116,-5.320484608092098,28.307556464944927,20.933489196669203,-0.07849346913014088,0.006161224696084379,20.91238784790039
2014-08-06, $94.96,38463700, $94.75, $95.48, $94.71,20.811081720770748,20.97142113520433,20.80229583874494,20.85720634460449,154232000,-0.1681729593292047,0.1691252964593914,0.0461246238337409,True,26.17548033563116,-5.318273991026672,28.284038243630764,20.820227168279697,0.03697917632479175,0.0013674594816600388,20.854995727539062
2014-08-05, $95.12,55861030, $95.36, $95.68, $94.36,20.945055209350546,21.015340562036886,20.72541327273884,20.89234161376953,223732000,-0.491681888549722,0.2899272892980455,-0.0527135955810145,False,26.17548033563116,-5.283138721861629,27.91155475443373,20.90812929791492,-0.015787684145387004,0.00024925097067450417,20.85720634460449
2014-08-04, $95.59,39860740, $96.37, $96.58, $95.17,21.16689517119777,21.213019779274923,20.90332382766893,20.99557304382324,159832000,-0.5617568990831434,0.3096959516059883,-0.1713221273745304,False,26.17548033563116,-5.179907291807922,26.83143955172488,21.064708195978465,-0.06913515215522636,0.004779669263526301,20.89234161376953
2014-08-01, $96.13,48379730, $94.9, $96.62, $94.81,20.844024722622866,21.22180920513945,20.82425607258007,21.11418342590332,194044000,0.5543705024388057,0.3975531325593806,0.2701587032804546,True,26.17548033563116,-5.06129690972784,25.616726408420586,20.89089787532395,0.22328555057936939,0.049856437097532125,20.99557304382324
2014-07-31, $95.6,56625420, $97.16, $97.45, $95.33,21.3404206485044,21.40411536318184,20.93847532748472,20.997777938842773,227372000,-2.5980298563347493,0.4656400356971168,-0.3426427096616251,False,26.17548033563116,-5.177702396788387,26.808602109708207,21.255273054306446,-0.2574951154636729,0.06630373448765023,21.11418342590332
2014-07-30, $98.15,32978480, $98.44, $98.7, $97.67,21.621553879383,21.67865957928628,21.452428641151933,21.55785751342773,132040000,-0.2337979486827457,0.2262309381343463,-0.0636963659552698,False,26.17548033563116,-4.61762282220343,21.322440528133967,21.397325078189198,0.1605324352385331,0.025770662763613828,20.997777938842773
2014-07-29, $98.38,42957960, $99.33, $99.44, $98.25,21.81703834375833,21.841199095692662,21.57982460244052,21.60837745666504,172572000,-0.6463635505786547,0.2613744932521413,-0.2086608870932913,False,26.17548033563116,-4.567102878966121,20.858428707060636,21.72066127720957,-0.11228382054452979,0.01260765635607617,21.55785751342773
2014-07-28, $99.02,54926940, $97.82, $99.24, $97.55,21.485384986645617,21.797276291443243,21.42608237123485,21.74895477294922,221272000,1.382230843389043,0.3711939202083947,0.2635697863036021,True,26.17548033563116,-4.426525562681942,19.59412855707668,21.522673359399445,0.22628141354977416,0.051203278118083916,21.60837745666504
2014-07-25, $97.671,43384590, $96.85, $97.84, $96.64,21.27232626875603,21.489771368345828,21.226201652220944,21.45243263244629,173876000,0.6595752202409821,0.2635697161248842,0.1801063636902604,True,26.17548033563116,-4.723047703184871,22.307179606559888,21.433360422481165,0.019072209965123932,0.0003637491929537726,21.74895477294922
2014-07-24, $97.03,45609040, $97.035, $97.32, $96.42,21.314061742303046,21.37556123955571,21.1778830871467,21.31186485290528,182916000,-0.1646178928677244,0.1976781524090114,-0.0021968893977692,False,26.17548033563116,-4.86361548272588,23.654755563810895,21.356625564249192,-0.04476071134391191,0.002003521280013004,21.45243263244629
2014-07-23, $97.19,90937230, $95.42, $97.88, $95.17,20.95823857794484,21.498557679844417,20.90332807967372,21.34700584411621,371672000,2.6076811968229308,0.5952296001706969,0.3887672661713708,True,26.17548033563116,-4.82847449151495,23.314165915210552,21.075977775943876,0.2710280681723347,0.07345621373722772,21.31186485290528
2014-07-22, $94.72,54297530, $94.68, $94.89, $94.12,20.79570516177664,20.84182978187445,20.67270617484916,20.80449104309082,220788000,0.8303226104051653,0.1691236070252877,0.0087858813141785,True,26.17548033563116,-5.37098929254034,28.847525980582983,20.982587037197415,-0.17809599410659516,0.03171818311681638,21.34700584411621
2014-07-21, $93.939,38792960, $94.99, $95, $93.72,20.86379225934131,20.865989148457587,20.584847668048663,20.633169174194336,156316000,-0.5189186723634776,0.2811414804089232,-0.2306230851469735,False,26.17548033563116,-5.542311161436825,30.717213010187205,20.836814022587465,-0.2036448483931288,0.04147122427706041,20.80449104309082
2014-07-18, $94.43,49838110, $93.62, $94.74, $93.02,20.56288753407086,20.808885536183457,20.43110097495544,20.74079704284668,199952000,1.4394613801713252,0.3777845612280153,0.1779095087758193,True,26.17548033563116,-5.434683292784481,29.535782492870766,20.581107945176317,0.15968909767036266,0.025500607914774626,20.633169174194336
2014-07-17, $93.0899,57111160, $95.03, $95.279, $92.57,20.87258400866579,20.92749452186368,20.33226475988681,20.44647789001465,229192000,-1.78305758583982,0.5952297619768672,-0.4261061186511412,False,26.17548033563116,-5.729002445616512,32.82146902187998,20.82021848134292,-0.3737405913282714,0.139682029606406,20.74079704284668
2014-07-16, $94.78,53323940, $96.97, $97.1, $94.74,21.298685440802164,21.327238298117447,20.80888303352818,20.81766891479492,213585200,-0.5665484945213795,0.5183552645892675,-0.4810165260072452,False,26.17548033563116,-5.357811420836242,28.706143221243273,20.99422218463562,-0.17655326984070285,0.031171057091444035,20.44647789001465
2014-07-15, $95.32,45187420, $96.8, $96.85, $95.03,21.261354129050684,21.272335227668304,20.87258670694014,20.936283111572266,181911600,-1.1715830538265526,0.3997485207281634,-0.3250710174784181,False,26.17548033563116,-5.239197224058895,27.44918755258643,21.099979047923043,-0.16369593635077706,0.026796359577757653,20.81766891479492
2014-07-14, $96.45,42643760, $95.86, $96.89, $95.65,21.05488883625809,21.281119898864983,21.008764202926823,21.184476852416992,171240000,1.291768455310538,0.2723556959381596,0.1295880161589018,True,26.17548033563116,-4.991003483214168,24.91011576945596,21.007259982459814,0.1772168699571779,0.0314058189974193,20.936283111572266
2014-07-11, $95.22,33960300, $95.36, $95.89, $94.8625,20.945062109868488,21.06147210650729,20.83524110538123,20.9143123626709,136072000,0.189375440236672,0.2262310011260595,-0.0307497471975892,False,26.17548033563116,-5.261167972960262,27.679888439702793,21.02278239604561,-0.1084700333747115,0.011765748140311028,21.184476852416992
2014-07-10, $95.035,39633800, $93.76, $95.55, $93.52,20.593639098731103,20.98679856973035,20.540923800146192,20.874780654907227,158744000,-0.3668830950108948,0.445874769584158,0.2811415561761237,True,26.17548033563116,-5.300699680723934,28.097417105226814,20.69959617827898,0.175184476628246,0.030689600851512466,20.9143123626709
2014-07-09, $95.39,36267350, $95.44, $95.95, $94.76,20.96263148164839,21.07464768691861,20.813274865552746,20.951648712158203,145744000,0.0419304242750717,0.2613728213658639,-0.0109827694901873,False,26.17548033563116,-5.223831623472957,27.288416830396113,20.925716360973357,0.025932351184845714,0.0006724868379741689,20.874780654907227
2014-07-08, $95.35,65111960, $96.27, $96.8, $93.92,21.1449375449943,21.26134922881078,20.62877910831795,20.94286727905273,260888000,-0.6460215451510876,0.6325701204928293,-0.2020702659415683,False,26.17548033563116,-5.23261305657843,27.380239399875055,21.07120469168124,-0.1283374126285075,0.0164704914801798,20.951648712158203
2014-07-07, $95.968,54809030, $94.14, $95.99, $94.1,20.67709718345022,21.083434537249293,20.66831130260097,21.079042434692383,225872000,2.063180879797244,0.4151232346483233,0.4019452512421644,True,26.17548033563116,-5.096437900938778,25.973679278125253,20.76387522005244,0.315167214639942,0.09933037318389928,20.94286727905273
2014-07-03, $94.03,22891750, $93.67, $94.1, $93.2,20.573863781535906,20.668309899584816,20.47063178323416,20.65293502807617,91567200,0.5883367690833197,0.1976781163506586,0.0790712465402627,True,26.17548033563116,-5.522545307554992,30.498506673997664,20.744443427347917,-0.09150839927174914,0.008373787137277858,21.079042434692383
2014-07-02, $93.48,28414310, $93.865, $94.06, $93.09,20.617797171482003,20.65952801608704,20.44647498701088,20.53213691711425,113860000,-0.0427694907375819,0.2130530290761605,-0.0856602543677489,False,26.17548033563116,-5.64334341851691,31.84732493931812,20.623741956003187,-0.09160503888893601,0.008391483149843478,20.65293502807617
2014-07-01, $93.52,38156280, $93.52, $94.07, $93.13,20.540922164916992,20.66172595322061,20.4552619062056,20.540922164916992,152892000,0.6348784805901175,0.2064640470150109,0.0,False,26.17548033563116,-5.634558170714168,31.748245779161795,20.53142971127044,0.009492453646551269,9.010667623192448e-05,20.53213691711425
2014-06-30, $92.93,49474230, $92.1, $93.725, $92.09,20.22903169476355,20.587049295016804,20.226834805141685,20.41133499145508,197929200,1.0328436910847838,0.3602144898751191,0.1823032966915327,True,26.17548033563116,-5.764145344176079,33.22537154878677,20.331673902560002,0.0796610888950795,0.006345889083949759,20.540922164916992
2014-06-27, $91.98,61758200, $90.82, $92, $90.77,19.94788742063958,20.20706506128109,19.93690464976857,20.202672958374023,256116000,1.1881175633387198,0.2701604115125171,0.2547855377344419,True,26.17548033563116,-5.972807377257137,35.67442796581728,20.103439144701458,0.09923381367256567,0.009847349776001482,20.41133499145508
2014-06-26, $90.9,32528680, $90.37, $91.05, $89.8,19.849049821881383,19.99840646154176,19.723853938323096,19.9654598236084,130516000,0.5976282655316245,0.2745525232186629,0.1164100017270151,True,26.17548033563116,-6.210020512022762,38.564354759743445,19.96606357118165,-0.0006037475732512121,3.645111322067277e-07,20.202672958374023
2014-06-25, $90.36,36835900, $90.21, $90.7, $89.65,19.813902809390104,19.921526910355308,19.690903836858443,19.84684944152832,147476000,0.0885703383438851,0.230623073496865,0.0329466321382163,True,26.17548033563116,-6.32863089410284,40.05156899379291,19.86010629230968,-0.013256850781360185,0.00017574409263925017,19.9654598236084
2014-06-24, $90.28,38977670, $90.75, $91.74, $90.19,19.9325186203117,20.149963808781727,19.80951959260923,19.829286575317383,156144000,-0.6055017452882949,0.3404442161724965,-0.1032320449943178,False,26.17548033563116,-6.346193760313778,40.27417524344553,19.89569506007032,-0.06640848475293737,0.004410086847181115,19.84684944152832
2014-06-23, $90.83,43611710, $91.32, $91.62, $90.6,20.05770880475593,20.1236020797538,19.89956628534952,19.950084686279297,174776000,-0.0879756992205438,0.2240357944042834,-0.1076241184766324,False,26.17548033563116,-6.225395649351864,38.75555099096911,19.970958096785363,-0.020873410506066392,0.00043569926615476284,19.829286575317383
2014-06-20, $90.91,100478600, $91.85, $92.55, $90.9,20.17411366987288,20.327864047154083,19.965454478383936,19.9676513671875,403592000,-1.0341930606523886,0.3624095687701469,-0.2064623026853773,False,26.17548033563116,-6.2078289684436605,38.537140501448285,20.088978010647832,-0.12132664346033195,0.01472015441335051,19.950084686279297
2014-06-19, $91.86,35476080, $92.29, $92.3, $91.3389,20.270759523301347,20.27295641241432,20.062098626689856,20.176313400268555,142112000,-0.3471674323561879,0.210857785724464,-0.0944461230327924,False,26.17548033563116,-5.999166935362606,35.99000391834796,20.157984154181197,0.018329246087358086,0.0003359612621309317,19.9676513671875
2014-06-18, $92.18,33314720, $92.27, $92.29, $91.35,20.2663699910368,20.270763770183265,20.064299719428927,20.24660301208496,134056000,0.1085958495354866,0.206464050754338,-0.0197669789518393,False,26.17548033563116,-5.9288773235462,35.151586317660346,20.228227462958476,0.018375549126485424,0.00033766080569987925,20.176313400268555
2014-06-17, $92.08,29684620, $92.31, $92.7, $91.8,20.2751566244831,20.36081688791833,20.16314038813599,20.224639892578125,118904000,-0.1301548266964824,0.1976764997823394,-0.0505167319049739,False,26.17548033563116,-5.9508404430530355,35.41250197867565,20.258565408667216,-0.033925516089091445,0.0011509406419112026,20.24660301208496
2014-06-16, $92.2,35371460, $91.51, $92.75, $91.45,20.09944565932777,20.371801348309344,20.08626599604405,20.25099754333496,142244000,1.0079239622322822,0.2855353522652919,0.1515518840071905,True,26.17548033563116,-5.9244827922962,35.09949635621378,20.136600268853734,0.11439727448122738,0.013086736408733278,20.224639892578125
2014-06-13, $91.28,54406640, $92.2, $92.44, $90.88,20.25098989727332,20.303705179032864,19.961062550537125,20.04891967773437,218100000,-1.0943744727818006,0.3426426284957387,-0.2020702195389496,False,26.17548033563116,-6.126560657896789,37.53474549488874,20.24438841030367,-0.19546873256929942,0.0382080254122483,20.25099754333496
2014-06-12, $92.29,54628650, $94.04, $94.12, $91.9,20.65513112386138,20.672702883692263,20.18509744066441,20.2707576751709,218996000,-1.6727188416609806,0.4876054430278529,-0.3843734486904822,False,26.17548033563116,-5.904722660460262,34.86574969695292,20.436424357010903,-0.16566668184000477,0.027445449471877367,20.04891967773437
2014-06-11, $93.86,45528740, $94.13, $94.76, $93.47,20.674901282486456,20.81327681780668,20.52993843088373,20.615598678588867,182724000,-0.4137957595309549,0.2833383869229529,-0.0593026038975885,False,26.17548033563116,-5.559881657042293,30.912284040315356,20.526995341585184,0.08860333700368273,0.007850551328188172,20.2707576751709
2014-06-10, $94.25,62563070, $94.73, $95.05, $93.57,20.80668851602928,20.876973892778867,20.55190297797729,20.70125961303711,251108000,0.5869646290187935,0.3250709148015787,-0.1054289029921697,False,26.17548033563116,-5.474220722594051,29.967092519678136,20.733505117896776,-0.032245504859666596,0.001039772583654782,20.615598678588867
2014-06-09, $93.7,75295450, $92.7, $93.88, $91.75,20.360817542805314,20.61999523110182,20.15215826377448,20.58045959472656,301660000,1.600156457315216,0.4678369673273401,0.2196420519212445,True,26.17548033563116,-5.5950207409046016,31.304257091152678,20.47354793986559,0.10691165486096921,0.011430101945111001,20.70125961303711
2014-06-06, $92.2243,87403076, $92.8428, $93.0371, $92.0671,20.39219196338809,20.43486624523424,20.22181322576047,20.25632667541504,349938400,-0.274972411674157,0.2130530194737687,-0.1358652879730506,False,26.17548033563116,-5.919153660216121,35.03638005324991,20.45163346900722,-0.19530679359218084,0.03814474362325873,20.58045959472656
2014-06-05, $92.4785,75796583, $92.3143, $92.7671, $91.8014,20.276095950444656,20.375562589309023,20.1634513267086,20.312179565429688,303805600,0.3923428891516201,0.2121112626004269,0.0360836149850314,True,26.17548033563116,-5.863300770201473,34.37829592184519,20.262582655810014,0.04959690961967311,0.0024598534438220235,20.25632667541504
2014-06-04, $92.1171,83735285, $91.0628, $92.5557, $90.8728,20.001232714654048,20.329127297236955,19.95950018938398,20.232797622680664,335482000,1.141918877564252,0.369627107852974,0.2315649080266162,True,26.17548033563116,-5.942682712950496,35.315477826800674,20.103395593205505,0.129402029475159,0.016744885232289917,20.312179565429688
2014-06-03, $91.0771,73043412, $89.78, $91.2485, $89.75,19.719457163374585,20.042017787227653,19.712868171936165,20.004364013671875,292709200,1.4141543458734862,0.3291496152914881,0.2849068502972898,True,26.17548033563116,-6.1711163219592855,38.0826766591523,19.89233806806851,0.11202594560336365,0.012549812488327792,20.232797622680664
2014-06-02, $89.8071,92179668, $90.5657, $90.69, $88.9285,19.89203117149841,19.919328896032297,19.532445234028803,19.72541618347168,369350800,-0.6872228200652253,0.3868836620034948,-0.1666149880267298,False,26.17548033563116,-6.450064152159481,41.6033275669728,19.924544758878767,-0.19912857540708728,0.03965218954365605,20.004364013671875
2014-05-30, $90.4285,140860202, $91.14, $92.0243, $89.8428,20.01817074733195,20.212396857714367,19.733263892052992,19.86191177368164,564020800,-0.3746178313572046,0.4791329656613747,-0.1562589736503099,False,26.17548033563116,-6.31356856194952,39.86114798643733,19.908857471911933,-0.046945698230292265,0.0022038985823296664,19.72541618347168
2014-05-29, $90.7685,93737728, $89.6928, $90.9814, $89.6814,19.7003257353776,19.98335086159605,19.69781548268318,19.93659782409668,376474000,1.822108308522808,0.2855353789128756,0.2362720887190832,True,26.17548033563116,-6.238882511534481,38.92365499273079,19.74996839084401,0.18662943325266923,0.03483054535621252,19.86191177368164
2014-05-28, $89.1443,78793704, $89.4314, $89.9757, $89.1114,19.642900065582907,19.76244872568526,19.572614683394924,19.579832077026367,315481600,-0.2589068644568426,0.1898340422903359,-0.0630679885565399,False,26.17548033563116,-6.595648258604793,43.502575951236444,19.738786276928636,-0.15895419990226856,0.025266437666570354,19.93659782409668
2014-05-27, $89.3757,86840486, $87.9828, $89.4085, $87.9471,19.324726612777507,19.637872911497222,19.31688249665298,19.63065719604492,348866000,1.8725447731233524,0.3209904148442426,0.3059305832674113,True,26.17548033563116,-6.544823139586242,42.83470992846352,19.406885483889795,0.22377171215512348,0.05007377916083544,19.579832077026367
2014-05-23, $87.7328,57918367, $86.75, $87.8184, $86.6385,19.053944532898942,19.28864805605904,19.02947041497981,19.269821166992188,232209600,1.1296300281729232,0.2591776410792299,0.2158766340932452,True,26.17548033563116,-6.905659168638973,47.68812855340751,19.248591225192246,0.021229941799941088,0.0004507104288288858,19.63065719604492
2014-05-22, $86.7528,50142667, $86.6571, $87.1214, $86.3,19.033552859682995,19.135529767305908,18.95510998690777,19.054574966430664,200760000,0.1583270112478052,0.180419780398136,0.0210221067476688,True,26.17548033563116,-7.120905369200496,50.707293277108455,19.108922594348332,-0.05434762791766801,0.0029536646602772868,19.269821166992188
2014-05-21, $86.6157,49184983, $86.2614, $86.6714, $86.0085,18.946637967211625,19.03669034061804,18.891100726856656,19.02445411682129,196859600,0.2645966700144164,0.1455896137613841,0.0778161496096636,True,26.17548033563116,-7.151026218809871,51.13717598210621,18.976994230040628,0.047459886780661265,0.002252440853233186,19.054574966430664
2014-05-20, $86.3871,58232373, $86.3585, $86.6285, $85.8185,18.96797325564661,19.0272758688408,18.84936635352248,18.9742488861084,234836000,0.0198672933175547,0.1779095153183192,0.0062756304617899,True,26.17548033563116,-7.201231449522762,51.8577343895957,18.980317461891907,-0.006068575783508834,3.6827612040189856e-05,19.02445411682129
2014-05-19, $86.37,78819884, $85.4071, $86.7614, $85.3328,18.758995447480576,19.05645357287776,18.74267881132696,18.97047996520996,317755200,1.184940751436403,0.3137747615507962,0.2114845177293851,True,26.17548033563116,-7.2050003704212,51.91203033776962,18.826824006208167,0.1436559590017943,0.020637034556725203,18.9742488861084
2014-05-16, $85.3585,68960136, $84.09, $85.3614, $83.6285,18.469690590822704,18.748950165470102,18.368342133438173,18.74832344055176,276256400,1.4757753751612368,0.3806080320319296,0.2786328497290569,True,26.17548033563116,-7.427156895079399,55.16265954412546,18.637358477131134,0.11096496342062778,0.012313223106941261,18.97047996520996
2014-05-15, $84.1171,57427744, $84.9571, $85.2285, $84.0057,18.660164359044,18.71978034650656,18.45119001306619,18.475664138793945,230846000,-0.8503380471181932,0.2685903334403718,-0.1845002202500545,False,26.17548033563116,-7.699816196837215,59.287169465076715,18.683404989796614,-0.2077408510026686,0.04315626117531295,18.74832344055176
2014-05-14, $84.8385,41505203, $84.6328, $85.3428, $84.5343,18.588934261157952,18.744879913656728,18.567283754175605,18.634117126464844,166404000,0.0185404480195439,0.1775961594811228,0.0451828653068915,True,26.17548033563116,-7.541363209166317,56.87215905256729,18.541564185391618,0.09255294107322598,0.00856604690130404,18.475664138793945
2014-05-13, $84.8228,39854512, $84.5714, $84.9343, $84.3857,18.575439050162363,18.655137037074137,18.53464996901393,18.63066291809082,159737200,0.1568720498692721,0.120487068060207,0.0552238679284577,True,26.17548033563116,-7.54481741754034,56.92426986402009,18.588296637311643,0.042366280779177146,0.0017949017470600748,18.634117126464844
2014-05-12, $84.69,53184042, $83.9271, $84.8085, $83.9143,18.433927269201583,18.627524997578345,18.43110197906012,18.601482391357425,213208800,1.2449898049427863,0.1964230185182245,0.1675551221558429,True,26.17548033563116,-7.573997944273735,57.36544485986276,18.495056436869067,0.10642595448835834,0.011326483788758121,18.63066291809082
2014-05-09, $83.6489,72767192, $83.5057, $83.75, $82.9043,18.34136545412967,18.395020837996327,18.20926552703661,18.372743606567383,291597600,-0.4166583961479286,0.1857553109597169,0.0313781524377141,True,26.17548033563116,-7.802736729063778,60.8827004630809,18.42463775403943,-0.05189414747204779,0.002693002541850644,18.601482391357425
2014-05-08, $83.9985,57243511, $84.0357, $84.9157, $83.7714,18.45777295917314,18.65105900045503,18.39972547972033,18.449615478515625,230297200,-0.1782628321066237,0.2513335207347005,-0.0081574806575162,False,26.17548033563116,-7.7258648571155355,59.68898779041285,18.42021046724639,0.029405011269233228,0.0008646546877437331,18.372743606567383
2014-05-07, $84.6185,70532231, $85.0357, $85.3271, $83.9614,18.573676644839093,18.637330867669696,18.33902856215009,18.482563018798828,282864400,-0.34992034830994,0.2983023055196057,-0.0911136260402649,False,26.17548033563116,-7.692917316832332,59.18097684361877,18.522516312830106,-0.03995329403127812,0.0015962657039497639,18.449615478515625
2014-05-06, $84.9157,93468228, $85.9714, $86.3442, $84.9157,18.778054667380136,18.859494666135024,18.54746437072754,18.54746437072754,374564400,-1.0898793992247024,0.3120302954074851,-0.230590296652597,False,26.17548033563116,-7.628015964903621,58.186627560824526,18.66697269251718,-0.11950832178964177,0.014282238976976567,18.482563018798828
2014-05-05, $85.8514,71523851, $84.3057, $85.8571, $84.2857,18.414220266737377,18.75308659722855,18.409850894286333,18.7518367767334,287067200,1.4141025075002922,0.3432357029422164,0.3376165099960211,True,26.17548033563116,-7.423643558897762,55.110483689564234,18.4530943608562,0.2987424158772001,0.08924703104414597,18.54746437072754
2014-05-02, $84.6543,47673150, $84.62, $84.8857, $84.2443,18.482876812782333,18.540915174303244,18.400811889402902,18.49036407470703,191514400,0.1859495014769452,0.1401032849003414,0.0074872619246981,True,26.17548033563116,-7.685116260924129,59.06101194392047,18.569339393530615,-0.07897531882358422,0.0062371009832867755,18.7518367767334
2014-05-01, $84.4971,60958860, $84.5714, $84.9714, $83.7657,18.47226949824892,18.559638676007985,18.29628465424227,18.45604515075684,244048000,0.2355819486342225,0.2633540217657142,-0.0162243474920806,False,26.17548033563116,-7.719435184874321,59.58967957347564,18.470842597897608,-0.014797447140768583,0.0002189644418838403,18.49036407470703
2014-04-30, $84.2985,114029614, $84.6628, $85.6328, $84.2571,18.4922368407904,18.70410651933555,18.40361952314312,18.41266822814941,456640800,-0.3781661156968652,0.3004869961924292,-0.0795686126409869,False,26.17548033563116,-7.76281210748175,60.26125181606525,18.471805546793323,-0.059137318643912806,0.003497222456391677,18.45604515075684
2014-04-29, $84.6185,84049445, $84.82, $85.14, $84.2157,18.52656005506181,18.59645505134916,18.394570612701013,18.482563018798828,337377600,-0.2962348815106819,0.2018844386481468,-0.0439970362629829,False,26.17548033563116,-7.692917316832332,59.18097684361877,18.47893145215511,0.0036315666437189975,1.3188276287772464e-05,18.41266822814941
2014-04-28, $84.87,167001640, $81.8285, $85.1071, $81.7928,17.87316272851693,18.589275067658686,17.865360513698146,18.537477493286133,669485600,3.872778363459606,0.7239145539605403,0.6643147647692018,True,26.17548033563116,-7.638002842345028,58.33908741967072,18.07848936840197,0.4589881248841614,0.21067009878467854,18.482563018798828
2014-04-25, $81.7057,97435199, $80.6471, $81.7128, $80.5657,17.61511187588451,17.847886845359504,17.59732775823238,17.846328735351562,390275200,0.7344105836946557,0.2505590871271224,0.2312168594670538,True,26.17548033563116,-8.329151600279598,69.37476638044019,17.92990725144457,-0.08357851609300582,0.006985368352308832,18.537477493286133
2014-04-24, $81.11,189588407, $81.1728, $81.4285, $80.1043,17.729948653517987,17.785802340571937,17.496548665190378,17.716218948364258,759911600,8.19821177790596,0.2892536753815591,-0.0137297051537288,False,26.17548033563116,-8.459261387266903,71.55910321810477,17.762468124719632,-0.04624917635537429,0.002138986313550512,17.846328735351562
2014-04-23, $74.9643,93473618, $75.58, $75.8757, $74.9214,16.50834134883415,16.57293210730182,16.364493596984623,16.373855590820312,394940000,-1.307138221598092,0.2084385103171975,-0.1344857580138381,False,26.17548033563116,-9.801624744810848,96.07184763808831,16.92243381941595,-0.5485782285956375,0.30093807288912755,17.716218948364258
2014-04-22, $75.957,50607747, $75.4728, $75.9751, $75.2144,16.48493934935819,16.594775309675878,16.428462425458893,16.59071922302246,202563200,0.0997854457558844,0.1663128842169854,0.1057798736642716,True,26.17548033563116,-9.5847611126087,91.86764558577596,16.43696119367659,0.15375802934586957,0.023641531588325288,16.373855590820312
2014-04-21, $75.8814,45546494, $75.0485, $76.02, $74.8514,16.392264960788374,16.60444627329111,16.34920445425739,16.574180603027344,182548800,1.186833947349486,0.2552418190337207,0.1819156422389696,True,26.17548033563116,-9.601299732603817,92.18495655529813,16.45266289326911,0.1215177097582334,0.014766553784886251,16.59071922302246
2014-04-17, $74.9914,70978621, $74.2857, $75.3943, $74.1714,16.225636900857925,16.467773874787323,16.200673810835955,16.379779815673828,284334400,1.1425544927862852,0.2671000639513678,0.1541429148159032,True,26.17548033563116,-9.795700519957332,95.95574867669235,16.338504986403,0.04127482927082937,0.0017036115313361132,16.574180603027344
2014-04-16, $74.1443,52515794, $74.0071, $74.4414, $73.4479,16.164790310001845,16.259648383845633,16.042786126098587,16.194746017456055,214765600,0.2027135313317885,0.2168622577470458,0.02995570745421,True,26.17548033563116,-9.980734318175106,99.6150575299983,16.230832277864334,-0.036086260408279,0.0013022181902541247,16.379779815673828
2014-04-15, $73.9942,66461884, $74.3243, $74.52, $73.0471,16.23406316618569,16.276810376935348,15.95510645384078,16.161983489990234,266490000,-0.7131028533605144,0.3217039230945673,-0.0720796761954538,False,26.17548033563116,-10.013496845640926,100.27011907766078,16.211062281951083,-0.04907879196084863,0.0024087278203362606,16.194746017456055
2014-04-14, $74.5257,51252748, $74.5571, $74.5943, $73.8871,16.28492683842322,16.293039011176013,16.13858444179119,16.27806282043457,205674000,0.3983988286843765,0.1544545693848249,-0.0068640179886507,False,26.17548033563116,-9.89741751519659,97.95887347012025,16.232663442973855,0.045399377460714874,0.002061103473820466,16.161983489990234
2014-04-11, $74.23,67920698, $74.1428, $74.69, $73.8771,16.19443294578185,16.313942488758123,16.136396261454294,16.213468551635742,271717600,-0.7393061990882632,0.1775462273038286,0.0190356058538938,True,26.17548033563116,-9.962011783995418,99.24167878446357,16.214476684277894,-0.0010081326421520487,1.0163314241724707e-06,16.27806282043457
2014-04-10, $74.7828,59701814, $75.8114, $76.0343, $74.7385,16.558889712921015,16.60756774990634,16.324554899360585,16.334228515625,239652000,-1.2897807656247815,0.2830128505457558,-0.2246611972960153,False,26.17548033563116,-9.84125182000616,96.85023738477457,16.42886733956387,-0.09463882393886891,0.008956506996532228,16.213468551635742
2014-04-09, $75.76,51357706, $74.6628, $75.7843, $74.5743,16.308016305775794,16.552961253897013,16.288670740813078,16.547657012939453,206169600,1.3143706092568763,0.2642905130839352,0.2396407071636588,True,26.17548033563116,-9.627823322691707,92.69498193296639,16.30801980215828,0.23963721078117217,0.05742599279097994,16.334228515625
2014-04-08, $74.7771,60880929, $75.0271, $75.16, $74.1,16.3875866345605,16.41660581825584,16.18507725933318,16.33298110961914,243888400,-0.0057218418819227,0.2315285589226583,-0.0546055249413583,False,26.17548033563116,-9.84249922601202,96.8747910140472,16.434534962798313,-0.10155385317917265,0.010313185095536954,16.547657012939453
2014-04-07, $74.7814,72146992, $75.4314, $75.8428, $74.5557,16.475890406274807,16.56575588770944,16.284616094250243,16.33391571044922,289850400,-1.570053820137873,0.2811397934591966,-0.1419746958255885,False,26.17548033563116,-9.841564625181942,96.85639427163257,16.416757295915453,-0.08284158546623388,0.006862728282559332,16.33298110961914
2014-04-04, $75.9743,68615246, $77.1157, $77.1428, $75.7971,16.843771908802566,16.849699392946068,16.555766502686925,16.594457626342773,275251200,-1.2936364770883668,0.2939328902591427,-0.2493142824597924,False,26.17548033563116,-9.581022709288387,91.79599615589979,16.65633109276256,-0.06187346641978664,0.003828325846800465,16.33391571044922
2014-04-03, $76.97,40472773, $77.3414, $77.5, $76.8057,16.893071423062114,16.92770645753846,16.776059865333785,16.81194305419922,162344000,-0.6930071734298049,0.1516465922046741,-0.0811283688628954,False,26.17548033563116,-9.363537281431942,87.67583042076588,16.77966472753898,0.03227832666024,0.0010418903719851603,16.594457626342773
2014-04-02, $77.5071,44803807, $77.4828, $77.64, $77.18,16.923959829735267,16.958283237831193,16.857809322002304,16.929264068603516,180420800,0.1661308220693769,0.1004739158288892,0.0053042388682484,True,26.17548033563116,-9.246216267027645,85.49251525664664,16.875941521562346,0.053322547041169344,0.0028432940229577174,16.81194305419922
2014-04-01, $77.3785,50069657, $76.8228, $77.41, $76.6814,16.77980504086826,16.908051672707057,16.74891446517996,16.901185989379883,200760000,0.9147837249697144,0.1591372075270953,0.1213809485116215,True,26.17548033563116,-9.274294346251278,86.01253562090841,16.823292162426437,0.07789382695344571,0.0060674482774533455,16.929264068603516
2014-03-31, $76.6771,41787976, $77.0328, $77.2585, $76.5614,16.825673742707743,16.874975010764288,16.72270183276182,16.74797821044922,168669200,-0.0223051552462716,0.1522731780024671,-0.0776955322585237,False,26.17548033563116,-9.427502125181942,88.87779632031003,16.84328596157485,-0.09530775112563106,0.009083567424625228,16.901185989379883
2014-03-28, $76.6943,49703046, $76.9028, $76.9914, $76.3214,16.79727149395409,16.816617047632953,16.670274741407564,16.7517147064209,200564000,-0.1116514681764324,0.1463423062253888,-0.0455567875331901,False,26.17548033563116,-9.423765629210262,88.80735863428468,16.771143594291573,-0.019428887870674316,0.00037748168389123557,16.74797821044922
2014-03-27, $76.78,55330425, $77.145, $77.3571, $76.4457,16.850319347231327,16.89650105084466,16.697424629715243,16.77043914794922,222031600,-0.4298850087894212,0.1990764211294156,-0.0798801992821083,False,26.17548033563116,-9.405041187681942,88.45479974199375,16.806951455076444,-0.036512307127225085,0.0013331485717528117,16.7517147064209
2014-03-26, $77.1114,74394902, $78.0743, $78.4285, $76.98,17.053153987550743,17.130537940954863,16.814138107180508,16.842844009399414,299768000,-0.9559618884910416,0.316399833774355,-0.2103099781513293,False,26.17548033563116,-9.332636326231746,87.09810079770038,16.945421517104766,-0.10257750770535168,0.010522145087041484,16.77043914794922
2014-03-25, $77.8557,70284361, $77.3571, $77.9643, $77.0843,16.896511473275137,17.029124184233485,16.836911659160545,17.005409240722656,282293200,1.0757361853056535,0.1922125250729394,0.1088977674475195,True,26.17548033563116,-9.170071094908504,84.09020388567646,16.86891602944382,0.13649321127883596,0.018630396725208952,16.842844009399414
2014-03-24, $77.0271,88674487, $76.9171, $77.2143, $76.4371,16.80039628343669,16.865298638445143,16.695552992159914,16.82442283630371,355700800,1.1859883417809414,0.1697456462852287,0.0240265528670207,True,26.17548033563116,-9.35105749932745,87.44227635572814,16.86335836983577,-0.03893553353205803,0.0015159757714260152,17.005409240722656
2014-03-21, $76.1243,93431688, $75.99, $76.25, $75.19,16.59789506974377,16.654685282882074,16.42315838794434,16.627225875854492,374046400,0.7887402758741002,0.2315268949377333,0.0293308061107211,True,26.17548033563116,-9.548254459776668,91.16916322864503,16.66826192970723,-0.04103605385273923,0.001683957715804914,16.82442283630371
2014-03-20, $75.5285,52017415, $75.6985, $76.0957, $75.3357,16.534237902941733,16.620983817438457,16.45498258273303,16.497106552124023,208398400,-0.4818599779038646,0.1660012347054262,-0.0371313508177095,False,26.17548033563116,-9.678373783507137,93.67091909327826,16.55778185536397,-0.06067530323994674,0.003681492423259492,16.627225875854492
2014-03-19, $75.8943,56077605, $76.0371, $76.6057, $75.5714,16.608188267125556,16.732375470255672,16.506464511497473,16.576984405517578,224756000,-0.0263533103542323,0.2259109587581989,-0.0312038616079775,False,26.17548033563116,-9.598495930113582,92.13112412040701,16.5602913143165,0.01669309120107698,0.00027865929384747375,16.497106552124023
2014-03-18, $75.9143,52279152, $75.1285, $75.9957, $75.0286,16.409737047468123,16.59913992792057,16.387895174884672,16.58135414123535,209647200,0.8846754926878031,0.2112447530358991,0.1716170937672281,True,26.17548033563116,-9.594126194395809,92.0472574339918,16.459214063013604,0.12214007822174722,0.01491819870801453,16.576984405517578
2014-03-17, $75.2485,49725201, $75.3857, $75.71, $75.1214,16.465905038248824,16.536734900958045,16.40817830019805,16.435949325561523,199544800,0.3907203395112635,0.1285566007599961,-0.0299557126873004,False,26.17548033563116,-9.739531010069637,94.85846429610808,16.49727289489929,-0.06132356933776606,0.0037605801563238015,16.58135414123535
2014-03-14, $74.9557,59166181, $75.5414, $75.8414, $74.7143,16.499912335328844,16.565439612358077,16.319246556906485,16.371980667114258,237199200,-1.1231594574719228,0.2461930554515916,-0.1279316682145861,False,26.17548033563116,-9.803499668516903,96.10860575061102,16.468451184082873,-0.09647051696861553,0.009306560644191936,16.435949325561523
2014-03-13, $75.8071,64314038, $76.7771, $77.0943, $75.5943,16.76982254939367,16.839092632621874,16.511459536891255,16.557952880859375,257742800,-1.110639638166977,0.3276330957306186,-0.2118696685342946,False,26.17548033563116,-9.617527454771786,92.49683434328905,16.621574024664817,-0.0636211438054417,0.004047649939112693,16.371980667114258
2014-03-12, $76.6585,49819071, $76.3585, $76.7643, $76,16.678391867282624,16.767007485425143,16.600071438580734,16.74391746520996,199326400,0.0969654843240075,0.166936046844409,0.065525597927337,True,26.17548033563116,-9.4315628704212,88.95437817870777,16.627262743896857,0.11665472131310395,0.013608324004637948,16.557952880859375
2014-03-11, $76.5843,69791288, $76.4928, $76.9628, $76.0843,16.70772856397573,16.810385536988353,16.618486337529863,16.727697372436523,279224400,0.9737779505806898,0.19189919945849,0.019968808460792,True,26.17548033563116,-9.447782963194637,89.26060291963084,16.711488100440537,0.01620927199598654,0.0002627404986398735,16.74391746520996
2014-03-10, $75.8457,44638950, $75.48, $76.19, $75.477,16.486497412217393,16.64157687099116,16.485872501706652,16.566377639770508,178584000,0.0905078638934187,0.155704369284507,0.0798802275531151,True,26.17548033563116,-9.609102695860653,92.33485461959647,16.561931451885528,0.004446187884980191,1.976858670854462e-05,16.727697372436523
2014-03-07, $75.7771,55164427, $75.87, $75.9971, $75.15,16.571679416129278,16.59945043509736,16.41441529359369,16.5513973236084,220729600,-0.0584375521506808,0.1850351415036684,-0.0202820925208797,False,26.17548033563116,-9.624083012022762,92.62297382230513,16.56081519295694,-0.009417869348542496,8.869626306621625e-05,16.566377639770508
2014-03-06, $75.8214,46363282, $76.1128, $76.3485, $75.4428,16.624729441776175,16.67621541296069,16.478387034426298,16.56107521057129,185488800,-0.3024189265701138,0.1978283785343926,-0.063654231204886,False,26.17548033563116,-9.614405125059871,92.43678590877752,16.590067638283095,-0.0289924277118061,0.0008405608646243023,16.5513973236084
2014-03-05, $76.0514,50000910, $75.8457, $76.3928, $75.59,16.566379056084564,16.685885285947816,16.510523716645174,16.611310958862305,200062800,0.2108670275470014,0.1753615693026411,0.0449319027777406,True,26.17548033563116,-9.564169376768856,91.47333586752316,16.55551064668187,0.05580031218043402,0.0031136748394338934,16.56107521057129
2014-03-04, $75.8914,64772440, $75.8571, $76.0914, $75.3957,16.56886962863698,16.620042287197386,16.46808242131667,16.576356887817383,259140000,0.659369347832528,0.1519598658807162,0.0074872591804044,True,26.17548033563116,-9.599123447813778,92.14317096636827,16.57472881984359,0.0016280679737938897,2.6506053272933415e-06,16.611310958862305
2014-03-03, $75.3943,59671581, $74.7743, $75.8071, $74.6871,16.33235117736869,16.557950514774912,16.31331723833934,16.4677734375,238781200,0.2888375988356451,0.2446332764355716,0.1354222601313104,True,26.17548033563116,-9.70770689813116,94.23957322002332,16.408667456353406,0.05910598114659393,0.0034935170073015177,16.576356887817383
2014-02-28, $75.1771,92930208, $75.5828, $76.1071, $74.5885,16.508960941155475,16.623477864273323,16.291787062059324,16.420345306396484,371968800,-0.2710027728145547,0.3316908022139984,-0.088615634758991,False,26.17548033563116,-9.755135029234676,95.16265943860142,16.485484359106184,-0.0651390527097,0.004243096187917074,16.4677734375
2014-02-27, $75.3814,75444623, $73.8771, $75.54, $73.7214,16.136396232680525,16.49960085763736,16.10238443938759,16.4649658203125,301882000,1.9947643756359712,0.3972164182497728,0.3285695876319749,True,26.17548033563116,-9.71051451531866,94.2940921522144,16.226577406567525,0.23838841374497477,0.05682903580784528,16.420345306396484
2014-02-26, $73.9071,69024270, $74.8014, $75, $73.6571,16.33828401761201,16.381656145347907,16.088346444847538,16.14295196533203,276217200,-0.9021956162610922,0.2933097005003695,-0.1953320522799799,False,26.17548033563116,-10.03252837029913,100.65162550085691,16.37350354421848,-0.23055157888644828,0.053154030527034185,16.4649658203125
2014-02-25, $74.58,57961606, $75.6257, $75.6521, $74.4285,16.518326214266146,16.524253699371606,16.256843632633363,16.289918899536133,231952000,-1.0406330167013866,0.2674100667382433,-0.2284073147300134,False,26.17548033563116,-9.885561436095028,97.72432490680919,16.37778425814133,-0.08786535860519606,0.007720321242819702,16.14295196533203
2014-02-24, $75.3643,72208942, $74.7357, $75.7028, $74.6314,16.32392779197937,16.53517252506289,16.301149388977603,16.461219787597656,288909600,0.4378668407660102,0.2340231360852875,0.1372919956182876,True,26.17548033563116,-9.714260548033504,94.3668579950802,16.302845168780436,0.15837461881721993,0.025082519885499713,16.289918899536133
2014-02-21, $75.0357,69688045, $76.1133, $76.3671, $74.9428,16.624727120206117,16.680269170307884,16.36917369832473,16.389455795288086,278784800,-1.1108122767301554,0.3110954719831547,-0.2352713249180311,False,26.17548033563116,-9.786024540343075,95.76627630419688,16.558475352800446,-0.1690195575123603,0.028567610821674073,16.461219787597656
2014-02-20, $75.8785,76457383, $76.1414, $76.7143, $75.5714,16.63097035743962,16.75609579973719,16.50646982578933,16.573556900024414,305858000,-1.157492378916658,0.2496259739478574,-0.0574134574152047,False,26.17548033563116,-9.601923435606746,92.19693366325407,16.53739536370208,0.03616153632233576,0.0013076567091916088,16.389455795288086
2014-02-19, $76.7671,78415914, $77.8214, $78.1271, $76.3357,16.997919811271945,17.064695264400605,16.673407873336547,16.767641067504883,313768000,-1.5787572201754865,0.3912873910640577,-0.2302787437670623,False,26.17548033563116,-9.407839268126278,88.50743969489878,16.84052946158816,-0.07288839408327874,0.005312717992039344,16.573556900024414
2014-02-18, $77.9985,65048101, $78, $78.7414, $77.9443,17.036919364334608,17.198862831677868,17.024749441078715,17.03660774230957,260251600,0.367666516581111,0.1741133905991532,-0.0003116220250376,False,26.17548033563116,-9.13887259332159,83.51899227696448,16.9338833490353,0.10272439327427207,0.010552300973567314,16.767641067504883
2014-02-14, $77.7128,68395257, $77.4957, $77.9971, $77.3157,16.926771091418527,17.03629539678647,16.887456725095106,16.974199295043945,272924400,-0.0808616469795131,0.1488386716913652,0.0474282036254187,True,26.17548033563116,-9.201281040587215,84.66357278786974,16.956473773348392,0.01772552169555297,0.00031419411937951903,17.03660774230957
2014-02-13, $77.7757,76790093, $76.38, $77.8357, $76.3143,16.683079609074813,17.001040812806117,16.668726661297317,16.98793601989746,307398000,1.5879716420518442,0.3323141515088004,0.3048564108226479,True,26.17548033563116,-9.1875443157337,84.4109705535706,16.77612978283928,0.21180623705818036,0.04486188205674609,16.974199295043945
2014-02-12, $76.56,76994423, $76.7071, $77.08, $76.1771,16.754529613306932,16.835969604133805,16.638766210005155,16.722389221191406,308100800,-0.0074703441593215,0.1972033941286497,-0.0321403921155258,False,26.17548033563116,-9.453091114439754,89.36093161789984,16.82740847103505,-0.10501924984364308,0.011029042837721527,16.98793601989746
2014-02-11, $76.5657,70489461, $75.8014, $76.8214, $75.6428,16.556700806373673,16.77949052549612,16.522064106531797,16.7236385345459,282256800,1.317578732560043,0.2574264189643216,0.1669377281722255,True,26.17548033563116,-9.451841801085262,89.33731343274269,16.605727670531877,0.1179108640140214,0.013902971852533046,16.722389221191406
2014-02-10, $75.57,86342646, $74.0943, $75.9985, $74,16.18382803456059,16.599766862648554,16.1632343140829,16.50615692138672,345559200,1.7914944505628585,0.4365325485656548,0.3223288868261278,True,26.17548033563116,-9.669323414244442,93.49581528925579,16.363672937749453,0.14248398363726622,0.02030168559314475,16.7236385345459
2014-02-07, $74.24,93444918, $74.4828, $74.7042, $73.9114,16.26870011511132,16.317064860285782,16.1438879770113,16.215654373168945,370280400,1.3990191754327697,0.1731768832744826,-0.0530457419423733,False,26.17548033563116,-9.959825962462215,99.1981332025364,16.342680630916455,-0.12702625774750942,0.016135670157336697,16.50615692138672
2014-02-06, $73.2157,64415139, $72.8657, $73.3571, $72.5443,15.91547691099221,16.0228165242719,15.845268641743973,15.991924285888672,257765200,0.5828965118462204,0.1775478825279268,0.0764473748964622,True,26.17548033563116,-10.183556049742489,103.70481381824683,16.011198904489053,-0.019274618600380933,0.0003715109221901506,16.215654373168945
2014-02-05, $73.2271,82072855, $72.3657, $73.6114, $72.3217,15.71221301488015,15.982684973813257,15.702596962983346,15.899248123168944,328344800,0.7468707052909807,0.2800880108299104,0.1870351082887928,True,26.17548033563116,-10.276232212462217,105.6009484844461,15.800632601629054,0.09861552153988917,0.009725021088584345,15.991924285888672
2014-02-04, $72.6843,94166758, $72.2643, $72.78, $71.8228,15.690190618545854,15.802164207270817,15.594346487679566,15.781381607055664,376681200,1.4475172391427371,0.2078177195912509,0.0911909885098101,True,26.17548033563116,-10.394098728575496,108.03728837937476,15.753844567633028,0.02753703942263641,0.0007582885401638318,15.899248123168944
2014-02-03, $71.6471,100347900, $71.8014, $72.5328, $71.3286,15.589702547949043,15.748512435327594,15.48703519424144,15.55620288848877,401464000,0.1858108855095963,0.2614772410861548,-0.0334996594602738,False,26.17548033563116,-10.619277447142391,112.76905349938701,15.647202899007986,-0.0910000105192168,0.008281001914497568,15.781381607055664
2014-01-31, $71.5143,116191705, $70.74, $71.6471, $70.5071,15.359236913383832,15.556197884967762,15.308678500807714,15.527351379394531,464797200,0.1640608947187649,0.2475193841600482,0.1681144660106994,True,26.17548033563116,-10.64812895623663,113.38265026864497,15.418438859795021,0.1089125195995102,0.011861936925513695,15.55620288848877
2014-01-30, $71.3974,169602001, $71.7914, $72.3571, $70.9571,15.587527357822514,15.710357758403198,15.40638606134378,15.50191879272461,678501600,-0.1937065867116394,0.3039716970594188,-0.085608565097905,False,26.17548033563116,-10.673561542906551,113.92491601021368,15.556797042529332,-0.05487824980472311,0.0030116223016295922,15.527351379394531
2014-01-29, $71.5357,125679438, $71.9928, $72.4814, $71.2314,15.631261876906173,15.737341618353549,15.465938625775111,15.532005310058594,502810000,-1.135265316320644,0.2714029925784373,-0.0992565668475791,False,26.17548033563116,-10.643475025572567,113.28356061998696,15.576329669467336,-0.04432435940874235,0.001964648836995367,15.50191879272461
2014-01-28, $72.3571,266302550, $72.68, $73.5714, $71.7243,15.78045822018634,15.974006817519308,15.572950190550287,15.710359573364258,1065523200,-7.992720070096082,0.4010566269690212,-0.0700986468220818,False,26.17548033563116,-10.465120762266903,109.5187525688298,15.683897179231861,0.026462394132396483,0.0007002583032182918,15.532005310058594
2014-01-27, $78.6428,135926881, $78.5814, $79.2571, $77.9643,17.06179006487016,17.208502417815513,16.927794759285128,17.07512664794922,554878800,0.8112843797014602,0.2807076585303854,0.0133365830790594,True,26.17548033563116,-9.100353687681942,82.81643724090631,16.57967335923428,0.49545328871493766,0.24547396129844737,15.710359573364258
2014-01-24, $78.01,107943182, $79.1428, $79.3743, $77.8214,17.18368079790476,17.233929430979746,16.89676961751795,16.937713623046875,429354800,-1.8177488147964604,0.3371598134617954,-0.2459671748578848,False,26.17548033563116,-9.237766712584286,85.33633383613028,17.137045117587586,-0.19933149454071142,0.039733044715833665,17.07512664794922
2014-01-23, $79.4543,100803600, $78.5628, $79.5, $77.8295,17.05775040124644,17.26122472353218,16.89863084073907,17.251298904418945,403239200,0.8467441293377176,0.3625938827931101,0.1935485031725043,True,26.17548033563116,-8.924181431212215,79.6410142171929,17.00700991634477,0.24428898807417454,0.05967710969430419,16.937713623046875
2014-01-22, $78.7871,94941728, $78.7021, $79.6128, $78.2585,17.08784012099154,17.285730370660524,16.991686219062174,17.1064510345459,379985200,0.4443595776920883,0.2940441515983494,0.0186109135543581,True,26.17548033563116,-9.069029301085262,82.24729246394304,17.136432763516225,-0.029981728970327026,0.0008989040720501468,17.251298904418945
2014-01-21, $78.4385,81897015, $77.2843, $78.5814, $77.2028,16.780151091755037,17.061789704426307,16.762471132967843,17.030773162841797,328526800,1.553620734384098,0.2993185714584641,0.2506220710867595,True,26.17548033563116,-9.144707172789364,83.62566927606524,16.885588919721858,0.14518424311993883,0.021078464450309503,17.1064510345459
2014-01-17, $77.2385,106660852, $78.7828, $78.8671, $77.1285,17.105527156766286,17.123826653620345,16.746343830762626,16.770227432250977,426739600,-2.4501437713983165,0.3774828228577185,-0.3352997245153091,False,26.17548033563116,-9.405252903380184,88.45878217654138,17.070681227346395,-0.30045379509541803,0.09027248298723944,17.030773162841797
2014-01-16, $79.1785,57313035, $79.2714, $79.55, $78.8114,17.211603903323034,17.272088144420064,17.111726138343318,17.191442489624023,229278000,-0.5579863373611271,0.1603620060767454,-0.0201614136990109,False,26.17548033563116,-8.984037846007137,80.71293601848856,17.04839294977729,0.1430495398467322,0.02046317085036182,16.770227432250977
2014-01-15, $79.6228,97888589, $79.0743, $80.0285, $78.8085,17.16880008139063,17.375996671088593,17.11110706231483,17.287906646728516,391638800,2.00775560568498,0.264889608773764,0.1191065653378871,True,26.17548033563116,-8.887573688902645,78.98896607567457,17.16811514334667,0.11979150338184397,0.014350004282482334,17.191442489624023
2014-01-14, $78.0557,83082535, $76.8885, $78.1043, $76.8085,16.69422626898022,16.958184820332526,16.6768560847931,16.94763946533203,332561600,1.9898095634916624,0.2813287355394251,0.2534131963518113,True,26.17548033563116,-9.22784087029913,85.15304712756298,16.893276049667552,0.05436341566447922,0.0029553809627089448,17.287906646728516
2014-01-13, $76.5328,94612448, $75.7014, $77.5, $75.6971,16.436471250068163,16.82698068498497,16.43554029036466,16.616992950439453,378492800,0.5234967784813582,0.3914403946203109,0.1805217003712904,True,26.17548033563116,-9.558487385191707,91.364681092869,16.60644724472349,0.010545705715962583,0.0001112119090476859,16.94763946533203
2014-01-10, $76.1343,76235553, $77.1185, $77.2571, $75.8728,16.74416649974745,16.774253731516367,16.473694494640075,16.53045654296875,304976000,-0.667293910640776,0.3005592368762926,-0.2137099567787004,False,26.17548033563116,-9.64502379266241,93.02648396102398,16.690721094366598,-0.160264551397848,0.025684726434753467,16.616992950439453
2014-01-09, $76.6455,69762819, $78.1143, $78.1228, $76.4786,16.960363113067157,16.96222503339305,16.605213406492265,16.641504287719727,279148800,-1.2770033266197522,0.3570116269007855,-0.31885882534743,False,26.17548033563116,-9.533976047911434,90.89669928214893,16.801006196078877,-0.15950190835915024,0.02544085877021076,16.53045654296875
2014-01-08, $77.6371,64158428, $76.9728, $77.9371, $76.9557,16.71253318844471,16.921901481970018,16.708812660976314,16.856765747070312,258529600,0.6333394024421457,0.213088820993704,0.1442325586256032,True,26.17548033563116,-9.318714588560848,86.83844158305678,16.678735582223467,0.1780301648468452,0.03169473959539487,16.641504287719727
2014-01-07, $77.1482,80172914, $77.76, $77.9943, $76.8464,16.88343162069031,16.93429978495346,16.684920216469802,16.75067710876465,317209200,-0.7151820599088365,0.2493795684836577,-0.1327545119256612,False,26.17548033563116,-9.424803226866512,88.82691586515342,16.865286766741782,-0.11460965797713385,0.0131353737016356,16.856765747070312
2014-01-06, $77.7043,103132361, $76.7785, $78.1143, $76.2285,16.67034498675292,16.960357198006893,16.55092702458093,16.871337890625,412610800,0.5452818304901186,0.4094301734259638,0.2009929038720805,True,26.17548033563116,-9.30414244500616,86.56706663696521,16.689544256121245,0.18179363450375519,0.03304892554608493,16.75067710876465
2014-01-03, $77.2828,98046999, $78.98, $79.1, $77.2043,17.148328361425026,17.174381989987175,16.762780047147636,16.77984046936035,392467600,-2.1965851674248027,0.411601942839539,-0.3684878920646746,False,26.17548033563116,-9.395639866270809,88.27804849665735,17.04266339104167,-0.2628229216813196,0.06907588816110506,16.871337890625
2014-01-02, $79.0185,58661530, $79.3828, $79.5757, $78.8601,17.235797200404985,17.2776705233424,17.12227308585688,17.156702041625977,234684800,-1.4063784819675074,0.1553974374855222,-0.0790951587790083,False,26.17548033563116,-9.018778294005184,81.33836191641906,17.06749432484245,0.08920771678352679,0.007958016733729928,16.77984046936035
2013-12-31, $80.1457,55761100, $79.1671, $80.1828, $79.1428,17.188962752672296,17.409495941034454,17.183688416328806,17.401432037353516,223084400,1.1722114926539628,0.2258075247056474,0.2124692846812195,True,26.17548033563116,-8.774048298277645,76.98392354050884,17.169057454168378,0.2323745831851376,0.05399794691046643,17.156702041625977
2013-12-30, $79.2171,63265305, $79.6371, $80.0128, $78.903,17.291006500401537,17.372581447721213,17.13157547583493,17.199813842773438,253629600,-0.9944845522228408,0.2410059718862847,-0.091192657628099,False,26.17548033563116,-8.975666492857723,80.56258899100885,17.32115334127421,-0.12133949850077386,0.014723273896419302,17.401432037353516
2013-12-27, $80.0128,56385717, $80.5457, $80.63, $79.9285,17.488277269462653,17.506576760676282,17.354281990719965,17.372581481933594,225884400,-0.6756562973851743,0.1522947699563168,-0.1156957875290594,False,26.17548033563116,-8.802898853697567,77.49102822842994,17.378815122649407,-0.006233640715812783,3.8858276573838904e-05,17.199813842773438
2013-12-26, $80.5571,50906710, $81.1571, $81.3571, $80.4823,17.621031992785753,17.66445746276453,17.474629435596192,17.490758895874023,204008000,-0.6641602503253297,0.189828027168339,-0.1302730969117291,False,26.17548033563116,-8.684721439757137,75.42438648617728,17.52567376829103,-0.03491487241700497,0.0012190483158957346,17.372581481933594
2013-12-24, $81.0957,41888748, $81.4128, $81.6971, $80.8614,17.676560185350503,17.738285170710427,17.556832399218273,17.607702255249023,167554800,-0.4244483546666733,0.1814527714921538,-0.0688579301014797,False,26.17548033563116,-8.567778080382137,73.40682123467661,17.603185346489802,0.004516908759221394,2.0402464739130953e-05,17.490758895874023
2013-12-23, $81.4414,125072328, $81.1428, $81.5314, $80.3943,17.617928816982342,17.702296642470518,17.455398460900625,17.682756423950195,501306400,3.8377436027246192,0.2468981815698931,0.064827606967853,True,26.17548033563116,-8.492723911680965,72.12635944003763,17.606022602003062,0.07673382194713341,0.005888079430614372,17.607702255249023
2013-12-20, $78.4314,108738663, $77.9185, $78.8014, $77.831,16.917866256714927,17.10955455336894,16.89894557260025,17.029218673706055,436413600,0.8375026061484547,0.2106089807686899,0.1113524169911279,True,26.17548033563116,-9.146261661925106,83.654102388401,17.177039882361584,-0.14782120865552884,0.021851109728381394,17.682756423950195
2013-12-19, $77.78,79939814, $78.5, $78.5714, $77.6757,17.04411147175319,17.05961974411602,16.86514017776126,16.88778305053711,320308800,-1.1456374481908616,0.1944795663547616,-0.1563284212160809,False,26.17548033563116,-9.287697285094051,86.2613208595434,17.030195864121122,-0.1424128135840128,0.020281409472914784,17.029218673706055
2013-12-18, $78.6814,141217062, $78.5285, $78.7785, $76.9714,17.050309778539617,17.104590371342905,16.71221894510561,17.083498001098633,565863200,-0.7603737006386169,0.3923714262372932,0.0331882225590156,True,26.17548033563116,-9.091982334532528,82.66414277145155,16.984679458430165,0.09881854266846801,0.009765104375119833,16.88778305053711
2013-12-17, $79.2843,57137328, $79.4014, $79.92, $79.0535,17.239825796325793,17.35241892893499,17.164452835801278,17.214391708374023,229902400,-0.4502917068299195,0.1879660931337134,-0.0254340879517691,False,26.17548033563116,-8.961088627257137,80.3011093855572,17.176490833638695,0.037900874735328216,0.0014364763057030407,17.083498001098633
2013-12-16, $79.6428,70547981, $79.2885, $80.377, $79.2871,17.215335452428167,17.45168844174277,17.2150256844212,17.29225730895996,282592800,0.5537590968252237,0.2366627573215716,0.0769218565317935,True,26.17548033563116,-8.8832230266712,78.91165134158143,17.206418260376964,0.08583904858299718,0.00736834226163415,17.214391708374023
2013-12-13, $79.2043,82974455, $80.4071, $80.4114, $79.0957,17.458194658948937,17.459125619099645,17.17345503036294,17.1970272064209,332822000,-1.0900049421017188,0.2856705887367035,-0.2611674525280385,False,26.17548033563116,-8.978453129210262,80.61262059342555,17.39163590485657,-0.19460869843567252,0.037872545506826526,17.29225730895996
2013-12-12, $80.0771,65465763, $80.306, $80.7628, $80.0043,17.436170480668075,17.535425395824955,17.37072332884503,17.38654136657715,262290000,-0.1460418997409007,0.1647020669799239,-0.0496291140909264,False,26.17548033563116,-8.788938969054012,77.2454482017562,17.34395202199474,0.04258934458241015,0.0018138522719592688,17.1970272064209
2013-12-11, $80.1943,89783987, $81, $81.5671, $79.9557,17.58690939923748,17.710049530305874,17.3601726654425,17.411970138549805,359718800,-0.7409131796800916,0.3498768648633721,-0.174939260687676,False,26.17548033563116,-8.763510197081356,76.7991109743489,17.50837302831506,-0.09640288976525468,0.009293517155091847,17.38654136657715
2013-12-10, $80.7928,69101620, $80.5114, $81.1257, $80.1714,17.480836906432994,17.61421268012462,17.407014419541355,17.541940689086914,278269600,-0.1553303282683105,0.2071982605832651,0.0611037826539195,True,26.17548033563116,-8.633539646544246,74.53800682845136,17.44829846959983,0.09364221948708362,0.008768865270467144,17.411970138549805
2013-12-09, $80.9185,79945274, $80.1286, $81.3685, $80.1286,17.397704171828234,17.66693543176082,17.397704171828234,17.569231033325195,320493600,1.14455741733841,0.2692312599325852,0.1715268614969609,True,26.17548033563116,-8.606249302305965,74.0675270534419,17.43976527160213,0.1294657617230648,0.016761383458533386,17.541940689086914
2013-12-06, $80.0028,85919076, $80.8271, $80.9643, $79.9385,17.549387955576336,17.579165432150912,17.35646051973219,17.37041664123535,344352400,-1.387521842957662,0.2227049124187203,-0.1789713143409841,False,26.17548033563116,-8.805063694395809,77.52914666236717,17.547970903555225,-0.17755426231987315,0.031525516067954326,17.569231033325195
2013-12-05, $81.1287,111600823, $81.8071, $82.1622, $80.9157,17.762159701497236,17.8393929215986,17.56861117134402,17.614826202392578,447580000,0.5132407895660496,0.2707817502545779,-0.1473334991046577,False,26.17548033563116,-8.560654133238582,73.28479918893483,17.61669574128535,-0.0018695388927731926,3.495175671591615e-06,17.37041664123535
2013-12-04, $80.7143,94279248, $80.7857, $81.3128, $80.1171,17.540389633985253,17.654844716374203,17.395227777314254,17.52488136291504,377809600,-0.2330841101808367,0.2596169390599492,-0.0155082710702139,False,26.17548033563116,-8.650598972716121,74.83286258675722,17.558091764889888,-0.03321040197484848,0.0011029307993310198,17.614826202392578
2013-12-03, $80.9031,112338274, $79.7571, $80.9114, $79.6685,17.31706434221711,17.567686428925164,17.29783388645457,17.565824508666992,450968000,2.737502254813262,0.2698525424705948,0.2487601664498804,True,26.17548033563116,-8.609655826964168,74.12617345877806,17.38134614836713,0.1844783602998632,0.03403226541892614,17.52488136291504
2013-12-02, $78.7471,117918255, $79.7143, $80.6185, $78.6885,17.307760437628968,17.504100268404525,17.085055549847993,17.0977725982666,472544800,-0.870354982747723,0.4190447185565311,-0.2099878393623662,False,26.17548033563116,-9.077707737364559,82.40477776500838,17.38963859271581,-0.291865994449207,0.08518575871582454,17.565824508666992
2013-11-29, $79.4385,79532274, $78.4971, $79.7614, $78.2585,17.04348516289187,17.317989094584547,16.9916860297933,17.24789047241211,318127600,1.8517523600671604,0.3263030647912472,0.20440530952024,True,26.17548033563116,-8.927589863219051,79.70186076585155,17.053804197823258,0.19408627458885164,0.03766948198377912,17.0977725982666
2013-11-27, $77.9943,90644497, $76.6157, $78, $76.2,16.634990413128726,16.93554973374886,16.544728692672653,16.934309005737305,363448400,2.354741647644732,0.3908210410762081,0.2993185926085786,True,26.17548033563116,-9.241171329893856,85.39924754845218,16.840734502403066,0.09357450333423856,0.008756187674249422,17.24789047241211
2013-11-26, $76.2,99957720, $74.8743, $76.5914, $74.8571,16.256881328266626,16.62971252465814,16.25316080190996,16.544723510742188,401382800,1.844428883606964,0.3765517227481787,0.2878421824755612,True,26.17548033563116,-9.630756824888973,92.75147702014553,16.484983654298716,0.05973985644347124,0.003568850447886552,16.934309005737305
2013-11-25, $74.82,57270811, $74.4314, $75.1243, $74.4285,16.160726482374717,16.31116097075591,16.16010694685536,16.245094299316406,229311600,0.7579404282885616,0.1510540239005493,0.0843678169416897,True,26.17548033563116,-9.930386036314754,98.61256683023505,16.285972101789294,-0.04087780247288819,0.001670994735012464,16.544723510742188
2013-11-22, $74.2571,55833466, $74.2171, $74.5943, $74.0757,16.114207282994688,16.19609368170464,16.08350050467077,16.122892379760742,223725600,-0.2571025630254686,0.1125931770338688,0.0086850967660545,True,26.17548033563116,-10.052587955870418,101.054524610511,16.150753637834196,-0.027861258073453854,0.0007762497014355976,16.245094299316406
2013-11-21, $74.448,65382638, $73.9428, $74.4585, $73.3814,16.054649675713513,16.16662328685719,15.932751898874203,16.164451599121094,262026800,1.192211731119852,0.2338713879829885,0.1098019234075806,True,26.17548033563116,-10.011028736510067,100.22069636323035,16.069211733277676,0.0952398658434177,0.009070632045872202,16.122892379760742
2013-11-20, $73.5714,48459468, $74.1757, $74.3457, $73.4757,16.10521169932425,16.14212377306027,15.953226653985666,15.974007606506348,193916800,-0.87573386155545,0.1888971190746033,-0.131204092817903,False,26.17548033563116,-10.201472729124813,104.07004584307725,16.116652935574542,-0.14264532906819483,0.020347689904973588,16.164451599121094
2013-11-19, $74.2214,52105335, $74.1471, $74.7685, $73.9957,16.09900382506188,16.233930066556702,16.066125368533015,16.11513328552246,208938800,0.1774126844555912,0.1678046980236871,0.0161294604605792,True,26.17548033563116,-10.0603470501087,101.21058276863081,16.045899857192673,0.06923342832978818,0.004793267598295917,15.974007606506348
2013-11-18, $74.0898,60997871, $74.9985, $75.3128, $74.0285,16.283865987808575,16.352104343935935,16.07325704966146,16.086593627929688,244944000,-1.2114644256191245,0.2788472942744739,-0.1972723598788874,False,26.17548033563116,-10.088886707701473,101.78563500083547,16.215561084200402,-0.12896745627071482,0.016632604776938738,16.11513328552246
2013-11-15, $74.9987,79339984, $75.2257, $75.5843, $74.9271,16.333184560875086,16.411037317039725,16.268358615946642,16.28386688232422,317920400,-0.6002451277455023,0.1426787010930823,-0.0493176785508673,False,26.17548033563116,-9.891613453306942,97.84401670964289,16.237636757959066,0.04623012436515239,0.002137224398817457,16.086593627929688
2013-11-14, $75.4514,70401611, $74.6871, $75.6114, $74.5528,16.21625574870431,16.416938973031296,16.18709946522147,16.382200241088867,282419200,1.4463172550575054,0.2298395078098281,0.1659444923845576,True,26.17548033563116,-9.793280094542293,95.90833501015831,16.230702091950313,0.15149814913855408,0.022951689192407577,16.28386688232422
2013-11-13, $74.3763,49154022, $74, $74.6071, $73.8514,16.067063039168602,16.19888834465956,16.03480410477389,16.148639678955078,197220800,0.1193053963903789,0.1640842398856712,0.0815766397864763,True,26.17548033563116,-10.026840656676082,100.53753355437244,16.16812468484208,-0.019485005887002416,0.0003796654544165188,16.382200241088867
2013-11-12, $74.2871,51067815, $73.9528, $74.8457, $73.8571,16.056814721980196,16.250674629642674,16.036033782711932,16.129396438598633,204276800,0.1848986155646548,0.2146408469307417,0.072581716618437,True,26.17548033563116,-10.046083897032528,100.92380166621626,16.079639471060368,0.04975696753826497,0.002475755818603954,16.148639678955078
2013-11-11, $74.1497,56747589, $74.2843, $74.5243, $73.4871,16.128784728046046,16.180893647204616,15.95570731441967,16.099628448486328,227452400,-0.2900514045651281,0.225186332784947,-0.029156279559718,False,26.17548033563116,-10.075851887144832,101.52279125168008,16.119702873475823,-0.0200744249894953,0.00040298253865887334,16.129396438598633
2013-11-08, $74.3657,69617240, $73.5114, $74.4471, $73.2271,15.96097683004011,16.164141443071696,15.899251867050832,16.146461486816406,279316800,1.574651416663131,0.2648895760208631,0.1854846567762962,True,26.17548033563116,-10.029018848814754,100.58121906988161,16.000143195210004,0.14631829160640208,0.021409042458616113,16.099628448486328
2013-11-07, $73.2131,65542966, $74.2257, $74.7414, $73.1971,16.116067807533764,16.22803978255813,15.892741736716983,15.89615249633789,262620400,-1.618285185977841,0.3352980458411476,-0.2199153111958729,False,26.17548033563116,-10.27932783929327,105.66458082766964,16.117410795300124,-0.22125829896223337,0.04895523485966104,16.146461486816406
2013-11-06, $74.4171,55716622, $74.8785, $74.98, $74.0285,16.257814885725708,16.279838218679913,16.073261177733155,16.157629013061523,223375600,-0.2832972232469699,0.2065770409467582,-0.1001858726641842,False,26.17548033563116,-10.017851322569637,100.35734512111023,16.121906309576616,0.03572270348490747,0.0012761115442706202,15.89615249633789
2013-11-05, $75.0641,66243519, $74.94, $75.555, $74.7143,16.17670522022959,16.309614750048386,16.12798177203449,16.203533172607422,265213200,-0.2467728485050058,0.1816329780138943,0.0268279523778325,True,26.17548033563116,-9.971947163023739,99.43973022213719,16.16075763627542,0.04277553633200171,0.001829746508490398,16.157629013061523
2013-11-04, $75.25,61011871, $74.4428, $75.26, $74.1157,16.06938623078245,16.245777092939413,15.998768950744836,16.24361801147461,244627600,1.2922100234677991,0.2470081421945771,0.1742317806921605,True,26.17548033563116,-9.931862324156551,98.64188922600037,16.10704532469073,0.1365726867838788,0.01865209877536746,16.203533172607422
2013-11-01, $74.29,68524519, $74.86, $74.9714, $73.6914,16.15943543897481,16.183488369258107,15.907185170388583,16.036394119262695,274890000,-0.5108003260261396,0.2763031988695239,-0.1230413197121151,False,26.17548033563116,-10.139086216368465,102.801069302953,16.17964994232264,-0.14325582305994544,0.020522230840582398,16.24361801147461
2013-10-31, $74.6717,68774804, $75, $75.3557, $74.4671,16.189655547634885,16.266440469942516,16.074631325587617,16.118728637695312,275696400,-0.4191399300482956,0.1918091443548988,-0.0709269099395726,False,26.17548033563116,-10.056751697935848,101.13825471393557,16.126708979599897,-0.00798034190458452,6.368585691406768e-05,16.036394119262695
2013-10-30, $74.9851,88125406, $74.23, $75.36, $73.86,16.02344294253342,16.26736650034734,15.94357337995332,16.186573028564453,354163600,1.5909631916444231,0.3237931203940203,0.1631300860310318,True,26.17548033563116,-9.988907307066707,99.77826918917066,16.04745825577536,0.13911477278909246,0.01935292000816082,16.118728637695312
2013-10-29, $73.8111,158499648, $76.61, $77.0357, $73.5057,16.537189894342696,16.62908507525768,15.867092389251324,15.933083534240724,635807200,-2.491197561230696,0.7619926860063568,-0.6041063601019712,False,26.17548033563116,-10.242396801390436,104.90669223713303,16.40533320345035,-0.4722496692096261,0.22301975006860125,16.186573028564453
2013-10-28, $75.6965,124205797, $75.5771, $75.8571, $74.7443,16.31424487367872,16.374687661917953,16.134462945792627,16.34014892578125,550440800,0.7453345444333737,0.2402247161253257,0.0259040521025291,True,26.17548033563116,-9.83533140984991,96.73374394158023,16.171542323918153,0.16860660186309673,0.028428186191820814,15.933083534240724
2013-10-25, $75.1368,84316215, $75.9021, $76.1757, $75.0157,16.38454869589967,16.443448321225066,16.193049156328822,16.219261169433594,337792000,-1.1186008541400172,0.250399164896244,-0.1652875264660771,False,26.17548033563116,-9.956219166197567,99.12630008535977,16.359865553764593,-0.14060438433099876,0.019769592893099208,16.34014892578125
2013-10-24, $75.9871,96004539, $75, $76.0671, $74.6357,16.189655336002666,16.42001174681125,16.111020949474334,16.402742385864258,384764800,1.3238804165893958,0.3089907973369179,0.213087049861592,True,26.17548033563116,-9.772737949766903,95.5064070348142,16.190770383426866,0.2119720024373919,0.04493212981731767,16.219261169433594
2013-10-23, $74.9943,78237833, $74.1428, $75.0957, $74.1428,16.004634865125237,16.21032247276975,16.004634865125237,16.188426971435547,313723200,0.9791075731017118,0.2056876076445135,0.1837921063103103,True,26.17548033563116,-9.987053364195614,99.74123489929093,16.134721703282512,0.05370526815303478,0.002884255827389372,16.402742385864258
2013-10-22, $74.2668,133200030, $75.2007, $75.4928, $72.5757,16.233139093436286,16.296047270661624,15.666346265080918,16.031461715698242,534063600,-0.2857688240781364,0.6297010055807064,-0.2016773777380436,False,26.17548033563116,-10.144018619932918,102.90111376154574,16.208247651790924,-0.17678593609268134,0.03125326720016561,16.188426971435547
2013-10-21, $74.4803,98700380, $73.11, $74.9, $73.0743,15.781674333315864,16.16806759373652,15.77396520979207,16.07740592956543,398106800,2.45042892320706,0.3941023839444497,0.2957315962495652,True,26.17548033563116,-10.09807440606573,101.97110671043976,15.859656417292044,0.2177495122733859,0.04741485009529744,16.031461715698242
2013-10-18, $72.6985,72195292, $72.2843, $72.7514, $72.2443,15.603435318243712,15.704273165765429,15.594800638034066,15.692863464355469,290542000,0.8701598808671163,0.1094725277313628,0.0894281461117572,True,26.17548033563116,-10.482616871275692,109.88525646995377,15.759836329261955,-0.0669728649064858,0.004485364633782397,16.07740592956543
2013-10-17, $72.0714,63116954, $71.4257, $72.1114, $71.3828,15.418103312315996,15.566123122534696,15.408852691763707,15.557488441467283,253593200,0.6765043625206246,0.1572704307709891,0.1393851291512877,True,26.17548033563116,-10.617991894163877,112.7417518645298,15.504596368453594,0.052892073013689256,0.0027975713876854354,15.692863464355469
2013-10-16, $71.5877,62449609, $71.5414, $71.79, $71.3186,15.443080364234357,15.49673791100395,15.39497450679782,15.452948570251465,251101200,0.4872801064333742,0.1017634042061299,0.0098682060171082,True,26.17548033563116,-10.722531765379696,114.97268745957662,15.473415581588888,-0.020467011337423457,0.00041889855308622034,15.557488441467283
2013-10-15, $71.24,79715744, $71.0721, $71.7143, $70.7886,15.341934344589747,15.480395564688571,15.28056931471009,15.37801456451416,320073600,0.5322060271503393,0.1998262499784804,0.036080219924413,True,26.17548033563116,-10.797465771117,116.58526707844324,15.371014583276548,0.006999981237612474,4.8999737326926656e-05,15.452948570251465
2013-10-14, $70.8628,65216780, $69.9757, $71.0828, $69.9071,15.105105551418966,15.344095037636878,15.09030323944483,15.296605110168455,261898000,0.6554733350728759,0.2537917981920472,0.1914995587494896,True,26.17548033563116,-10.878875225462705,118.34992617118623,15.190745719692151,0.10585939047630433,0.011206210552014671,15.37801456451416
2013-10-11, $70.4017,66797100, $69.57, $70.5486, $69.3086,15.01751905192611,15.228754916918968,14.96108650201035,15.196992874145508,267738800,0.6473942350459172,0.2676684149086181,0.1794738222193981,True,26.17548033563116,-10.978487461485653,120.52718694199768,15.105265949820486,0.09172692432502139,0.0084138286461282,15.296605110168455
2013-10-10, $69.9483,69186523, $70.1886, $70.34, $69.5771,15.151049332721607,15.183735291286224,15.019063738360478,15.099241256713867,278602800,0.6267986036172069,0.1646715529257463,-0.0518080760077399,False,26.17548033563116,-11.076239078917293,122.6830721333346,15.157209510797726,-0.05796825408385864,0.0033603184815307937,15.196992874145508
2013-10-09, $69.5126,75304273, $69.2343, $69.6843, $68.3257,14.945055795355533,15.042193068457255,14.748930137033703,15.005188941955566,301725200,1.174743714260451,0.293262931423552,0.0601331466000338,True,26.17548033563116,-11.170291393675594,124.77540981962305,14.98900049739829,0.01618844455727597,0.00026206573718399806,15.099241256713867
2013-10-08, $68.7057,72260532, $69.9914, $70.0914, $68.6486,15.10849828230058,15.130085813239864,14.818627873342429,14.830963134765623,290917200,-1.3961811844993233,0.3114579398974353,-0.277535147534957,False,26.17548033563116,-11.344517200865537,128.69807052073403,15.062344765143898,-0.23138163037827475,0.053537458876508556,15.005188941955566
2013-10-07, $69.6786,77889233, $69.5086, $70.3786, $69.3357,15.004266059945234,15.19206502038437,14.96695231427148,15.04096221923828,312292400,0.9771837649175996,0.2251127061128883,0.0366961592930454,True,26.17548033563116,-11.134518116392881,123.97749368428127,14.933524491679698,0.10743772755858139,0.011542865302951958,14.830963134765623
2013-10-04, $69.0043,64638089, $69.1228, $69.2286, $68.3714,14.921001144831276,14.943820545679548,14.758796640721368,14.89540672302246,258868400,-0.0786500896281072,0.1850239049581805,-0.0255944218088171,False,26.17548033563116,-11.280073612608701,127.24006070587112,14.952940733901892,-0.057534010879432884,0.0033101624078747016,15.04096221923828
2013-10-03, $69.0586,78802384, $70.0728, $70.3357, $68.6769,15.12607633151562,15.182818536738525,14.824796203255683,14.90713119506836,322753200,-1.256206602110821,0.3580223334828414,-0.2189451364472603,False,26.17548033563116,-11.268349140562801,126.97569235362242,15.035317753384982,-0.12818655831662262,0.016431793733060893,14.89540672302246
2013-10-02, $69.9371,71799162, $69.3757, $70.2571, $69.1071,14.975587699596522,15.165853720712311,14.917613628140469,15.09677791595459,289184000,0.3279234405463072,0.2482400925718426,0.1211902163580678,True,26.17548033563116,-11.07870241967657,122.73764730374751,14.94155694686548,0.15522096908910932,0.02409354924496223,14.90713119506836
2013-10-01, $69.7086,88194286, $68.35, $69.8771, $68.3401,14.754169332031047,15.08382203311196,14.75201025061304,15.047433853149414,353883600,2.3513123007657954,0.3318117824989208,0.2932645211183668,True,26.17548033563116,-11.128046482481746,123.83341851627436,14.863997308047338,0.18343654510207585,0.03364896607898591,15.09677791595459
2013-09-30, $68.1071,64764985, $68.1786, $68.8086, $67.773,14.717168050402163,14.853160561819298,14.629589367118598,14.701749801635742,260156400,-1.2428957822133158,0.2235711947006997,-0.0154182487664211,False,26.17548033563116,-11.473730533995418,131.64649236673878,14.82264796978422,-0.12089816814847865,0.014616367061657816,15.047433853149414
2013-09-27, $68.9643,56787853, $69.1114, $69.2386, $68.6743,14.918538984543469,14.945984527255042,14.824176712671576,14.8867769241333,228040400,-0.7136190917849228,0.121807814583466,-0.031762060410168,False,26.17548033563116,-11.28870341149786,127.43482471276342,14.832507432383757,0.054269491749543874,0.0029451777347538105,14.701749801635742
2013-09-26, $69.46,59050786, $69.4286, $69.7943, $69.1286,14.986991801147534,15.065934136882095,14.92223253787398,14.993775367736816,237221600,0.9739529920238744,0.143701599008116,0.0067835665892825,True,26.17548033563116,-11.181704967894344,125.03052598903305,14.941842979781256,0.05193238795555999,0.002696972918766792,14.8867769241333
2013-09-25, $68.79,79011544, $69.8857, $69.9486, $68.7757,15.085675643711596,15.099242779995176,14.846068620417364,14.849151611328123,316957200,-1.5477845750146213,0.2531741595778118,-0.2365240323834729,False,26.17548033563116,-11.326328724303037,128.28572237097208,15.043504018120778,-0.19435240679265497,0.03777285802609764,14.993775367736816
2013-09-24, $69.8714,90481397, $70.6971, $70.7814, $69.6886,15.260838164755835,15.279031442416375,15.043126538039544,15.082597732543944,364344400,-0.3138346956578886,0.2359049043768308,-0.1782404322118917,False,26.17548033563116,-11.092882603087217,123.05204444587503,15.106754174973176,-0.024156442429232428,0.0005835337108368206,14.849151611328123
2013-09-23, $70.0914,189942957, $70.8714, $70.9871, $68.9428,15.298453326344774,15.323431811347955,14.882147438820894,15.130081176757812,762106800,4.969938577688393,0.4412843725270612,-0.1683721495869612,False,26.17548033563116,-11.045399158873348,122.00084257884006,15.212996927698327,-0.08291575094051495,0.006875021754029507,15.082597732543944
2013-09-20, $66.7728,174425492, $68.2857, $68.3643, $66.5714,14.74029589756734,14.757255642376412,14.370246386994967,14.41372776031494,699302800,-1.0353906171118088,0.3870092553814448,-0.3265681372523996,False,26.17548033563116,-11.76175257531622,138.33882364295775,14.86664163907379,-0.45291387875885114,0.20513098157238732,15.130081176757812
2013-09-19, $67.4714,100811930, $67.2428, $67.9757, $67.0357,14.515188109132875,14.673384143128189,14.470473194873566,14.56452751159668,404541200,1.6398529018710528,0.2029109482546225,0.0493394024638043,True,26.17548033563116,-11.61095282403448,134.81422548195428,14.469294868460054,0.09523264313662594,0.009069256318787947,14.41372776031494
2013-09-18, $66.3828,113636704, $66.1686, $66.6214, $65.8086,14.283287664998818,14.381042543636864,14.205577172497264,14.329544067382812,456862000,2.055701314328462,0.1754653711395999,0.0462564023839942,True,26.17548033563116,-11.845936268248348,140.3262060714016,14.371309587287168,-0.04176551990435584,0.001744358652881144,14.56452751159668
2013-09-17, $65.0457,99704600, $63.9943, $65.6728, $63.9286,13.813941160550854,14.176281592179167,13.799756435316938,14.040904998779297,399380800,1.155260700758021,0.376525156862229,0.2269638382284426,True,26.17548033563116,-12.134575336851864,147.24791860573353,13.983758077642975,0.05714692113632225,0.0032657705953610346,14.329544067382812
2013-09-16, $64.3028,136563951, $65.8571, $65.9443, $63.8886,14.216060919292117,14.234870129799685,13.791120323791226,13.880548477172852,543706800,-3.1791898862807977,0.4437498060084586,-0.3355124421192652,False,26.17548033563116,-12.294931858458309,151.16534940413308,14.14415548143285,-0.26360700425999894,0.0694886526949311,14.040904998779297
2013-09-13, $66.4143,74495492, $67.0486, $67.4042, $66.3857,14.473245646660748,14.550030582470049,14.33016156961786,14.33632755279541,298835600,-1.648022329369847,0.2198690128521878,-0.1369180938653382,False,26.17548033563116,-11.83915278283575,140.16553861532748,14.255236124220344,0.0810914285750659,0.006575819788345015,13.880548477172852
2013-09-12, $67.5271,100856800, $66.9286, $67.9143, $66.5728,14.44734342149763,14.66012089750312,14.37055683786497,14.576552391052246,404051200,1.064773571303257,0.289564059638149,0.1292089695546163,True,26.17548033563116,-11.598927944578914,134.53512946353365,14.398058408699558,0.17849398235268765,0.03186010173612157,14.33632755279541
2013-09-11, $66.8157,224172687, $66.7157, $67.67, $66.4014,14.401392782868442,14.6073866576081,14.333550508515822,14.422980308532717,898696400,-5.444373134696956,0.2738361490922774,0.021587525664275,True,26.17548033563116,-11.752500027098444,138.1212568869489,14.452330061198067,-0.029349752665350337,0.0008614079815172392,14.576552391052246
2013-09-10, $70.6628,185372026, $72.3143, $72.4928, $69.9286,15.609914979597203,15.648462257413351,15.094930199066184,15.25343418121338,743195600,-2.277913360463979,0.5535320583471677,-0.3564807983838225,False,26.17548033563116,-10.92204615441778,119.29109219923221,15.184475912238124,0.06895826897525659,0.004755242860063835,14.422980308532717
2013-09-09, $72.31,84479315, $72.1428, $72.56, $71.9257,15.572913295094654,15.662959074656236,15.52604093917794,15.608993530273438,340687200,1.595683565682715,0.1369181354782949,0.0360802351787832,True,26.17548033563116,-10.566486805357723,111.65064340779885,15.451334990719266,0.15765853955417164,0.024856215094354303,15.25343418121338
2013-09-06, $71.1743,89482147, $71.2057, $71.34, $69.9928,15.37062055292864,15.39960595085442,15.108809946164037,15.363835334777832,359525600,0.5956820311672661,0.2907960046903834,-0.0067852181508083,False,26.17548033563116,-10.811645000853328,116.89166762447677,15.444335533948198,-0.08050019917036622,0.00648028206646863,15.608993530273438
2013-09-05, $70.7528,58779242, $71.4643, $71.5257, $70.52,15.426429157460404,15.439689971507883,15.22259272493973,15.272857666015623,236367600,-0.6858149117085488,0.2170972465681533,-0.1535714914447812,False,26.17548033563116,-10.902622669615537,118.86718107601463,15.394746624593841,-0.12188895857821791,0.014856918223282521,15.363835334777832
2013-09-04, $71.2416,86016026, $71.3657, $71.7485, $70.8971,15.405154111472068,15.48779870836386,15.304006624179744,15.378324508666992,345032800,2.0692430654835725,0.183792084184116,-0.0268296028050762,False,26.17548033563116,-10.797155826964168,116.57857395174629,15.349039631319489,0.029284877347503624,0.0008576040412583309,15.272857666015623
2013-09-03, $69.7971,82966965, $70.4428, $71.5143, $69.6214,15.20594591204764,15.437226310412012,15.028631049761454,15.066560745239258,331928800,0.2791591508026769,0.4085952606505572,-0.1393851668083829,False,26.17548033563116,-11.108919590391903,123.408094465793,15.25643436187314,-0.18987361663388214,0.036051990293630445,15.378324508666992
2013-08-30, $69.6023,68053649, $70.2857, $70.4214, $69.5,15.172020369762109,15.20131537335314,15.00241468363538,15.024618148803713,272297200,-0.9111334209429444,0.1989006897177603,-0.147402220958396,False,26.17548033563116,-11.150862186827448,124.34172750961821,15.125155052996096,-0.10053690419238315,0.010107669104588428,15.066560745239258
2013-08-29, $70.2428,59804259, $70.2357, $70.9286, $70.1614,15.161229729246465,15.310791046708564,15.14519389173101,15.162771224975586,239657600,0.1629891833191177,0.1655971549775543,0.0015414957291213,True,26.17548033563116,-11.012709110655575,121.2797619559163,15.103444288079103,0.05932693689648261,0.0035196854415192294,15.024618148803713
2013-08-28, $70.128,76746763, $69.4286, $70.8286, $69.4286,14.986994979242818,15.289202193777056,14.986994979242818,15.138097763061523,307608000,0.4727714603316224,0.3022072145342385,0.1511027838187058,True,26.17548033563116,-11.037382572569637,121.82381405326394,15.038530700636722,0.09956706242480173,0.009913599919904365,15.162771224975586
2013-08-27, $69.7986,105846822, $71.1428, $71.7871, $69.4714,15.357045906451342,15.496124724540358,14.996248617786144,15.066865921020508,424188800,-2.8590229380232257,0.4998761067542148,-0.290179985430834,False,26.17548033563116,-11.108614414610653,123.40131421249558,15.270544396876275,-0.20367847585576726,0.04148492152692837,15.138097763061523
2013-08-26, $71.8528,82354395, $71.5357, $72.8857, $71.5,15.44184935241981,15.733264506390194,15.434140226938112,15.510309219360352,330965600,0.3892181822962692,0.2991242794520818,0.0684598669405414,True,26.17548033563116,-10.665171116270809,113.74587493933713,15.300741319618936,0.20956789974141543,0.04391870460202795,15.066865921020508
2013-08-23, $71.5743,55559766, $71.8957, $71.9071, $71.3357,15.5195581001164,15.522025151745645,15.39867586407724,15.45017433166504,222731600,-0.3857491703158522,0.1233492876684039,-0.0693837684513596,False,26.17548033563116,-10.72530600396612,115.0321888787117,15.50662405522564,-0.05644972356059874,0.0031865712900680165,15.510309219360352
2013-08-22, $71.8514,60866474, $72.14, $72.2271, $71.1714,15.5722962985906,15.591107163034902,15.363217706943107,15.510004043579102,244207600,0.1194347432657894,0.2278894560917947,-0.0622922550114992,False,26.17548033563116,-10.665476292052059,113.75238453632454,15.519855268307058,-0.00985122472795652,9.704662864070201e-05,15.45017433166504
2013-08-21, $71.7657,83783025, $71.9414, $72.45, $71.6,15.529431504488898,15.63921204494109,15.455729547569105,15.491501808166504,335879600,0.2574943540412766,0.183482497371985,-0.0379296963223936,False,26.17548033563116,-10.683978527464657,114.14739717532585,15.512938171856597,-0.02143636369009272,0.00045951768825392553,15.510004043579102
2013-08-20, $71.5814,89508677, $72.8157, $72.9385, $71.5457,15.718151128338938,15.744671107653875,15.44400539172322,15.451714515686035,358688400,-1.3136819475383588,0.3006657159306556,-0.2664366126529032,False,26.17548033563116,-10.723765819945125,114.99915336102335,15.629187578849063,-0.1774730631630277,0.03149668814846802,15.491501808166504
2013-08-19, $72.5343,127401718, $72.0485, $73.3914, $72,15.552554936435495,15.842426938692798,15.542070789613025,15.657402992248535,510518400,1.0769717794275602,0.3003561490797732,0.10484805581304,True,26.17548033563116,-10.518077343382625,110.6299510013789,15.507556313807221,0.14984667844131394,0.02245402703989454,15.451714515686035
2013-08-16, $71.7614,90314517, $71.45, $71.8485, $71.2657,15.423347537386633,15.509384743425157,15.383568381254506,15.49057388305664,362306000,0.8877388903447025,0.1258163621706511,0.0672263456700079,True,26.17548033563116,-10.68490645257452,114.1672259002686,15.495584447451659,-0.0050105643950182355,2.5105755556624455e-05,15.657402992248535
2013-08-15, $71.13,122386917, $70.9171, $71.7713, $69.869,15.308321298637765,15.492729280344165,15.08197344158521,15.354268074035645,490294000,-0.1183433934937028,0.4107558387589538,0.0459467753978799,True,26.17548033563116,-10.821212261595516,117.09863481050515,15.362335635567373,-0.008067561531728273,6.508554906822184e-05,15.49057388305664
2013-08-14, $71.2143,188427037, $71.1257, $72.0357, $70.4857,15.353341542953965,15.549775131960434,15.215189976847094,15.37246036529541,756372400,1.8240236122276432,0.3345851551133396,0.0191188223414453,True,26.17548033563116,-10.80301997033575,116.70524047947303,15.343863576905235,0.028596788390174765,0.0008177763062324343,15.354268074035645
2013-08-13, $69.9386,219450906, $67.2771, $70.6657, $66.8643,14.522584077969322,15.254048404441184,14.4334622511259,15.097085952758787,881941200,4.752195847124807,0.8205861533152845,0.5745018747894655,True,26.17548033563116,-11.078394382872373,122.73082210245815,14.809965610030435,0.2871203427283522,0.08243809120844642,15.37246036529541
2013-08-12, $66.7657,90984207, $65.2657, $66.95, $65.2328,14.088397227685116,14.45196959780602,14.081304040460363,14.412190437316896,364434000,2.840837598498136,0.3706655573456565,0.3237932096317806,True,26.17548033563116,-11.763289898314264,138.37498923178242,14.431130004540687,-0.018939567223791087,0.0003587072066245016,15.097085952758787
2013-08-09, $64.9214,66643940, $65.52, $65.78, $64.8071,14.143282316752266,14.199406916936526,13.989404502901614,14.014073371887209,266865200,-1.4229745159688223,0.2100024140349123,-0.1292089448650575,False,26.17548033563116,-12.161406963743952,147.89981933779987,14.226892789013231,-0.21281941712602226,0.04529210430585986,14.412190437316896
2013-08-08, $65.8586,63939790, $66.265, $66.3, $65.4214,14.304255331710458,14.311656486666225,14.122004772994392,14.216368675231934,255777200,-0.1991739403092718,0.1896517136718323,-0.0878866564785241,False,26.17548033563116,-11.959111660399227,143.02035170589676,14.192111845609638,0.024256829622295584,0.0005883937833250766,14.014073371887209
2013-08-07, $66.4257,74622262, $66.2571, $66.7143, $65.9671,14.208590977454222,14.306624125734102,14.146401388187606,14.24474048614502,298858000,-0.0580046170845394,0.1602227375464959,0.0361495086907979,True,26.17548033563116,-11.930739849486141,142.34255335611658,14.200765522834182,0.04397496331083772,0.0019337973981895238,14.216368675231934
2013-08-06, $66.4643,83703085, $66.86, $67.4128, $66.0243,14.337867175968867,14.456425091133497,14.15865107598518,14.253007888793944,334857600,-0.894711088721345,0.2977740151483168,-0.0848592871749236,False,26.17548033563116,-11.922472446837217,142.14534924559263,14.29477756410131,-0.04176967530736597,0.0017447057752827786,14.24474048614502
2013-08-05, $67.0643,79577704, $66.3843, $67.2386, $66.0214,14.235858901692312,14.419057345754773,14.158046232570198,14.38168239593506,318855600,1.493965430386468,0.2610111131845745,0.1458234942427481,True,26.17548033563116,-11.7937979396961,139.09366984237997,14.231334181576155,0.150348214358905,0.022604585560911248,14.253007888793944
2013-08-02, $66.0771,68411287, $65.43, $66.1214, $65.2371,14.031210896714278,14.179485205330169,13.989853707651498,14.169987678527832,274783600,1.2831706903587925,0.1896314976786701,0.1387767818135543,True,26.17548033563116,-12.005492657103328,144.13185393976192,14.14332126636208,0.026666412165752718,0.0007110975377938046,14.38168239593506
2013-08-01, $65.2394,51386070, $65.1076, $65.2571, $64.7514,13.961976808599749,13.994142421649462,13.885693913968872,13.990466117858888,206250800,0.917054608534773,0.1084485076805901,0.0284893092591396,True,26.17548033563116,-12.185014217772272,148.4745714873124,14.024135503225217,-0.0336693853663288,0.0011336275109463557,14.169987678527832
2013-07-31, $64.6471,80624904, $64.9986, $65.3346, $64.2043,13.93869521338518,14.010686641370317,13.768363056299036,13.86333179473877,322957600,-0.1742876062764686,0.242323585071281,-0.0753634186464111,False,26.17548033563116,-12.312148540892391,151.58900169299864,13.946105098373991,-0.0827733036352214,0.0068514197946885555,13.990466117858888
2013-07-30, $64.76,77240193, $64.28, $65.3071, $64.1757,13.784601155388382,14.004868575113564,13.76223737792256,13.88753604888916,309422400,1.2349828714829147,0.2426311971910042,0.1029348935007785,True,26.17548033563116,-12.287944286742,150.99357479407536,13.801354879081941,0.0861811698072188,0.00742719402934068,13.86333179473877
2013-07-29, $63.97,62006404, $62.9714, $64.2843, $62.8857,13.503979434270128,13.785516885008796,13.48559873418282,13.718119621276855,248057600,1.5419820891535485,0.2999181508259756,0.214140187006727,True,26.17548033563116,-12.457360714354305,155.185835967538,13.627335795866983,0.09078382540987207,0.008241702956050133,13.88753604888916
2013-07-26, $62.9986,50020601, $62.1857, $63.0057, $62.0486,13.33548652524852,13.511332295132773,13.306076913728557,13.509800910949709,200152400,0.5678377079989971,0.2052553814042159,0.174314385701189,True,26.17548033563116,-12.665679424681452,160.41943528879906,13.458409328742677,0.05139158220703166,0.0026410947217420933,13.718119621276855
2013-07-25, $62.6428,57358143, $62.9571, $63.0571, $62.2586,13.50091840755088,13.522362696760185,13.35111187859564,13.433520317077637,229493600,-0.4562904774238041,0.1712508181645446,-0.0673980904732438,False,26.17548033563116,-12.741960018553524,162.35754511441652,13.493017844318008,-0.05949752724037083,0.0035399557477186687,13.509800910949709
2013-07-24, $62.93,147906334, $62.7043, $63.5128, $62.18,13.446693307805663,13.6200882273721,13.334262537406389,13.495097160339355,591936800,5.136165284763949,0.2858256899657121,0.048403852533692,True,26.17548033563116,-12.680383175291805,160.79211747222348,13.431030905982773,0.06406625435658242,0.004104484947282316,13.433520317077637
2013-07-23, $59.8557,88619467, $60.8571, $60.9943, $59.8157,13.050579924148607,13.079989536549594,12.82724978523958,12.835827827453612,369395600,-1.7170492465505616,0.2527397513100133,-0.2147520966949958,False,26.17548033563116,-13.339652508177549,177.9463290389276,13.194995772928404,-0.3591679454747929,0.1290016130565838,13.495097160339355
2013-07-22, $60.9014,51912282, $61.3514, $61.3928, $60.7811,13.156576683224174,13.16546067447102,13.03434245301366,13.060075759887695,207796400,0.3200399918129148,0.1311182214573616,-0.0965009233364782,False,26.17548033563116,-13.115404575743465,172.01383718543264,13.032975591439492,0.027100168448203732,0.000734419129921017,12.835827827453612
2013-07-19, $60.7071,67137272, $61.8714, $61.9971, $60.6214,13.268087765551066,13.295046504903436,13.000030119943869,13.01841163635254,268721600,-1.5772890222809477,0.2950163849595668,-0.2496761291985247,False,26.17548033563116,-13.15706869927862,173.1084567575372,13.184053195305706,-0.16564155895316546,0.027437126052434986,13.060075759887695
2013-07-18, $61.6797,54658172, $61.9114, $62.1243, $61.5157,13.276668763151656,13.322314981473566,13.191810268103591,13.22704029083252,218878800,0.3369751682289479,0.1305047133699748,-0.0496284723191369,False,26.17548033563116,-12.948440044798641,167.66209959374504,13.175038047713478,0.052002243119041225,0.0027042332894118702,13.01841163635254
2013-07-17, $61.4728,49737479, $61.3857, $61.7457, $61.1743,13.163931488693493,13.241132240255038,13.11859122192688,13.182618141174316,198990400,0.0255509518977792,0.1225410183281567,0.0186866524808237,True,26.17548033563116,-12.992862194456844,168.8144680041459,13.174807283566555,0.00781085760776179,6.100949656873023e-05,13.22704029083252
2013-07-16, $61.4564,54028599, $60.9314, $61.53, $60.5957,13.066512347512608,13.194873784366598,12.994520095483855,13.179250717163086,216538000,0.6457316123728463,0.2003536888827426,0.1127383696504775,True,26.17548033563116,-12.996229618468075,168.90198429594685,13.095890300906824,0.08336041625626223,0.006948958998417308,13.182618141174316
2013-07-15, $61.0628,60473991, $60.7157, $61.6371, $60.6857,13.020251847507556,13.217847862850483,13.013817906723308,13.094694137573242,241917200,0.218043942781021,0.2040299561271759,0.0744422900656864,True,26.17548033563116,-13.080786198057918,171.10696755930252,13.064625789094421,0.030068348478820894,0.0009041055802438108,13.179250717163086
2013-07-12, $60.93,69863934, $61.0928, $61.3986, $60.4871,13.101128139862553,13.166687256303891,12.971235341606707,13.066204071044922,279563200,-0.1825445557047889,0.195451914697184,-0.0349240688176308,False,26.17548033563116,-13.109276264586239,171.8531241812441,13.087600854809152,-0.02139678376422971,0.0004578223554532041,13.094694137573242
2013-07-11, $61.0411,81567174, $60.4214, $61.1786, $60.1671,12.957142948812187,13.119509766000093,12.90261274356872,13.090099334716797,326292400,1.5592034884486683,0.2168970224313717,0.1329563859046096,True,26.17548033563116,-13.085381000914364,171.2271959390906,12.983981606951762,0.10611772776503514,0.01126097214601411,13.066204071044922
2013-07-10, $60.1043,70064141, $59.9428, $60.6857, $59.75,12.854514246208954,13.013817469407735,12.81315705620794,12.889131546020508,281405600,-0.3835920796781855,0.2006604131997953,0.0346172998115541,True,26.17548033563116,-13.286348789610653,176.52706415918846,12.92560945224642,-0.03647790622591174,0.0013306376426264104,13.090099334716797
2013-07-09, $60.3357,88135556, $59.0857, $60.5, $58.6257,12.670705898615106,12.973993640940058,12.572060854040124,12.938763618469238,352584400,1.7588310191366086,0.401932786899934,0.2680577198541325,True,26.17548033563116,-13.236716717161922,175.2106694503939,12.735669815899236,0.20309380257000242,0.04124709264234312,12.889131546020508
2013-07-08, $59.2928,74476172, $60.0157, $60.1428, $58.6643,12.870141083558302,12.89740578041848,12.580331483610664,12.715126037597656,298138400,-0.5677569818149264,0.3170742968078155,-0.1550150459606456,False,26.17548033563116,-13.460354298033504,181.18113782858904,12.882756577814035,-0.16763054021637913,0.0280999980132351,12.938763618469238
2013-07-05, $59.6314,68482701, $60.0557, $60.47, $59.3357,12.878716550701911,12.967558100585546,12.72431507106768,12.787729263305664,274024800,-0.8032411948850848,0.2432430295178651,-0.0909872873962474,False,26.17548033563116,-13.387751072325496,179.23187877455248,12.809989333384863,-0.022260070079198613,0.0004955107199308334,12.715126037597656
2013-07-03, $60.1143,60232176, $60.1228, $60.4257, $59.6357,12.893115465223143,12.958062684181469,12.788650023582228,12.891277313232422,240928800,0.5520083051184788,0.1694126605992405,-0.0018381519907215,False,26.17548033563116,-13.284203022398739,176.47004994030777,12.844787644149395,0.04648966908302654,0.002161289331449314,12.787729263305664
2013-07-02, $59.7843,117427695, $58.5657, $60.2328, $58.4957,12.559190115405965,12.916702014512248,12.544178952928704,12.820507049560549,469865200,2.265254786486981,0.3725230615835446,0.2613169341545838,True,26.17548033563116,-13.354973286070612,178.3553114716597,12.663898846608614,0.15660820295193467,0.024526129231834358,12.891277313232422
2013-07-01, $58.46,97736269, $57.5271, $58.8957, $57.3171,12.336475963015932,12.629961036346865,12.291441645731426,12.53652286529541,391053600,3.2002567465647447,0.3385193906154384,0.2000469022794782,True,26.17548033563116,-13.63895747033575,186.02116087762738,12.494267866587341,0.042254998708068925,0.0017854849158189065,12.820507049560549
2013-06-28, $56.6471,144584903, $55.9086, $57.1814, $55.5528,11.989379492765355,12.26233812866484,11.913097407001262,12.1477632522583,578516400,0.6983827279963606,0.3492407216635786,0.1583837594929455,True,26.17548033563116,-14.02771708337286,196.77684657115077,12.169054069957374,-0.021290817699073372,0.00045329891829517594,12.53652286529541
2013-06-27, $56.2543,84237745, $57.0357, $57.3414, $56.22,12.231089064960097,12.2966473583104,12.05616196665011,12.06351375579834,337246000,-1.0777236173669769,0.2404853916602896,-0.1675753091617569,False,26.17548033563116,-14.11196657983282,199.14760075031845,12.190057053453577,-0.1265432976552372,0.01601320618146196,12.1477632522583
2013-06-26, $56.8671,91911848, $57.7, $57.8271, $56.5228,12.373544133204105,12.400809646903967,12.12111030533076,12.194941520690918,367724000,-1.1325591245144873,0.2796993415732078,-0.1786026125131865,False,26.17548033563116,-13.980538814940243,195.4554655560507,12.253186557928675,-0.0582450372377572,0.003392484362827723,12.06351375579834
2013-06-25, $57.5186,78533304, $57.9571, $58.2557, $56.9757,12.428688671932957,12.49271559550288,12.218224743017233,12.334638595581056,314162800,0.0223495381147076,0.2744908524856466,-0.0940500763519001,False,26.17548033563116,-13.840841740050104,191.56890007311318,12.335090463235762,-0.0004518676547053957,2.041843773689547e-07,12.194941520690918
2013-06-24, $57.5057,120047026, $58.2, $58.38, $56.8643,12.480769552054198,12.51936993519421,12.194330265899945,12.33188247680664,480746000,-2.6505408760845617,0.3250396692942647,-0.1488870752475577,False,26.17548033563116,-13.84359785882452,191.64520167685083,12.417898847303725,-0.08601637049708444,0.007398815993491698,12.334638595581056
2013-06-21, $59.0714,120212576, $59.7843, $60, $58.3,12.820512877767149,12.866772638683855,12.502213916978338,12.667643547058104,481118400,-0.8012456203292717,0.3645587217055173,-0.1528693307090449,False,26.17548033563116,-13.507836788573057,182.46165470672767,12.63788046577489,0.02976308128321392,0.0008858410074711988,12.33188247680664
2013-06-20, $59.5483,89321357, $59.9, $60.8543, $59.31,12.845324904880751,13.04996676295288,12.718801641761196,12.769962310791016,357310800,-1.4562464817698184,0.3311651211916846,-0.0753625940897357,False,26.17548033563116,-13.405518024840145,179.70791351431401,12.771639610801031,-0.0016773000100158697,2.8133353235992366e-06,12.667643547058104
2013-06-19, $60.4286,77690993, $61.6286, $61.6657, $60.4286,13.216007200670312,13.223972524194409,12.958672523498535,12.958672523498535,310940000,-2.031172020740779,0.2653000006958734,-0.2573346771717766,False,26.17548033563116,-13.216807812132625,174.68400874284998,13.04855151688333,-0.08987899338479544,0.008078233451864102,12.769962310791016
2013-06-18, $61.6814,48375328, $61.6514, $62.1286, $61.4586,13.220909483810146,13.323230805316582,13.179552298568066,13.22734260559082,195025600,-0.0532381675866555,0.1436785067485164,0.0064331217806739,True,26.17548033563116,-12.94813773004034,167.6542706760942,13.117848149477556,0.10949445611326425,0.01198903591953955,12.958672523498535
2013-06-17, $61.7143,64784564, $61.6343, $62.2428, $61.4802,13.217233087463708,13.347738582099078,13.184147175893516,13.23438835144043,259414400,0.4534326020646739,0.1635914062055619,0.017155263976722,True,26.17548033563116,-12.94109198419073,167.4718617432856,13.209577110012969,0.02481124142746083,0.0006155977011717484,13.22734260559082
2013-06-14, $61.4357,67955299, $62.2, $62.3271, $61.2143,13.33854836266604,13.365813869145148,13.127165018105543,13.174650192260742,271866000,-1.3556524864839603,0.2386488510396045,-0.1638981704052984,False,26.17548033563116,-13.000830143370418,169.0215844167689,13.290940985093144,-0.11629079283240173,0.01352354849758858,13.23438835144043
2013-06-13, $62.2807,71449021, $61.7857, $62.4486, $61.25,13.249710336654967,13.391856675055973,13.13482787587019,13.355707168579102,285832400,0.872273618233832,0.2570287991857825,0.1059968319241342,True,26.17548033563116,-12.819773167052059,164.34658405466797,13.212239138692674,0.14346802988642793,0.02058307559949298,13.174650192260742
2013-06-12, $61.7414,66270567, $62.7857, $63.0357, $61.6428,13.464160011065538,13.517771567372264,13.219077909622715,13.240216255187988,265227200,-1.2362389453966949,0.2986936577495491,-0.2239437558775492,False,26.17548033563116,-12.935264080443172,167.32105683080334,13.415130809211199,-0.17491455402321066,0.030595101209138678,13.355707168579102
2013-06-11, $62.5143,71515731, $62.2486, $63.2514, $61.9028,13.348965528066527,13.564023555421718,13.27482755923086,13.405945777893066,286112400,-0.2939512558555512,0.2891959961908572,0.0569802498265392,True,26.17548033563116,-12.769534557738094,163.0610128212674,13.299757254351974,0.10618852354109265,0.011276002531837187,13.240216255187988
2013-06-10, $62.6986,112489474, $63.5328, $64.1541, $62.4,13.624378291995024,13.757640644420873,13.381441979819948,13.44546890258789,450153200,-0.6608962984607336,0.3761986646009241,-0.1789093894071332,False,26.17548033563116,-12.73001143304327,162.05319108541238,13.536925907956327,-0.09145700536843648,0.00836438383096222,13.405945777893066
2013-06-07, $63.1158,101081990, $62.3571, $63.32, $61.8243,13.372247944836692,13.578728748463854,13.25797822357118,13.534920692443848,404535600,0.7640231847393819,0.3207505248926736,0.1626727476071554,True,26.17548033563116,-12.640559643187313,159.78374809297577,13.386802245380963,0.14811844706288468,0.02193907436032057,13.44546890258789
2013-06-06, $62.6371,104167451, $63.6386, $63.8571, $62.0071,13.647047776973304,13.693919427063324,13.297194351447564,13.432294845581056,416934000,-1.4940199964988965,0.3967250756157607,-0.2147529313922476,False,26.17548033563116,-12.743185490050104,162.38877643382352,13.596850857345864,-0.16455601176480705,0.027078681007939316,13.534920692443848
2013-06-05, $63.5871,72524432, $63.6643, $64.3886, $63.3871,13.652562258110082,13.8078832523826,13.593130307729329,13.636019706726074,290589600,-0.9347538151134872,0.2147529446532718,-0.016542551384008,False,26.17548033563116,-12.539460628905086,157.23807286386074,13.56448548227954,0.07153422444653401,0.0051171452671671044,13.432294845581056
2013-06-04, $64.1871,72575322, $64.7457, $64.9186, $63.9128,13.884469004002373,13.92153799293444,13.70586640402088,13.76468563079834,292728800,-0.3128407180410963,0.21567158891356,-0.1197833732040329,False,26.17548033563116,-12.41079470483282,154.0278252055064,13.786671064010152,-0.021985433211812122,0.00048335927351105147,13.636019706726074
2013-06-03, $64.3886,92900598, $64.39, $64.6228, $63.2114,13.808188258608606,13.858123495112848,13.555448489365006,13.80788230895996,372352400,0.2201385482235585,0.302675005747842,-0.0003059496486468,False,26.17548033563116,-12.367598026671201,152.9574809493214,13.782136924055862,0.025745384904096724,0.0006628248438600915,13.76468563079834
2013-05-31, $64.2478,95688069, $64.6428, $65.3, $64.2143,13.862410266910036,14.003333605492676,13.7705059469179,13.777552604675291,384302800,-0.409665138542481,0.2328276585747755,-0.0848576622347447,False,26.17548033563116,-12.39792773095587,153.70861202200456,13.832531974811243,-0.054979370135951555,0.003022731140545962,13.80788230895996
2013-05-30, $64.5114,88354937, $63.6643, $64.9286, $63.5014,13.652559619548228,13.923681693299375,13.617635553323538,13.834226608276367,353519600,1.4900305486556409,0.3060461399758374,0.1816669887281392,True,26.17548033563116,-12.341253727354793,152.30654356294858,13.68543362704796,0.14879298122840723,0.022139351262837146,13.777552604675291
2013-05-29, $63.5643,82553265, $62.8571, $63.9286, $62.7714,13.47947489353157,13.709239018725556,13.46109337085335,13.631118774414062,330576400,0.7951478183997329,0.2481456478722066,0.1516438808824922,True,26.17548033563116,-12.544361561217098,157.36100697854107,13.592724389925607,0.03839438448845556,0.0014741287602473567,13.834226608276367
2013-05-28, $63.0627,96311559, $64.2714, $64.4443, $62.9786,13.78276078410334,13.819828135820408,13.5055123398239,13.52358627319336,386145200,-0.8334239530451315,0.3143157959965084,-0.2591745109099808,False,26.17548033563116,-12.651894062437801,160.0704233671489,13.718809718326758,-0.19522344513339895,0.03811219352975323,13.631118774414062
2013-05-24, $63.5928,69009031, $62.9786, $63.6657, $62.9086,13.505511378606736,13.652866198292088,13.490500214773803,13.637242317199709,276166800,0.6807577302170964,0.1623659835182849,0.1317309385929732,True,26.17548033563116,-12.538238018431452,157.20741260683985,13.500834070970896,0.13640824622881276,0.01860720963922041,13.52358627319336
2013-05-23, $63.1628,88239856, $62.2786, $63.7371, $62.2557,13.355401919792865,13.668187197544125,13.350500180617106,13.54503345489502,353021200,0.1790216352312024,0.3176870169270192,0.1896315351021549,True,26.17548033563116,-12.630446880736141,159.5281884070973,13.443028275217841,0.10200517967717815,0.010405056680973399,13.637242317199709
2013-05-22, $63.0506,110682773, $63.4357, $64.05, $62.6028,13.603543439502946,13.735275193756229,13.424940042821762,13.520828247070312,443038400,0.3843782156458974,0.3103351509344669,-0.0827151924326337,False,26.17548033563116,-12.654652088560848,160.14021948251744,13.572101122014471,-0.051272874944158886,0.002628907705039356,13.54503345489502
2013-05-21, $62.8086,113917824, $62.5928, $63.64, $62.0286,13.422797199938977,13.647352775205364,13.301788395210028,13.469056129455566,456022000,-0.7382783162714013,0.345564379995336,0.0462589295165898,True,26.17548033563116,-12.706424206175594,161.45321610728507,13.446075921712055,0.022980207743511727,0.0005280899479349564,13.520828247070312
2013-05-20, $63.2757,112529584, $61.7014, $63.6857, $61.4428,13.231634938028984,13.657157745902683,13.176185242860486,13.56923484802246,451578400,2.231913768770788,0.4809725030421976,0.3375999099934752,True,26.17548033563116,-12.606245487608701,158.91742529385473,13.303619639652364,0.2656152083700949,0.07055143891748893,13.469056129455566
2013-05-17, $61.8943,106966262, $62.7214, $62.87, $61.5728,13.45037109873568,13.482231586364923,13.204064423490433,13.272993087768556,427904400,-0.303750404902614,0.2781671628744906,-0.1773780109671232,False,26.17548033563116,-12.902487247862604,166.47417718125712,13.48096588917021,-0.2079728014016542,0.043252686122851894,13.56923484802246
2013-05-16, $62.0826,150737695, $60.4628, $62.55, $59.8428,12.966030070565187,13.413609954102446,12.833073652568382,13.313432693481444,603204000,1.3361716843274696,0.5805363015340639,0.3474026229162561,True,26.17548033563116,-12.862047642149717,165.4322695489291,13.062203044208786,0.25122964927265734,0.06311633667366241,13.272993087768556
2013-05-15, $61.2643,185168956, $62.7371, $63, $60.3371,13.453737556250871,13.510105906178207,12.939066527844313,13.137887954711914,741613600,-3.3816995008852824,0.5710393783338947,-0.3158496015389573,False,26.17548033563116,-13.037592380919246,169.97881509100358,13.393543225587084,-0.25565527087517026,0.06535961752625667,13.313432693481444
2013-05-14, $63.4086,111617413, $64.8357, $65.0286, $63.1643,13.90376734359421,13.945124527802882,13.545335141597713,13.597722053527832,447118000,-2.3925931366975184,0.3997893862051693,-0.3060452900663772,False,26.17548033563116,-12.577758282103328,158.20000340301888,13.624717151641804,-0.026995098113971494,0.0007287353221829473,13.137887954711914
2013-05-13, $64.9628,79216224, $64.5014, $65.4143, $64.5,13.832084049317457,14.027842750567835,13.831778099654825,13.931035041809082,316948800,0.3907596030208404,0.1960646509130104,0.0989509924916252,True,26.17548033563116,-12.244445293822078,149.92644055340165,13.739186928923626,0.1918481128854559,0.03680569841771063,13.597722053527832
2013-05-10, $64.71,83615305, $65.4243, $65.6728, $64.3543,14.0299861279457,14.0832917154446,13.800528814482089,13.87681007385254,334852000,-0.8319114430657248,0.2827629009625116,-0.1531760540931586,False,26.17548033563116,-12.29867026177862,151.2572902079578,13.98465506776927,-0.10784499391672853,0.011630542712899213,13.931035041809082
2013-05-09, $65.2528,99448260, $65.6871, $66.1428, $65.0828,14.086352665219705,14.184078199605011,13.956765835081445,13.993221282958984,398487600,-0.8724306169113794,0.2273123645235664,-0.0931313822607204,False,26.17548033563116,-12.182259052672176,148.4074356264132,14.002316267016354,-0.00909498405736997,8.271873500381393e-05,13.87681007385254
2013-05-08, $66.2628,117977895, $65.5771, $66.4814, $65.1157,13.970294922411346,14.16294112962006,13.871994597489742,14.116376876831056,472598000,1.1293594935283702,0.2909465321303184,0.14608195441971,True,26.17548033563116,-12.059103458800104,145.42197623004463,13.967620692741864,0.14875618408919244,0.022128402304777712,13.993221282958984
2013-05-07, $65.5226,120467656, $66.4243, $66.5357, $64.8143,14.150769337974909,14.174507374448128,13.807781122651557,13.958732604980469,483753200,-0.4449467423568776,0.366726251796571,-0.1920367329944401,False,26.17548033563116,-12.216747730650692,149.24892511435883,14.128133175484244,-0.16940057050377533,0.028696553287004555,14.116376876831056
2013-05-06, $65.8157,123979417, $65.1014, $66.0286, $64.9014,13.868948672761984,14.066464363019572,13.826342118410857,14.021119117736816,496641600,2.3845540381086217,0.240122244608715,0.152170444974832,True,26.17548033563116,-12.154361217894344,147.72849661505407,13.889629641856096,0.1314894758807199,0.017289482267386424,13.958732604980469
2013-05-03, $64.2828,90287637, $64.4728, $64.7471, $64.1643,13.735040558536657,13.79347463377836,13.669303849225606,13.694564819335938,361300800,1.0010502573313262,0.1241707845527528,-0.0404757392007191,False,26.17548033563116,-12.480915516295223,155.77325212489885,13.824399537316657,-0.1298347179807191,0.016857053993132864,14.021119117736816
2013-05-02, $63.6457,105409532, $63.1114, $64.0843, $62.9471,13.445010962874466,13.652264094551017,13.410012596542996,13.558834075927734,421828400,1.4182392741098448,0.2422514980080201,0.113823113053268,True,26.17548033563116,-12.616646259703426,159.17976284248846,13.521385294250923,0.03744878167681165,0.001402411249077504,13.694564819335938
2013-05-01, $62.7557,126694438, $63.4943, $63.5614, $62.0557,13.526568703752565,13.540872470606768,13.220101904938728,13.369226455688477,506909200,-0.788229208620761,0.3207705656680399,-0.1573422480640882,False,26.17548033563116,-12.806253879942684,164.00013843754704,13.526876321168729,-0.15764986548025206,0.02485348008594157,13.558834075927734
2013-04-30, $63.2543,172699362, $62.1571, $63.6071, $61.7243,13.241713180219003,13.55061563935242,13.14949891815121,13.475443840026855,691538400,2.9433734573731885,0.4011167212012108,0.2337306598078523,True,26.17548033563116,-12.700036495604305,161.29092698968128,13.275201788850907,0.20024205117594818,0.04009687905915105,13.369226455688477
2013-04-29, $61.4457,159929048, $60.0643, $61.9453, $60,12.795857082720396,13.196669803487724,12.78216200202314,13.0901517868042,640326400,3.096828864308065,0.414507801464584,0.2942947040838035,True,26.17548033563116,-13.085328548826961,171.2258232307459,13.02245557069595,0.06769621610824927,0.004582777675374789,13.475443840026855
2013-04-26, $59.6007,190977767, $58.5443, $59.8241, $58.3214,12.472043925152088,12.744729825209852,12.42456704293314,12.696949005126951,764097600,2.159749519883425,0.3201627822767126,0.2249050799748637,True,26.17548033563116,-13.47853133050421,181.67080682738356,12.676893811232272,0.020055193894679135,0.0004022108021531753,13.0901517868042
2013-04-25, $58.34,95958899, $58.7464, $59.1343, $58.1428,12.515260082744472,12.597735329350996,12.386525330362993,12.428524017333984,384837600,0.7201833022427273,0.2112099989880036,-0.0867360654104878,False,26.17548033563116,-13.746956318297176,188.97880801717065,12.567252966644006,-0.13872894931002122,0.019245721376662438,12.696949005126951
2013-04-24, $57.9231,242352533, $56.22, $59.3214, $56.0714,11.976886565814205,12.637601910134274,11.94523477221678,12.339655876159668,969651200,-0.1649711491454653,0.6923671379174934,0.3627693103454632,True,26.17548033563116,-13.835824459471493,191.43003847330962,12.123095581981296,0.21656029417837175,0.046898361014622914,12.428524017333984
2013-04-23, $58.0186,150492275, $57.7128, $58.3401, $56.9728,12.294917552209446,12.428521787828704,12.137270535414803,12.36004638671875,664238400,1.8711975983752185,0.2912512524139004,0.0651288345093039,True,26.17548033563116,-13.81543394891241,190.86621519676157,12.298790341247015,0.06125604547173502,0.0037523031068352687,12.339655876159668
2013-04-22, $56.9528,107226032, $56.0914, $57.4571, $55.8964,11.949498614483897,12.24044602519491,11.907805484421978,12.133013725280762,429920400,2.084352714862092,0.3326405407729318,0.1835151107968649,True,26.17548033563116,-14.042466610350399,197.1908685028058,12.081295308328173,0.05171841695258905,0.0026747946520818506,12.36004638671875
2013-04-19, $55.79,152132166, $55.4243, $57.0857, $55.0143,11.807372024574672,12.16131661810001,11.720026455888638,11.885282516479492,609274400,-0.3877108133086948,0.4412901622113718,0.0779104919048201,True,26.17548033563116,-14.290197819151668,204.2097537104871,11.909331814447299,-0.024049297967806638,0.0005783687327443485,12.133013725280762
2013-04-18, $56.0071,166414970, $57.8557, $57.97, $55.6774,12.32535487462829,12.349701599359374,11.861240101307368,11.93154239654541,666299200,-2.6687818801963137,0.4884614980520059,-0.3938124780828804,False,26.17548033563116,-14.24393793908575,202.88976801252642,12.159409838371143,-0.22786744182573315,0.051923571044203885,11.885282516479492
2013-04-17, $57.5428,236094111, $60.0386, $60.0857, $56.8728,12.790377782104816,12.800421544726706,12.115966630853444,12.258700370788574,945056000,-5.499257877347608,0.6844549138732621,-0.5316774113162417,False,26.17548033563116,-13.916779964842586,193.67676458984403,12.478036378318038,-0.21933600752946347,0.04810828419896486,11.93154239654541
2013-04-16, $60.8914,76203143, $60.2243, $60.9443, $60.0814,12.829941965730058,12.98332734698026,12.79950836478889,12.972067832946776,305771200,1.5219865178206504,0.1838189821913705,0.142125867216718,True,26.17548033563116,-13.203412502684385,174.33010171604232,12.618375558252495,0.35369227469428033,0.12509822517841426,12.258700370788574
2013-04-15, $59.9786,79101214, $61, $61.1271, $59.9357,12.995195310087636,13.022281527979466,12.768464243572495,12.777594566345217,317520000,-2.315051531419188,0.2538172844069706,-0.2176007437424196,False,26.17548033563116,-13.397885769285944,179.5033430868348,12.975750828599717,-0.1981562622544999,0.03926590427067414,12.972067832946776
2013-04-12, $61.4,59634201, $62.0214, $62.0214, $61.2986,13.21279891656766,13.21279891656766,13.058804835775176,13.08041286468506,238613200,-1.0429881051507328,0.1539940807924846,-0.1323860518825999,False,26.17548033563116,-13.0950674709461,171.48079206863068,13.049138769187579,0.031274095497481724,0.0009780690491856066,12.777594566345217
2013-04-11, $62.0471,82064315, $61.96, $62.57, $61.6,13.199712531209151,13.329664642562888,13.123019428595931,13.21827793121338,328364400,-0.3121670867445081,0.2066452139669561,0.0185654000042294,True,26.17548033563116,-12.95720240441778,167.8890941490499,13.146710800385605,0.07156713082777522,0.005121854214919894,13.08041286468506
2013-04-10, $62.2414,93883258, $61.1571, $62.4371, $60.8586,13.028678268779476,13.301365010845716,12.96507154355698,13.25967025756836,375928000,2.039921865963845,0.3362934672887352,0.2309919887888831,True,26.17548033563116,-12.915810078062801,166.81814997258863,13.083777708693265,0.17589254887509398,0.030938188749777325,13.21827793121338
2013-04-09, $60.9971,76595913, $60.9086, $61.2143, $60.3928,12.975722232207271,13.040849450718582,12.865856011531193,12.994590759277344,306614000,0.1806746766214395,0.1749934391873893,0.0188685270700723,True,26.17548033563116,-13.180889576353817,173.7358500240327,13.06383897914272,-0.06924821986537566,0.004795315954523408,13.25967025756836
2013-04-08, $60.8871,75145863, $60.6928, $61.0714, $60.3557,12.929765174320798,13.01041434351767,12.857942391930123,12.971155166625977,300829200,0.7112377850645224,0.1524719515875467,0.041389992305179,True,26.17548033563116,-13.204325169005184,174.35420316882377,12.941089467442486,0.030065699183490224,0.0009039462673921247,12.994590759277344
2013-04-05, $60.4571,95724469, $60.6428, $60.7071, $59.9543,12.919114050126534,12.93280994394599,12.772423412621002,12.87955093383789,383695200,-1.0567548283521575,0.1603865313249883,-0.0395631162886438,False,26.17548033563116,-13.29592940179327,176.78173865747073,12.925952763613521,-0.04640182977563079,0.002153129806526616,12.971155166625977
2013-04-04, $61.1028,89574827, $61.9657, $62.1428, $60.75,13.20093048876288,13.23866753842196,12.941938896743718,13.017109870910645,358447600,-0.9884450495161956,0.2967286416782428,-0.1838206178522359,False,26.17548033563116,-13.158370464720516,173.1427132868292,13.077137416973859,-0.06002754606321403,0.0036033062863712823,12.87955093383789
2013-04-03, $61.7128,90550837, $61.6243, $62.4686, $61.4728,13.128192011371029,13.30805574025124,13.095932345352148,13.147061347961426,363216000,0.5118739130444361,0.2121233948990912,0.0188693365903969,True,26.17548033563116,-13.028418987669735,169.73970131827326,13.078022318288205,0.0690390296732204,0.0047663876182198065,13.017109870910645
2013-04-02, $61.3988,132255450, $61.0857, $62.5914, $60.9143,13.013458352059004,13.334228957865683,12.976937054242738,13.080107688903809,529519200,0.2051447578679699,0.3572919036229454,0.0666493368448044,True,26.17548033563116,-13.095372646727352,171.48878475665492,13.048931236299644,0.03117645260416424,0.0009719711969796992,13.147061347961426
2013-04-01, $61.2728,97168149, $63.1286, $63.3854, $61.1057,13.448663269421104,13.503444417122203,13.017722412535656,13.053329467773438,389732000,-3.106207565985386,0.4857220045865471,-0.3953338016476664,False,26.17548033563116,-13.122150867857723,172.1908433988192,13.308505387220766,-0.2551759194473284,0.06511474986578944,13.080107688903809
2013-03-28, $63.2371,110618443, $64.26, $64.5456, $63.0886,13.689696820978448,13.750564030723844,13.440140285820693,13.47179126739502,442839600,-2.0836836649775425,0.3104237449031508,-0.217905553583428,False,26.17548033563116,-12.703689068236141,161.38371594242244,13.455877173719504,0.015914093675515772,0.0002532583775130911,13.053329467773438
2013-03-27, $64.5828,81772975, $65.2086, $65.2571, $64.39,13.89177464319918,13.902121531128818,13.717389110722458,13.758474349975586,331237200,-1.964740808875487,0.1847324204063607,-0.1333002932235949,False,26.17548033563116,-12.417005985655575,154.18203764780637,13.733890071790121,0.024584278185464825,0.0006043867339003216,13.47179126739502
2013-03-26, $65.8766,73390892, $66.4914, $66.5485, $65.79,14.165074173568549,14.177247943971494,14.015645611547756,14.034210205078123,294294000,-0.5263151490915385,0.1616023324237385,-0.1308639684904253,False,26.17548033563116,-12.141270130553037,147.41044038305938,14.012056572369321,0.022153632708802107,0.0004907834421965066,13.758474349975586
2013-03-25, $66.2257,124980207, $66.3843, $67.1357, $65.9686,14.142246180464186,14.302328784855767,14.05368486636671,14.108465194702148,501135600,0.3615412090698378,0.2486439184890567,-0.0337809857620374,False,26.17548033563116,-12.067015140929012,145.61285441141,14.093805834693514,0.014659360008634437,0.00021489683586275063,14.034210205078123
2013-03-22, $65.9871,98261129, $64.94, $66.0143, $64.73,13.834562021076392,14.06342234994907,13.789824644278053,14.05764102935791,395105200,2.027706979542754,0.2735977056710172,0.2230790082815179,True,26.17548033563116,-12.11783930627325,146.84202945266097,13.91972074022403,0.13792028913388066,0.01902200615477324,14.108465194702148
2013-03-21, $64.6757,95484439, $64.3171, $65.4257, $64.3,13.701870778915929,13.938035360978445,13.69821864876015,13.778258323669434,383255600,0.1437948219446427,0.2398167122182943,0.0763875447535049,True,26.17548033563116,-12.397222011961727,153.69111361386837,13.815622320598802,-0.037363996929368426,0.001396068266537853,14.05764102935791
2013-03-20, $64.5828,76980353, $65.3457, $65.3757, $64.2271,13.920991680180515,13.927382500686225,13.68269469197504,13.758474349975586,308660800,-0.5302847539013777,0.2446878087111841,-0.1625173302049294,False,26.17548033563116,-12.417005985655575,154.18203764780637,13.860251743056022,-0.10177739308043598,0.010358637742249578,13.778258323669434
2013-03-19, $64.9271,131468929, $65.6428, $65.8528, $64.0714,13.984293541430803,14.029032540543003,13.649523082695794,13.831822395324709,526775200,-0.2698761909967984,0.3795094578472096,-0.1524711461060945,False,26.17548033563116,-12.343657940306452,152.3658913472905,13.894488515049991,-0.06266611972528224,0.003927042561423408,13.758474349975586
2013-03-18, $65.1028,149961185, $63.0643, $65.3514, $63.0286,13.434962525506776,13.922205639604858,13.427354329439348,13.86925220489502,606197200,2.71826536169022,0.4948513101655099,0.4342896793882431,True,26.17548033563116,-12.306228130736141,151.44325080572153,13.562934180107785,0.3063180247872346,0.09383073230955286,13.831822395324709
2013-03-15, $63.38,160587468, $62.5614, $63.4614, $62.4643,13.327840307390616,13.519573088808066,13.307144901924689,13.502225875854492,643960800,2.580348850175085,0.2124281868833772,0.1743855684638759,True,26.17548033563116,-12.673254459776668,160.6113786022492,13.506381122170747,-0.004155246316255301,1.726607194875325e-05,13.86925220489502
2013-03-14, $61.7857,75801483, $61.8328, $62.0914, $61.4928,13.1726273975444,13.227712475794691,13.100195107156392,13.162585258483888,303875600,0.968847950486107,0.1275173686382995,-0.0100421390605109,False,26.17548033563116,-13.012895077147272,169.3354382888437,13.276864888196634,-0.11427962971274574,0.013059833767282281,13.502225875854492
2013-03-13, $61.1928,101314460, $61.2071, $62.0714, $60.7657,13.039327747322805,13.223450682556678,12.94528743315654,13.036283493041992,405549200,-0.0186584562632541,0.2781632494001371,-0.0030442542808124,False,26.17548033563116,-13.139196842589168,172.63849366830516,13.071193320300036,-0.034909827258044146,0.001218696039186482,13.162585258483888
2013-03-12, $61.2043,116142145, $62.2286, $62.6971, $61.0814,13.25692657788716,13.35674901000717,13.012543534895189,13.038716316223145,465911600,-2.1559199272271123,0.3442054751119823,-0.2182102616640158,False,26.17548033563116,-13.136764019408016,172.57456890161305,13.168459829871997,-0.12974351364885273,0.016833379333950033,13.036283493041992
2013-03-11, $62.5528,118221425, $61.3928, $62.7157, $60.7343,13.07889271348719,13.360709758033009,12.93859287962297,13.326014518737791,474236000,1.4245547150531168,0.4221168784100388,0.2471218052506003,True,26.17548033563116,-12.84946581689337,165.1087717795112,13.05353035375549,0.272484164982302,0.07424762016610237,13.038716316223145
2013-03-08, $61.6743,97466769, $61.4, $62.2043, $61.23,13.080412040662315,13.251753321353648,13.044195494432469,13.13884449005127,391482000,0.2647463567901242,0.2075578269211799,0.0584324493889543,True,26.17548033563116,-13.036635845579891,169.95387417025853,13.15516403555042,-0.016319545499150934,0.0002663275652988575,13.326014518737791
2013-03-07, $61.5117,116969895, $60.6428, $61.7157, $60.1514,12.919114529111852,13.14767253683572,12.814422570012184,13.104151725769045,468473600,1.1558566813688609,0.3332499668235371,0.1850371966571931,True,26.17548033563116,-13.071328609862116,170.85963162699989,12.9846975921547,0.11945413361434554,0.014269290037553917,13.13884449005127
2013-03-06, $60.8088,114860374, $62.0728, $62.1786, $60.6328,13.223755722315314,13.24627719074285,12.916983302376153,12.95441722869873,460250000,-1.2710550587742953,0.3292938883666974,-0.2693384936165834,False,26.17548033563116,-13.22106310693243,174.7965096774898,13.17066308060209,-0.2162458519033592,0.04676226846540956,13.104151725769045
2013-03-05, $61.592,159227158, $60.2114, $62.17, $60.1071,12.827205663283811,13.244451393207177,12.804988943546354,13.12119483947754,638433600,2.6401859293430974,0.439462449660823,0.2939891761937296,True,26.17548033563116,-13.05428549615362,170.41436981508676,12.86031788586844,0.2608769536091007,0.06805678492436487,12.95441722869873
2013-03-04, $60.0071,144332343, $61.1143, $61.1714, $59.8571,13.019542453900172,13.031716217998342,12.751726145083053,12.783681869506836,582755600,-2.420647714660152,0.2799900729152895,-0.2358605843933361,False,26.17548033563116,-13.391798466124325,179.34026615728982,13.043826451017376,-0.26014458151053965,0.06767520328929381,13.12119483947754
2013-03-01, $61.4957,137819681, $62.5714, $62.5971, $61.4257,13.329971340072928,13.335450348728733,13.08589377574588,13.10080623626709,552448400,-2.4761914092352955,0.2495565729828524,-0.2291651038058386,False,26.17548033563116,-13.07467409936407,170.94710280458168,13.127472641545637,-0.026666405278547245,0.0007110971704797324,12.783681869506836
2013-02-28, $63.0571,80512484, $63.4357, $63.9814, $63.0571,13.514093193797708,13.630349412152569,13.433444023132324,13.433444023132324,322515200,-0.7130607627324759,0.1969053890202445,-0.0806491706653833,False,26.17548033563116,-12.742036312498836,162.35948938903894,13.358307852731116,0.07513617040120835,0.005645444102559417,13.10080623626709
2013-02-27, $63.51,146554914, $64.0614, $64.6343, $62.95,13.64739419297149,13.769434190114811,13.410620897765336,13.52992057800293,587350400,-0.9800062969545164,0.3588132923494758,-0.11747361496856,False,26.17548033563116,-12.64555975762823,159.91018158374655,13.561527083302387,-0.03160650529945741,0.0009989711772446293,13.433444023132324
2013-02-26, $64.1386,125040618, $63.4028, $64.5057, $62.5228,13.507092548261618,13.742041357957756,13.319621426350208,13.663826942443848,501499600,1.3934023199476009,0.4224199316075481,0.1567343941822301,True,26.17548033563116,-12.511653393187313,156.5414706312556,13.504081379977709,0.15974556246613858,0.025518644727622983,13.52992057800293
2013-02-25, $63.2571,92813518, $64.8357, $65.0171, $63.2243,13.812343905197167,13.850994394305626,13.46905100859037,13.476051330566406,372579200,-1.7767971829268705,0.3819433857152567,-0.336292574630761,False,26.17548033563116,-12.699429005064754,161.27549705468,13.7495069173676,-0.27345558680119453,0.07477795795278563,13.663826942443848
2013-02-22, $64.4014,82560265, $64.1786, $64.5143, $63.8,13.672348727987444,13.743866760259966,13.591698745705305,13.71982479095459,330654800,1.0648626992393773,0.1521680145546611,0.0474760629671457,True,26.17548033563116,-12.45565554467657,155.14335504763218,13.592681991147145,0.12714279980744436,0.016165291542875874,13.476051330566406
2013-02-21, $63.7228,111563653, $63.7143, $64.1671, $63.26,13.573440772778932,13.66991667018529,13.476661750158977,13.57526683807373,447182400,-0.621583772889367,0.1932549200263125,0.0018260652947983,True,26.17548033563116,-12.60021349755743,158.76538018402843,13.613756766990036,-0.03848992891630587,0.0014814746279822788,13.71982479095459
2013-02-20, $64.1214,118823076, $65.3843, $65.3843, $64.1143,13.92921003544095,13.92921003544095,13.65865333723309,13.660176277160645,476302400,-2.4218086009380912,0.2705566982078586,-0.2690337582803046,False,26.17548033563116,-12.515304058470516,156.63283567596858,13.794484946121038,-0.13430866896039362,0.0180388185579126,13.57526683807373
2013-02-19, $65.7128,108820003, $65.8714, $66.1043, $64.8357,14.032992977227474,14.082599873144494,13.812348668671946,13.999210357666016,435783600,-0.0369433111189976,0.2702512044725473,-0.0337826195614585,False,26.17548033563116,-12.176269977965145,148.26155057629532,13.891723943064786,0.10748641460122954,0.01155332932382741,13.660176277160645
2013-02-15, $65.7371,97873819, $66.9786, $67.1657, $65.7028,14.268852271750236,14.308721772625454,13.9970797792372,14.00438404083252,391745200,-1.378065988965771,0.3116419933882532,-0.264468230917716,False,26.17548033563116,-12.171096294798641,148.1355850172612,14.163881204889863,-0.1594971640573437,0.025439345342335214,13.999210357666016
2013-02-14, $66.6557,88785717, $66.36, $67.3771, $66.2886,14.137072355139852,14.35376053448936,14.121855958864227,14.20007038116455,355275200,-0.0899534793027401,0.2319045756251334,0.0629980260246991,True,26.17548033563116,-11.97540995446661,143.41044357753796,14.079992483057865,0.12007789810668612,0.014418701613719694,14.00438404083252
2013-02-13, $66.7157,118682866, $66.7443, $67.6628, $66.1743,14.218942224047478,14.414631107031704,14.097511712692445,14.212855339050291,475207600,-0.1902065811838937,0.3171193943392598,-0.0060868849971864,False,26.17548033563116,-11.96262499658087,143.10439680882143,14.201787726804675,0.011067612245616587,0.00012249204081932224,14.20007038116455
2013-02-12, $66.8428,151743386, $68.5014, $68.9114, $66.8206,14.59327576136314,14.680621336380376,14.23507113563002,14.239940643310549,609053200,-2.506601129831354,0.4455502007503558,-0.3533351180525912,False,26.17548033563116,-11.935539692320612,142.45710774696082,14.449708899066144,-0.20976825575559488,0.04400272112274466,14.212855339050291
2013-02-11, $68.5614,128206578, $68.0714, $69.2771, $67.6071,14.50166899534219,14.758530628501406,14.402760785666729,14.606056213378906,517490400,1.0421374839296726,0.3557698428346771,0.1043872180367166,True,26.17548033563116,-11.569424122252254,133.85157452055233,14.399622227946624,0.20643398543228209,0.042614990341455654,14.239940643310549
2013-02-08, $67.8543,158143417, $67.7143, $68.4014, $66.8928,14.4255860365442,14.571971948868546,14.250590954967285,14.455410957336426,633158400,1.4437886882684214,0.3213809939012613,0.029824920792226,True,26.17548033563116,-11.720069378294735,137.36002623204192,14.47839949966545,-0.022988542329024142,0.0005284730784133348,14.606056213378906
2013-02-07, $66.8886,175627813, $66.1786, $67.1428, $64.8743,14.098420366894182,14.303846570817578,13.820559443419793,14.249675750732422,704580800,2.973416401035589,0.4832871273977854,0.1512553838382402,True,26.17548033563116,-11.925804584898739,142.22481499719177,14.212858379518098,0.03681737121432427,0.0013555188231333531,14.455410957336426
2013-02-06, $65.3357,148003914, $65.21, $66.6428, $64.6543,13.811581104259115,14.115061787411982,13.693879264177694,13.838208198547363,593706400,-0.1070634549924731,0.4211825232342878,0.0266270942882478,True,26.17548033563116,-12.337272137083797,152.20828378446421,13.954243974363184,-0.11603577581582059,0.013464301269179373,14.249675750732422
2013-02-05, $65.4063,142959083, $63.4357, $65.6771, $63.1743,13.43579019676262,13.910529273581608,13.380419133835554,13.853039741516112,573347600,3.5087823059554824,0.5301101397460535,0.4172495447534921,True,26.17548033563116,-12.322440594115049,151.84254219549445,13.565709503178478,0.28733023833763305,0.08255866586316102,13.838208198547363
2013-02-04, $63.188,119044766, $64.8443, $65.1343, $63.1428,13.73412639392252,13.795549066500213,13.373761249616544,13.38344383239746,477117200,-2.491045242898005,0.4217878168836684,-0.3506825615250601,False,26.17548033563116,-12.792036503233701,163.6361979000635,13.764923864253687,-0.3814800318562277,0.1455270147050285,13.853039741516112
2013-02-01, $64.8028,134704470, $65.5871, $65.64, $64.05,13.89146160544041,13.902656684958997,13.565892921680817,13.725348472595217,539484400,-0.410582887229094,0.3367637632781797,-0.1661131328451937,False,26.17548033563116,-12.450131863035944,155.00578340698286,13.702736833096836,0.022611639498380853,0.0005112862408047372,13.38344383239746
2013-01-31, $65.07,79445474, $65.2828, $65.6114, $64.9971,13.82701886483206,13.896610011760172,13.766504332223718,13.78193473815918,319334400,-0.2933367517777396,0.1301056795364541,-0.0450841266728812,False,26.17548033563116,-12.39354559747198,153.59997247661713,13.780602637352832,0.0013321008063478246,1.7744925582725244e-06,13.725348472595217
2013-01-30, $65.2614,104140851, $65.2857, $66.0857, $64.9286,13.827624624563729,13.997066625833371,13.75198185509041,13.822481155395508,417155200,-0.3142175497441224,0.2450847707429613,-0.005143469168221,False,26.17548033563116,-12.352999180235653,152.5965887469027,13.800819747690845,0.02166140770466285,0.00046921658374762706,13.78193473815918
2013-01-29, $65.4671,142486933, $65.5, $65.7428, $64.5886,13.873010481756651,13.924448403604544,13.679967994394412,13.866050720214844,571158000,1.8762695463721,0.2444804092101318,-0.0069597615418075,False,26.17548033563116,-12.309429615416317,151.5220574568883,13.84453990298552,0.021510817229323465,0.0004627152578733592,13.822481155395508
2013-01-28, $64.2614,195771859, $62.5464, $64.7443, $62.2657,13.247589725070716,13.712947583555016,13.187982532280714,13.610677719116213,785517600,2.2619858321897723,0.524965051274302,0.3630879940454967,True,26.17548033563116,-12.564802616514948,157.8742647919809,13.453069785673923,0.1576079334422893,0.02484026068394909,13.866050720214844
2013-01-25, $62.84,301617420, $64.5271, $65.1757, $62.1428,13.666956242987498,13.804323849845732,13.16195992958666,13.309616088867188,1208026400,-2.357370714579809,0.6423639202590721,-0.35734015412031,False,26.17548033563116,-12.865864246763973,165.53046281615948,13.636337056772637,-0.3267209679054499,0.10674659086907404,13.610677719116213
2013-01-24, $64.3571,364459099, $65.7143, $66.5328, $64.3214,13.918392430471718,14.091767517897548,13.623382338051996,13.630948066711426,1460852400,-12.35582379608935,0.4683851798455514,-0.2874443637602919,False,26.17548033563116,-12.544532268919735,157.3652898459685,13.694387747804665,-0.06343968109323939,0.0040245931372119145,13.309616088867188
2013-01-23, $73.4293,191090117, $72.6871, $73.57, $72.11,15.395261121623529,15.582252017575971,15.27302170937898,15.552599906921388,861509600,1.830580826613093,0.3092303081969909,0.1573387852978598,True,26.17548033563116,-10.622880428709772,112.8455886026651,14.767416080858904,0.7851838260624842,0.6165136407101214,13.630948066711426
2013-01-22, $72.11,114745924, $72.08, $72.5543, $70.9471,15.266661232193613,15.367114782698584,15.026720012853447,15.273015022277832,461546400,0.953945661848099,0.3403947698451368,0.0063537900842192,True,26.17548033563116,-10.902465313353328,118.86374990887249,15.356971422919235,-0.0839564006414033,0.007048677208659825,15.552599906921388
2013-01-18, $71.4285,116987465, $71.2166, $71.7457, $70.9143,15.083913525743958,15.195866007445805,15.01976800657367,15.128695487976074,472922800,-0.5330997831848538,0.176098000872134,0.0447819622321166,True,26.17548033563116,-11.046784847655086,122.03145547038201,15.140180608767857,-0.011485120791782322,0.00013190799960183057,15.273015022277832
2013-01-17, $71.8114,112900444, $72.9014, $72.9643, $71.7185,15.440643434190918,15.45395698603821,15.190113058556452,15.209778785705566,453678400,-0.673814125627259,0.2638439274817585,-0.2308646484853511,False,26.17548033563116,-10.965701549925594,120.24661048204058,15.321617052144981,-0.11183826643941508,0.012507797840173597,15.128695487976074
2013-01-16, $72.2985,172393952, $70.6628, $72.7771, $70.3571,14.966513160716811,15.414323020608796,14.901763297529676,15.312959671020508,690804800,4.150902813367408,0.5125597230791197,0.3464465103036964,True,26.17548033563116,-10.862520664610653,117.99435518909345,15.041678222219456,0.27128144880105154,0.07359362446359755,15.209778785705566
2013-01-15, $69.4171,217802615, $71.1857, $71.2843, $69.0543,15.077252327671284,15.09812999343905,14.625811587485025,14.702666282653809,876772400,-3.1549759669308064,0.4723184059540255,-0.3745860450174749,False,26.17548033563116,-11.472814052977352,131.62546229419462,15.149841907849265,-0.44717562519545595,0.1999660397689469,15.312959671020508
2013-01-14, $71.6785,183021145, $71.8114, $72.5, $71.2157,15.209781478420023,15.355622989234549,15.083608930073613,15.18164348602295,734207600,-3.565221705512001,0.2720140591609361,-0.0281379923970739,False,26.17548033563116,-10.993836849608211,120.8644486758034,15.022233815851472,0.15940967017147756,0.025411442944179262,14.702666282653809
2013-01-11, $74.3285,87569116, $74.4285, $75.0457, $74.1457,15.76409308580585,15.894804707792176,15.704182919096208,15.742913246154783,350506800,-0.6131796845983417,0.1906217886959673,-0.0211798396510669,False,26.17548033563116,-10.432567089476377,108.8384560764256,15.55051644750855,0.19239679864623405,0.03701652812931953,15.18164348602295
2013-01-10, $74.7871,149986665, $75.5071, $75.5314, $73.6457,15.99253699040952,15.9976804584912,15.598283617479456,15.840041160583496,601146000,1.2396171329785988,0.3993968410117432,-0.152495829826023,False,26.17548033563116,-10.335439175047664,106.82130294110995,15.89570428248575,-0.05566312190225453,0.003098383139905248,15.742913246154783
2013-01-09, $73.8714,101748741, $74.6428, $75.0007, $73.7128,15.809478278676444,15.885424819926904,15.61250269326383,15.646089553833008,407604400,-1.5628927204387022,0.2729221266630741,-0.1633887248434362,False,26.17548033563116,-10.529390781798153,110.8680702358159,15.810680324594752,-0.16459077076174466,0.027090121819945183,15.840041160583496
2013-01-08, $75.0443,114451364, $75.6014, $75.9843, $74.4643,16.012507654708184,16.093597674732802,15.771659856401827,15.894503593444824,458707200,0.2691576680726948,0.3219378183309747,-0.1180040612633597,False,26.17548033563116,-10.280976742186336,105.69848277337637,15.874772872791784,0.01973072065304038,0.00038930133748831414,15.646089553833008
2013-01-07, $74.8428,120838376, $74.5714, $75.6143, $73.6,15.79434764382884,16.01522585813321,15.588597653758448,15.851837158203123,484156400,-0.5882818035028103,0.4266282043747615,0.0574895143742839,True,26.17548033563116,-10.323643177428037,106.57760845485646,15.819919483451326,0.03191767475179752,0.001018737961561533,15.894503593444824
2013-01-04, $75.2857,148374285, $76.7093, $76.9471, $75.1183,16.247308651968925,16.297536255262795,15.91024092278334,15.945642471313477,594333600,-2.785417305016657,0.3872953324794554,-0.3016661806554488,False,26.17548033563116,-10.229837864317684,104.64958273022779,16.099549291345923,-0.1539068200324465,0.023687309252499872,15.851837158203123
2013-01-03, $77.4422,88054216, $78.2685, $78.5243, $77.2857,16.577408707172562,16.631569430916596,16.369238070292027,16.40252113342285,352965200,-1.2622534583175191,0.2623313606245681,-0.1748875737497108,False,26.17548033563116,-9.772959202208309,95.51073156802806,16.34708671556197,0.0554344178608801,0.003072974683574663,15.945642471313477
2013-01-02, $78.4328,139906732, $79.1171, $79.2857, $77.3757,16.75714266583897,16.792846384994757,16.388306037427718,16.61220932006836,560518000,3.16816080127722,0.404540347567039,-0.1449333457706103,False,26.17548033563116,-9.563271015562801,91.45615251710358,16.624026708716322,-0.011817388647962446,0.00013965067445699167,16.40252113342285
2012-12-31, $76.0247,164519649, $72.9328, $76.4857, $72.7143,15.447299699107342,16.199802218464356,15.40100686737373,16.102069854736328,659492400,4.431030436838768,0.7987953510906252,0.6547701556289862,True,26.17548033563116,-10.073410480894832,101.47359871660186,15.84564682460691,0.2564230301294188,0.06575277038075282,16.61220932006836
2012-12-28, $72.7984,88117426, $72.8985, $73.4971, $72.5885,15.440037123054008,15.56681560239556,15.374377518293564,15.418855667114258,354278400,-1.0620028115114866,0.1924380841019957,-0.0211814559397502,False,26.17548033563116,-10.756624668516903,115.70497425934637,15.662212893682048,-0.2433572265677899,0.05922273972276663,16.102069854736328
2012-12-27, $73.58,113575314, $73.3628, $73.75, $72.0943,15.53836977305592,15.620367914010776,15.26968463019908,15.584362030029297,455120400,0.4015289964662827,0.350683283811696,0.0459922569733777,True,26.17548033563116,-10.591118305601864,112.17178696325489,15.486820166787368,0.09754186324192915,0.009514415084707208,15.418855667114258
2012-12-26, $73.2856,75475003, $74.1428, $74.2085, $73.0171,15.703580149755556,15.71749967183776,15.465152988888718,15.5220365524292,302436400,-1.3783610798500878,0.2523466829490424,-0.1815435973263568,False,26.17548033563116,-10.653443783201961,113.49586444184452,15.652242122331556,-0.13020556990235654,0.016953490433597455,15.584362030029297
2012-12-24, $74.3097,43936990, $74.3357, $74.8928, $74.1014,15.744423738083814,15.862426148499058,15.69480051286722,15.73897647857666,175753200,0.161735874010982,0.1676256356318379,-0.0054472595071537,False,26.17548033563116,-10.4365038570545,108.92061275831347,15.656970446394446,0.08200603218221403,0.006724989314270323,15.5220365524292
2012-12-21, $74.19,148609695, $73.21, $74.2385, $72.8914,15.505995722271184,15.723848946025395,15.438521448173102,15.71356201171875,596268400,-0.460049093168291,0.2853274978522933,0.2075662894475662,True,26.17548033563116,-10.46191832391241,109.45173501621426,15.57791011945907,0.13565189225968055,0.01840143587363198,15.73897647857666
2012-12-20, $74.5329,120153986, $75.7143, $75.7428, $74.1257,16.03641446263069,16.042466078206605,15.6999527162033,15.78618621826172,481689600,-0.8702010530996396,0.342513362003304,-0.2502282443689712,False,26.17548033563116,-10.38929411736944,107.93743225720725,15.913957105739122,-0.12777088747740173,0.016325399686762852,15.71356201171875
2012-12-19, $75.1871,112061074, $75.9243, $76.2428, $75.0714,16.080892124666207,16.14836642429854,15.900255041164428,15.924763679504396,449369200,-1.4216017680244608,0.2481113831341126,-0.1561284451618103,False,26.17548033563116,-10.250716656126764,105.07719196419467,15.968324042852451,-0.04356036334805502,0.001897505255014575,15.78618621826172
2012-12-18, $76.2714,156143657, $75, $76.4143, $74.3214,15.885123950077668,16.184671586185836,15.741400938362192,16.154415130615234,625685200,2.904635198347627,0.4432706478236436,0.2692911805375662,True,26.17548033563116,-10.021065205015926,100.42174784318088,15.889555175166393,0.26485995544884133,0.07015079600036221,15.924763679504396
2012-12-17, $74.1185,189181917, $72.7043, $74.2857, $71.6043,15.398885331333773,15.733834456698242,15.165903871644156,15.69843292236328,757607200,1.7732509774368357,0.5679305850540857,0.2995475910295067,True,26.17548033563116,-10.477047413267881,109.7685224998632,15.653787893962182,0.04464502840109752,0.001993178560934804,16.154415130615234
2012-12-14, $72.8277,252115436, $73.5357, $74.0188, $72.2257,15.574987365252069,15.677257234697096,15.297527685636506,15.42491054534912,1009579200,-3.756836730346447,0.3797295490605901,-0.1500768199029494,False,26.17548033563116,-10.750569790282041,115.57475081572485,15.608574711733056,-0.18366416638393623,0.033732526013506216,15.69843292236328
2012-12-13, $75.67,155971877, $75.8785, $76.8057, $75.1143,16.071195446362072,16.267566557663265,15.909317704561593,16.027019500732422,625259600,-1.727378122824319,0.3582488531016725,-0.0441759456296502,False,26.17548033563116,-10.148460834898739,102.9912573174736,15.835456731577665,0.191562769154757,0.036696294526238724,15.42491054534912
2012-12-12, $77,121630216, $78.2528, $78.2857, $76.61,16.57408949900411,16.58104926187189,16.226130442155977,16.308732986450195,487144000,-0.4414102165681277,0.3549188197159125,-0.2653565125539145,False,26.17548033563116,-9.866747349180965,97.3527032525696,16.37343592031892,-0.06470293386872328,0.004186469651220378,16.027019500732422
2012-12-11, $77.3411,147820794, $77.11, $78.5085, $76.7671,16.33202331203343,16.628243731326794,16.259405566402304,16.381040573120117,592345600,2.183704496191829,0.3688381649244903,0.0490172610866856,True,26.17548033563116,-9.794439762511043,95.93105026145739,16.314700877910337,0.06633969520978056,0.004400955160526581,16.308732986450195
2012-12-10, $75.6887,157477787, $75, $76.93, $74.5114,15.885129990939104,16.29390740067603,15.781649770972496,16.03097152709961,630484400,-0.643153791848261,0.5122576297035337,0.1458415361605052,True,26.17548033563116,-10.144508808531551,102.91105896637423,16.04940091839244,-0.018429391292830388,0.0003396424634242525,16.381040573120117
2012-12-07, $76.1785,196603459, $79.0571, $79.3143, $75.7143,16.74442854715889,16.79889144286995,16.036406055161514,16.134742736816406,787040800,-2.5564827843203464,0.7624853877084377,-0.6096858103424836,False,26.17548033563116,-10.040737598814754,100.81641152825227,16.485597909504996,-0.3508551726885898,0.12309935220234017,16.03097152709961
2012-12-06, $78.1778,294065958, $75.5628, $79.0443, $74.09,16.004335838217656,16.741706746616185,15.692381229388172,16.558046340942383,1177212400,1.5683380294477578,1.049325517228013,0.5537105027247264,True,26.17548033563116,-9.617433994688778,92.49503664219534,16.040642248475763,0.5174040924666201,0.26770699490120675,16.134742736816406
2012-12-05, $76.9703,259803118, $81.2728, $81.3214, $76.9671,17.21372198804295,17.224008922249023,16.301764102148287,16.302370071411133,1044638000,-6.435732548195716,0.9222448201007368,-0.9113519166318156,False,26.17548033563116,-9.873110264220028,97.47830628944686,16.97543965015156,-0.6730695787404279,0.45302265782581713,16.558046340942383
2012-12-04, $82.2636,138712182, $83.1143, $83.1143, $81.7328,17.6037447941111,17.6037447941111,17.311156872195642,17.42371368408203,557068400,-1.763886255710112,0.2925879219154588,-0.1800311100290699,False,26.17548033563116,-8.75176665154913,76.59341952316746,17.139517424359866,0.2841962597221652,0.08076751404006839,16.302370071411133
2012-12-03, $83.7414,90911547, $84.8071, $84.9414, $83.6428,17.962287646140542,17.99072941644096,17.715688884793728,17.7365665435791,364280000,0.1554503590663003,0.2750405316472317,-0.2257211025614403,False,26.17548033563116,-8.438913792052059,71.21526598968646,17.765516932945296,-0.02895038936619443,0.0008381250444542635,17.42371368408203
2012-11-30, $83.6114,97622309, $83.8271, $84.0571, $83.24,17.754726254952956,17.803441344131823,17.63036841393968,17.70903778076172,391319600,-0.6923145459214686,0.1730729301921414,-0.0456884741912375,False,26.17548033563116,-8.466442554869442,71.6806495349042,17.740130253001848,-0.0310924722401289,0.0009667418300031862,17.7365665435791
2012-11-29, $84.1943,128394879, $84.3164, $84.8928, $83.6071,17.85851749471629,17.98045312383136,17.708138459994423,17.832494735717773,514698800,1.1013334714605083,0.2723146638369371,-0.0260227589985149,False,26.17548033563116,-8.342985599913387,69.60540872036213,17.797985568249935,0.03450916746783861,0.0011908826393233305,17.70903778076172
2012-11-28, $83.2771,130112749, $82.4671, $83.6857, $81.7514,17.466678451043144,17.724774576687917,17.31508913250184,17.63823890686035,520864400,-0.3146483245238141,0.4096854441860778,0.1715604558172074,True,26.17548033563116,-8.537241428770809,72.88449121312064,17.58640788073096,0.051831026129391944,0.0026864552696257106,17.832494735717773
2012-11-27, $83.54,133099650, $84.2214, $84.3457, $82.8714,17.838239889629005,17.864564819149066,17.552307945378427,17.693912506103516,533330000,-0.8057370040116307,0.3122568737706395,-0.1443273835254892,False,26.17548033563116,-8.481567829527645,71.93699284687828,17.75999623264305,-0.06608372653953509,0.004367058913352055,17.63823890686035
2012-11-26, $84.2185,157238387, $82.2714, $84.2857, $81.9585,17.425228639728573,17.851857032225077,17.358964661442773,17.837636947631836,630579600,3.154907647599825,0.4928923707823038,0.412408307903263,True,26.17548033563116,-8.337843387999325,69.51963236280406,17.510903807682023,0.32673313994981257,0.1067545447414638,17.693912506103516
2012-11-23, $81.6428,68206599, $81.0243, $81.7143, $80.3714,17.161073768423574,17.30721739549154,17.02279804626708,17.29208755493164,272826400,1.7446801681552992,0.2844193492244606,0.1310137865080669,True,26.17548033563116,-8.88339278069952,78.91466729618435,17.389463723112904,-0.09737616818126327,0.009482118129665668,17.837636947631836
2012-11-21, $80.2428,93231278, $80.6071, $81.0528, $79.5143,17.072726095407948,17.167128041629624,16.841255496562038,16.995569229125977,373002000,0.1408850064345657,0.3258725450675861,-0.077156866281971,False,26.17548033563116,-9.179911106505184,84.27076792333723,17.140892557700663,-0.14532332857468688,0.021118869828026406,17.29208755493164
2012-11-20, $80.1305,160537558, $81.7014, $81.7071, $79.2257,17.304490889349914,17.3057012117003,16.780130446449245,16.97165870666504,642754000,-0.8520691835294358,0.5255707652510537,-0.332832182684875,False,26.17548033563116,-9.203821628966121,84.71033257782459,17.187741843165643,-0.21608313650060396,0.04669192187993864,16.995569229125977
2012-11-19, $80.8185,205441312, $77.2443, $81.0714, $77.1257,16.36047157218711,17.17106652974012,16.335358578302497,17.117511749267578,823317600,7.210836309070667,0.8357079514376231,0.7570401770804693,True,26.17548033563116,-9.057968586363582,82.04679491154947,16.56543632087282,0.5520754283947582,0.3047872786372558,16.97165870666504
2012-11-16, $75.3825,316194785, $75.0285, $75.7143, $72.25,15.891175777611489,16.036411290870664,15.302669610580631,15.966214179992676,1266893600,0.3919123707037508,0.7337416802900325,0.0750384023811872,True,26.17548033563116,-10.209266155638485,104.22911543666541,16.31133150397297,-0.3451173239802934,0.11910596731131878,17.117511749267578
2012-11-15, $75.0885,197157859, $76.79, $77.0714, $74.66,16.26425088297178,16.323857270433162,15.813113895126977,15.903884887695312,789910800,-2.0972921996059823,0.5107433753061859,-0.3603659952764673,False,26.17548033563116,-10.271595447935848,105.50567304605643,16.150635705947195,-0.24675081825188272,0.06088596630797366,15.966214179992676
2012-11-14, $76.6971,119026076, $77.9285, $78.2071, $76.5971,16.50540013442903,16.56440215994244,16.223401381151543,16.24458122253418,477170400,-1.1088511747740504,0.3410007787908959,-0.2608189118948516,False,26.17548033563116,-9.93089911309698,98.6227571945104,16.285628571175103,-0.041047348640923076,0.0016848848304494895,15.903884887695312
2012-11-13, $77.5568,133201920, $76.9871, $78.64, $76.6228,16.30600234037975,16.656079699009663,16.228845479923326,16.426729202270508,532949200,0.0129017633493822,0.4272342190863369,0.1207268618907591,True,26.17548033563116,-9.748751133360653,95.0381486602006,16.275305026756698,0.15142417551381016,0.022929280930037182,16.24458122253418
2012-11-12, $77.5471,128801509, $79.1643, $79.2143, $76.95,16.767123371226592,16.77771409848414,16.298133843810547,16.424610137939453,515802000,-0.7732363254220553,0.4795802546735928,-0.3425132332871392,False,26.17548033563116,-9.750870197691707,95.07946961223232,16.63899802740314,-0.21438788946368703,0.04596216714869409,16.426729202270508
2012-11-09, $78.1514,232298080, $77.2028, $79.2685, $76.2457,16.35169212331711,16.78921331255664,16.14896709387726,16.552600860595703,929913600,1.7312647746793308,0.6402462186793798,0.200908737278592,True,26.17548033563116,-9.622879475035457,92.59980939105868,16.368086006177023,0.18451485441867987,0.03404573150114663,16.424610137939453
2012-11-08, $76.8214,263467059, $80.09, $80.3185, $76.47,16.96319701199487,17.011609936153537,16.196475908696986,16.27090835571289,1056146000,-3.629047882591285,0.8151340274565513,-0.6922886562819777,False,26.17548033563116,-9.90457197991827,98.10054610538212,16.81060672470766,-0.5396983689947703,0.29127432949561527,16.552600860595703
2012-11-07, $79.7145,198152419, $81.9764, $82.0771, $79.3928,17.362899818460896,17.38407966736426,16.815542844375347,16.883623123168945,793648800,-3.8262395358565016,0.5685368229889143,-0.4792766952919507,False,26.17548033563116,-9.291857212462215,86.33861045678609,16.971865802057565,-0.08824267888861925,0.00778677037743997,16.27090835571289
2012-11-06, $83.2642,93580438, $84.3185, $84.3914, $82.87,17.77761746891849,17.792977718630727,17.472202814806714,17.55533218383789,374917200,-0.3027512998266868,0.3207749038240131,-0.2222852850805985,False,26.17548033563116,-8.62014815179327,74.30695415886493,17.456216151225302,0.09911603261258861,0.00982398792085973,16.883623123168945
2012-11-05, $83.5173,132221850, $83.3593, $83.9671, $82.5143,17.57551083463986,17.70351933174157,17.397200703779653,17.608642578125,529135600,1.3557539755949088,0.3063186279619181,0.0331317434851392,True,26.17548033563116,-8.56683775750616,73.39070916343319,17.56009052714194,0.04855205098305859,0.0023573016546615208,17.55533218383789
2012-11-02, $82.4,149722555, $85.1271, $85.2785, $82.1071,17.948093041347594,17.98001996507705,17.31136099236046,17.373106002807617,599373600,-3.309058630403161,0.6686589727165924,-0.5749870385399767,False,26.17548033563116,-8.802374332823543,77.48179389515072,17.821069519572667,-0.44796351676505,0.2006713123525112,17.608642578125
2012-11-01, $85.22,90287637, $85.46, $86.1428, $84.8814,18.01826744204543,18.16223936691468,17.89628307335908,17.967666625976562,361298000,0.2048830913317312,0.2659562935556003,-0.0506008160688686,False,26.17548033563116,-8.207813709654598,67.36820589239397,17.78419381965893,0.1834728063176314,0.03366227065806709,17.373106002807617
2012-10-31, $85.0457,127361118, $84.9828, $85.9943, $83.9571,17.91767616151373,18.13092451516063,17.701416561596734,17.93092918395996,510003200,-1.4370358845363973,0.4295079535638955,0.0132530224462321,True,26.17548033563116,-8.2445511516712,67.9726236925229,17.927060777343343,0.0038684066166183584,1.4964569751496695e-05,17.967666625976562
2012-10-26, $86.2857,254608276, $87.0614, $87.7143, $84.4285,18.355909766698225,18.493558399704664,17.800803193168424,18.192359924316406,1018432800,-0.9088961616834924,0.6927552065362406,-0.1635498423818191,False,26.17548033563116,-7.983120411314754,63.73021150155025,18.199189863244342,-0.006829938927936041,4.664806575933612e-05,17.93092918395996
2012-10-25, $87.0768,159313328, $88.5714, $88.8571, $86.5071,18.67427937187163,18.734520363006496,18.239048264492165,18.35922622680664,656325600,-1.181862429410463,0.4954720985143304,-0.31505314506499,False,26.17548033563116,-7.81625410882452,61.093828293716186,18.497820692815367,-0.13859446600872616,0.01920842600824395,18.192359924316406
2012-10-24, $88.1185,139246492, $88.7771, $89.5071, $87.2343,18.717655602774208,18.87156693389668,18.392360637706872,18.57880210876465,558527200,0.5657222785242944,0.4792062961898082,-0.1388534940095596,False,26.17548033563116,-7.596678226866512,57.70952008254773,18.58448599265686,-0.005683883892210417,3.2306536100129044e-05,18.35922622680664
2012-10-23, $87.6222,176497913, $90.1428, $90.5571, $87.3857,19.00560175267659,19.092950408389505,18.424291317563704,18.474288940429688,707145600,-3.2601134269499066,0.6686590908258019,-0.5313128122469024,False,26.17548033563116,-7.701191395201473,59.30834890552521,18.848668877681177,-0.37437993725149,0.14016033741642958,18.57880210876465
2012-10-22, $90.5757,136374671, $87.4885, $90.7685, $87.2514,18.44597921788389,19.13752999429457,18.395979979001943,19.09686851501465,546730800,3.966631437441692,0.7415500152926313,0.6508892971307567,True,26.17548033563116,-7.078611820616512,50.10674530697181,18.448113694018428,0.6487548209962206,0.42088281776583825,18.474288940429688
2012-10-19, $87.12,185618286, $90.15, $90.2528, $87.0885,19.00710802595758,19.028793178775064,18.361639744615985,18.36826705932617,744086000,-3.603933653283531,0.6671534341590792,-0.6388409666314132,False,26.17548033563116,-7.807213276304992,60.95257914171293,19.031136227453707,-0.6628691681275392,0.43939553405409576,19.09686851501465
2012-10-18, $90.3771,119025656, $91.37, $91.7228, $90,19.264329534143865,19.338724351384894,18.975479981998856,19.05499649047852,476624400,-1.856949145282716,0.3632443693860381,-0.209333043665346,False,26.17548033563116,-7.120483845152641,50.70129018907974,18.94317460312218,0.11182188735633858,0.012504134491933674,18.36826705932617
2012-10-17, $92.0876,97195099, $92.6957, $93.2557, $92,19.5438439956846,19.661913150270205,19.39715996111365,19.4155330657959,389037600,-0.7971637428980549,0.2647531891565542,-0.1283109298886984,False,26.17548033563116,-6.759947269835262,45.69688709095321,19.365526160375012,0.05000690542088648,0.002500690589773486,19.05499649047852
2012-10-16, $92.8275,137208791, $90.7671, $92.9, $90.1428,19.137223235758487,19.586912225670524,19.00559866777069,19.57155036926269,549771600,2.3678081682717567,0.5813135578998327,0.4343271335042047,True,26.17548033563116,-6.603929966368469,43.611891000699444,19.22738855602484,0.3441618132378501,0.11844735369116483,19.4155330657959
2012-10-15, $90.68,107948432, $90.3357, $90.7328, $89.1214,19.04626421512213,19.12999679912685,18.79024557414147,19.118852615356445,432502000,0.8019680538195795,0.3397512249853811,0.0725884002343164,True,26.17548033563116,-7.056627720274715,49.79599478254952,19.222890281932628,-0.10403766657618263,0.010823836066616948,19.57155036926269
2012-10-12, $89.9591,114883754, $89.9371, $90.7685, $89.3285,18.962226899626607,19.1375241811159,18.83391759623897,18.96674537658692,460014800,0.2563362696312854,0.3036065848769311,0.0045184769603103,True,26.17548033563116,-7.208734959044239,51.96585970974655,19.009649855787007,-0.04290447920008589,0.0018407943354306025,19.118852615356445
2012-10-11, $89.7285,136341211, $92.3571, $92.4571, $89.7285,19.47245693358512,19.493540477625046,18.918251037597656,18.918251037597656,546081200,-1.9987155292513488,0.5752894400273902,-0.5542058959874652,False,26.17548033563116,-7.257229298033504,52.667377084235866,19.288184705652736,-0.3699336680550793,0.1368509187606856,18.96674537658692
2012-10-10, $91.5585,127322338, $91.3914, $92.14, $91,19.26884420030945,19.426672379275256,19.186316455659284,19.30408477783203,510356000,0.7957575531834626,0.2403559236159722,0.0352405775225825,True,26.17548033563116,-6.871395557799129,47.21607691174161,19.138779703906685,0.16530507392534588,0.027325767465464067,18.918251037597656
2012-10-09, $90.8357,209390853, $91.2357, $91.4985, $89.0785,19.23601960679826,19.29143972348172,18.78121046938797,19.151683807373047,838597200,-0.3634981637547718,0.5102292540937476,-0.0843357994252116,False,26.17548033563116,-7.023796528258114,49.33371767037073,19.252597046478783,-0.10091323910573635,0.010183481826811516,19.30408477783203
2012-10-08, $91.1671,159189568, $92.4114, $92.5085, $90.8728,19.4838972415412,19.5043791749982,19.159506396597127,19.221553802490234,637994000,-2.209707037549824,0.3448727784010721,-0.2623434390509658,False,26.17548033563116,-6.953926533140926,48.35709422832138,19.36041192619296,-0.13885812370272532,0.019281578518241367,19.151683807373047
2012-10-05, $93.2271,148189554, $95.0285, $95.1428, $93.04,20.035702561957866,20.059797358683635,19.616434761211124,19.65589141845703,594006000,-2.1310307756886693,0.443362597472511,-0.3798111435008344,False,26.17548033563116,-6.519588917174129,42.505039648939736,19.743747185660308,-0.08785576720327626,0.007718635830876272,19.221553802490234
2012-10-04, $95.2571,92516018, $95.8928, $96.3214, $95.0785,20.21791777085173,20.308277643583303,20.04623658637552,20.083885192871094,370725600,-0.6925568412398664,0.2620410572077816,-0.1340325779806406,False,26.17548033563116,-6.091595142760067,37.10753138329804,20.01440429923708,0.06948089363401522,0.004827594580181336,19.65589141845703
2012-10-03, $95.9214,105850532, $94.98, $95.98, $94.6614,20.025459447732693,20.236298137351152,19.95829193427667,20.22394752502441,424281200,1.533326432409976,0.278006203074483,0.1984880772917172,True,26.17548033563116,-5.95153281060675,35.42074279572868,20.03917556619164,0.1847719588327692,0.034140676770898555,20.083885192871094
2012-10-02, $94.4728,156293037, $94.5443, $95.1928, $92.95,19.93359086355717,20.07033552066564,19.597454126498874,19.91853141784668,627992400,0.291182127410039,0.472881394166766,-0.0150594457104915,False,26.17548033563116,-6.256948917784481,39.14940975976439,20.02849646381731,-0.10996504597062895,0.012092311335322539,20.22394752502441
2012-10-01, $94.1985,135694481, $95.88, $96.6785, $93.7857,20.2152104283053,20.383581199284063,19.773654377677992,19.860700607299805,543594800,-1.1557570947972715,0.60992682160607,-0.3545098210054966,False,26.17548033563116,-6.314779728331356,39.876443017344634,20.104651025884717,-0.2439504185849124,0.059511806727753976,19.91853141784668
2012-09-28, $95.3007,133569490, $96.9643, $97.3014, $95.25,20.44382140054505,20.51490417099203,20.08238344839335,20.092926025390625,535110800,-2.087147762388031,0.432520722598678,-0.3508953751544261,False,26.17548033563116,-6.0825543102405355,36.99746693702571,20.233065700623555,-0.14013967523293047,0.019639128574391228,19.860700607299805
2012-09-27, $97.3314,148037514, $94.8985, $97.4528, $94.3357,20.008294734900897,20.546836541617783,19.88962234794608,20.5212345123291,594090000,2.426389912953564,0.6572141936717024,0.5129397774282047,True,26.17548033563116,-5.654245823302059,31.97049583032878,20.03117990712846,0.4900546052006405,0.2401535160783556,20.092926025390625
2012-09-26, $95.0257,144088393, $95.5343, $96.0985, $94.4571,20.142330558330453,20.26130376702494,19.915227525379564,20.03510475158692,576503200,-1.2412159512486642,0.3460762416453775,-0.1072258067435356,False,26.17548033563116,-6.140375584044239,37.70421231312663,20.268392147570893,-0.23328739598397163,0.05442300912498239,20.5212345123291
2012-09-25, $96.22,129376629, $98.3228, $98.9685, $96.1428,20.73027185704379,20.86641498636058,20.27064321980204,20.286909103393555,518789600,-2.4970983852070083,0.595771766558542,-0.4433627536502342,False,26.17548033563116,-5.888571232237606,34.675271157136315,20.480451429602024,-0.193542326208469,0.03745863203418543,20.03510475158692
2012-09-24, $98.6843,159435968, $98.1228, $99.3028, $97.5714,20.68809708663836,20.936886836917083,20.571834345999594,20.80646705627441,639766400,-1.3283867489670365,0.3650524909174883,0.1183699696360491,True,26.17548033563116,-5.36901327935675,28.826303593909124,20.541235170235304,0.26523188603910697,0.07034795337186182,20.286909103393555
2012-09-21, $100.0135,142582763, $100.3443, $100.7243, $99.9088,21.156456322218546,21.23657444125245,21.064590805764503,21.086578369140625,571589200,0.1989579360579307,0.1719836354879476,-0.0698779530779205,False,26.17548033563116,-5.0889019664905355,25.89692322455124,21.027836075537245,0.05874229360338035,0.0034506570577857395,20.80646705627441
2012-09-20, $99.8143,83949835, $99.88, $100.0085, $99.0885,21.058562875474536,21.085672125469465,20.89169935331385,21.044708251953125,336568400,-0.4842710229291835,0.1939727721556146,-0.0138546235214107,False,26.17548033563116,-5.1307720836780355,26.32482217464985,21.06230041055902,-0.01759215860589336,0.0003094840444149078,21.086578369140625
2012-09-19, $100.3,81575714, $100.0371, $100.57, $99.9385,21.091697508714944,21.20404334348776,21.07091476788185,21.147117614746094,326874800,0.0270295043820922,0.1331285756059088,0.0554201060311498,True,26.17548033563116,-5.028362720885067,25.284431652786672,21.069181199937542,0.07793641480855129,0.006074084753210573,21.044708251953125
2012-09-18, $100.2728,93139368, $99.9828, $100.3328, $99.4885,21.080259769943336,21.15405300803783,20.97604521917652,21.141403198242188,373503200,0.3044284792159013,0.1780077888613149,0.0611434282988518,True,26.17548033563116,-5.034077137388973,25.341932625182356,21.097618632293344,0.043784565948843834,0.001917088215328655,21.147117614746094
2012-09-17, $99.9687,98918360, $99.9071, $99.9714, $99.23,21.06428586797969,21.07783968849613,20.92151874406369,21.077238082885746,398031200,1.2295905294798848,0.1563209444324407,0.0129522149060541,True,26.17548033563116,-5.098242252745415,25.99207406767864,21.085228376727475,-0.007990293841729113,6.384479567717418e-05,21.141403198242188
2012-09-14, $98.7543,149877325, $98.565, $99.5685, $98.27,20.7814648553922,20.99290512729295,20.71911502063765,20.82122230529785,600474000,1.2152805786720178,0.2737901066553014,0.0397574499056538,True,26.17548033563116,-5.354258030333309,28.668079055388723,20.87882167308232,-0.05759936778446928,0.0033176871691705575,21.077238082885746
2012-09-13, $97.5685,149262095, $96.7671, $97.9285, $96.3957,20.40225186282917,20.647126247950208,20.32394018803737,20.571224212646484,598360000,1.969261861491756,0.3231860599128389,0.168972349817313,True,26.17548033563116,-5.604256122984676,31.407686692011232,20.542519187216023,0.028705025430461717,0.0008239784849634539,20.82122230529785
2012-09-12, $95.6843,177589913, $95.2643, $95.7, $93.7143,20.085394525438645,20.177260037684515,19.758595552695112,20.173946380615234,712233200,1.3927004634729734,0.418664484989403,0.0885518551765898,True,26.17548033563116,-6.001533955015926,36.018409813209104,20.248876896437285,-0.07493051582205013,0.005614582201358504,20.571224212646484
2012-09-11, $94.37,125760918, $95.0157, $95.7285, $93.7857,20.03298437671846,20.18328122310704,19.773652142781287,19.89684295654297,503983200,-0.3244429313435715,0.4096290803257538,-0.1361414201754911,False,26.17548033563116,-6.278637379088192,39.42128733808344,20.07561931125903,-0.17877635471606013,0.031960985005562555,20.173946380615234
2012-09-10, $94.6771,121551956, $97.2071, $97.6128, $94.5857,20.49502864381628,20.58056765884062,19.94232985662811,19.96160697937012,487998000,-2.601241603411686,0.6382378022125117,-0.5334216644461591,False,26.17548033563116,-6.21387335626104,38.61222208765084,20.279028887350954,-0.31742190798083314,0.1007566676661925,19.89684295654297
2012-09-07, $97.2057,82228185, $96.8643, $97.4971, $96.5385,20.42273587882907,20.556168483155385,20.354064358156688,20.49472427368164,329666400,0.6166047196587643,0.2021041249986979,0.0719883948525712,True,26.17548033563116,-5.68075606194952,32.270989435376215,20.25470231346203,0.24002196021961097,0.05761054138766451,19.96160697937012
2012-09-06, $96.61,97738999, $96.1671, $96.8985, $95.8285,20.2757561234802,20.429969887703567,20.204372539304323,20.36912727355957,391196400,0.9011888614300024,0.2255973483992441,0.0933711500793741,True,26.17548033563116,-5.80635306207159,33.71373588142813,20.34587652265598,0.02325075090358908,0.0005405974175807484,20.49472427368164
2012-09-05, $95.7471,83949835, $96.51, $96.6214, $95.6571,20.348041910123985,20.37153509699793,20.168226135533725,20.18720245361328,336375200,-0.7022673648466315,0.2033089614642058,-0.160839456510704,False,26.17548033563116,-5.988277882017879,35.85947199226454,20.34888769722939,-0.16168524361610892,0.02614211800320049,20.36912727355957
2012-09-04, $96.4243,91805028, $95.1085, $96.4485, $94.9285,20.052570189280456,20.33509330484465,20.014619154950896,20.329973220825195,367892000,1.462669677012296,0.3204741498937551,0.2774030315447398,True,26.17548033563116,-5.845507114805965,34.16995342924716,20.093000495210706,0.23697272561448912,0.05615607268515995,20.18720245361328
2012-08-31, $95.0343,84463495, $95.3214, $95.5143, $93.8928,20.097439750631523,20.138101212281946,19.79624123618441,20.03689956665039,338321200,0.2063724886538276,0.3418599760975347,-0.0605401839811321,False,26.17548033563116,-6.13858076898077,37.68217385730054,20.1721958713376,-0.1352963046872091,0.01830509006201412,20.329973220825195
2012-08-30, $94.8383,75514273, $95.8057, $95.9363, $94.6933,20.19954620170679,20.22695464450021,19.96491197974177,19.99563407897949,302699600,-1.4254723828360127,0.2620426647584395,-0.2039121227273028,False,26.17548033563116,-6.179846256651672,38.19049975585168,20.135930466500426,-0.14029638752093732,0.019683076351425015,20.03689956665039
2012-08-29, $96.2094,50544551, $96.4643, $96.81, $96.0857,20.338401816031865,20.41129101127644,20.25858450382487,20.284788131713867,202806800,-0.1970988564831688,0.152706507451569,-0.0536136843179981,False,26.17548033563116,-5.890692203917293,34.70025464129198,20.211777172118616,0.07301095959525128,0.005330600221019415,19.99563407897949
2012-08-28, $96.4,66709096, $96.4253, $96.5857, $95.8104,20.33026906067035,20.364004020093063,20.20045252289183,20.324848175048828,267416800,-0.1302346679512678,0.163551497201233,-0.0054208856215218,False,26.17548033563116,-5.850632160582332,34.22989667844029,20.307783899230692,0.017064275818135854,0.0002911895091974161,20.284788131713867
2012-08-27, $96.5257,106575802, $97.1414, $97.2671, $96.22,20.48116761114312,20.507673648706017,20.286895631862613,20.35135269165039,427008400,1.8787078535337232,0.2207780168434041,-0.1298149194927305,False,26.17548033563116,-5.82412764398077,33.92046281338099,20.419952316146563,-0.06859962449617285,0.004705908481015918,20.324848175048828
2012-08-24, $94.746,107074132, $94.2157, $95.64, $93.65,19.864316624535657,20.16461118056153,19.745042658717686,19.97606086730957,437340400,0.0890777882943671,0.4195685218438427,0.1117442427739128,True,26.17548033563116,-6.19941946832159,38.432801744204745,20.028077237985258,-0.05201637067568754,0.002705702818270527,20.35135269165039
2012-08-23, $94.6614,104855271, $95.1585, $95.7, $94.45,20.06309855148237,20.17725238565588,19.91370414859887,19.958282470703125,420128800,-0.9329669530653506,0.2635482370570088,-0.1048160807792442,False,26.17548033563116,-6.2171978649280355,38.653549291665726,20.025880854213703,-0.06759838351057823,0.0045695414532432145,19.97606086730957
2012-08-22, $95.5528,140900172, $93.4885, $95.5714, $92.5871,19.71100900554066,20.15015549774856,19.520953049044245,20.146240234375,565322800,1.9525695736053008,0.6292024487043122,0.4352312288343398,True,26.17548033563116,-6.0292401012561605,36.3517361985954,19.79067644919038,0.3555637851846214,0.1264256053348156,19.958282470703125
2012-08-21, $93.7231,202792581, $95.8314, $96.4114, $92.9043,20.20497356417612,20.327260394745803,19.587817722128047,19.760404586791992,812719600,-1.3666152307646562,0.7394426726177556,-0.4445689773841295,False,26.17548033563116,-6.415075748839168,41.15319686334442,20.177764030325072,-0.41735944353307985,0.17418890510624208,20.146240234375
2012-08-20, $95.0214,152992536, $92.8585, $95.0214, $92.8428,19.57818097710185,20.034194946289062,19.57486731956005,20.034194946289062,613384800,2.629209019327483,0.4593276267290136,0.4560139691872109,True,26.17548033563116,-6.141285389342098,37.71538623334673,19.63497357059741,0.3992213756916527,0.15937770680913574,19.760404586791992
2012-08-17, $92.5871,110457373, $91.4285, $92.5985, $91.2585,19.27667721300761,19.52335804977937,19.240835028226325,19.52094841003418,442761200,1.8496157128617965,0.2825230215530467,0.2442711970265705,True,26.17548033563116,-6.654531925596981,44.28279514878946,19.53480855319105,-0.013860143156868787,0.00019210356832889667,20.034194946289062
2012-08-16, $90.9057,63601368, $90.1728, $90.9657, $90.0714,19.01192830734693,19.179092678284324,18.99054234770824,19.16644287109375,254534000,0.873463268004615,0.1885503305760849,0.1545145637468188,True,26.17548033563116,-7.0090374645374105,49.12660617928901,19.182833667602747,-0.016390796508996885,0.0002686582101993445,19.52094841003418
2012-08-15, $90.1185,64307325, $90.1857, $90.5714, $89.6785,19.014637689860816,19.095960631958125,18.90771272334661,19.00048065185547,257342400,-0.1361562241799951,0.1882479086115154,-0.0141570380053472,False,26.17548033563116,-7.174999683775692,51.48062046218128,19.060406154629234,-0.059925502773765515,0.0035910658826885785,19.16644287109375
2012-08-14, $90.2414,84939075, $90.2671, $91.23, $90.03,19.03180875639522,19.23481694701628,18.981809520324457,19.026386260986328,340169200,0.2682886009761187,0.2530074266918234,-0.0054224954088901,False,26.17548033563116,-7.149094074644832,51.10954608812185,19.01343362615919,0.012952634827136933,0.00016777074896516062,19.00048065185547
2012-08-13, $90,69562052, $89.0557, $90, $89.0357,18.77638597786184,18.97547721862793,18.77216830434676,18.97547721862793,278832400,1.335017528305693,0.2033089142811697,0.1990912407660907,True,26.17548033563116,-7.200003117003231,51.84004488485624,18.85639832365686,0.11907889497106794,0.01417978322753063,19.026386260986328
2012-08-10, $88.8143,48726623, $88.3871, $88.8228, $88.3857,18.635431170710746,18.727295088674897,18.63513036781349,18.725488662719727,194938800,0.1562909823877856,0.0921647208614082,0.0900574920089809,True,26.17548033563116,-7.449991672911434,55.50237592644971,18.746896080702083,-0.021407417982356236,0.00045827754467130913,18.97547721862793
2012-08-09, $88.6757,55081834, $88.2643, $88.8185, $88.2571,18.609522657665547,18.726388579085448,18.60801703493735,18.69626808166504,221642400,0.5702885454430762,0.118371544148097,0.086745423999492,True,26.17548033563116,-7.479212253966121,55.93861593987699,18.642471471159997,0.05379661050504225,0.0028940753018312226,18.725488662719727
2012-08-08, $88.5514,60970746, $88.4843, $89.1257, $88.1571,18.576153500592167,18.71081437709273,18.50747443544161,18.59025001525879,244706000,-0.1691256219683912,0.203339941651123,0.0140965146666225,True,26.17548033563116,-7.585230320372371,57.53571901309635,18.610533841641704,-0.020283826382915038,0.00041143361273224017,18.69626808166504
2012-08-07, $88.702,72558872, $88.9671, $89.2857, $88.2914,18.67752638531662,18.744406758940457,18.535669070182458,18.62174415588379,290446800,-0.2634502223222035,0.2087376887579992,-0.0557822294328325,False,26.17548033563116,-7.553736179747371,57.05893027322441,18.639320232377713,-0.01757607649392412,0.00030891846492027197,18.59025001525879
2012-08-06, $88.9357,75488233, $88.1843, $89.2668, $87.8943,18.51317860061216,18.74051201339537,18.45229816392802,18.67093276977539,302103200,1.112627217822526,0.288213849467354,0.1577541691632298,True,26.17548033563116,-7.50454756585577,56.31823416819176,18.54347198956539,0.12746078021000073,0.016246250491742116,18.62174415588379
2012-08-03, $87.9571,86083296, $87.6614, $88.2828, $87.3657,18.40339914246684,18.53386032748519,18.34131748049033,18.46548080444336,344920800,1.3014112591002824,0.1925428469948613,0.0620816619765207,True,26.17548033563116,-7.709999531187801,59.444092770916114,18.489310149993827,-0.02382934555046745,0.0005678377093635829,18.67093276977539
2012-08-02, $86.8271,83023385, $86.12, $87.2414, $85.75,18.07980156437809,18.315229841431343,18.002124183710063,18.228256225585938,332158400,0.1615269135363473,0.3131056577212803,0.1484546612078467,True,26.17548033563116,-7.947224110045223,63.158371055284086,18.206889732887245,0.02136649269869295,0.0004565270102432992,18.46548080444336
2012-08-01, $86.6871,96002719, $87.9864, $88.0571, $86.1428,18.47177923546494,18.4864747789688,18.08459370860861,18.19886016845703,384501600,-0.6467293927570394,0.40188107036019,-0.2729190670079084,False,26.17548033563116,-7.976620167174129,63.626469291369034,18.378702776676718,-0.1798426082196869,0.03234336373125979,18.228256225585938
2012-07-31, $87.2514,115373055, $86.1757, $87.3857, $86.1028,18.091491233403467,18.345516702987847,18.076196657122168,18.317323684692383,462327600,2.6435141542203944,0.2693200458656797,0.225832451288916,True,26.17548033563116,-7.858156650938778,61.75062595069335,18.121090044792325,0.1962336399000577,0.03850764142842552,18.19886016845703
2012-07-30, $85.0043,94626868, $84.4171, $85.6343, $83.9743,17.72231020169139,17.977833368234577,17.629336627268966,17.84557342529297,379142400,1.686725303618375,0.3484967409656114,0.1232632236015796,True,26.17548033563116,-8.329906910338192,69.38734913489996,17.922498376784493,-0.07692495149152379,0.005917448161973288,18.317323684692383
2012-07-27, $83.5943,100956620, $82.1443, $83.69, $81.6557,17.245152063414324,17.56965540851168,17.14258273857057,17.549560546875,403936400,1.7881749464343957,0.4270726699411078,0.3044084834606764,True,26.17548033563116,-8.62591978875616,74.40649220205512,17.446923108183547,0.10263743869145259,0.010534443821141689,17.84557342529297
2012-07-26, $82.1257,101611050, $82.8228, $82.9143, $81.48,17.387611593527684,17.406806306281187,17.105697258435548,17.241256713867188,406632800,-0.0156402122909904,0.3011090478456388,-0.1463548796604961,False,26.17548033563116,-8.934223621763973,79.82035172368536,17.435871080050077,-0.19461436618288985,0.03787475152476794,17.549560546875
2012-07-25, $82.1385,219211506, $82.0657, $82.9714, $81.4285,17.228659121034028,17.418801117750373,17.094898383542972,17.243953704833984,877312800,-4.318353845216006,0.323902734207401,0.0152945837999567,True,26.17548033563116,-8.931526630797176,79.77216795663915,17.22449439821967,0.019459306614315608,0.00037866461390994715,17.241256713867188
2012-07-24, $85.8457,137351661, $86.7685, $87.0971, $85.5014,18.215957745682186,18.28493791633595,17.949937135856302,18.022216796875,565132400,-0.4819166455669266,0.3350007804796462,-0.1937409488071857,False,26.17548033563116,-8.15326353875616,66.47570633241062,17.86751451637745,0.15470228049754908,0.023932795591142354,17.243953704833984
2012-07-23, $86.2614,121642186, $84.9143, $86.5571, $83.9585,17.826673471579806,18.17157111236008,17.626034030492644,18.10948944091797,487975600,-0.0778048282773835,0.5455370818674368,0.2828159693381629,True,26.17548033563116,-8.065990894713192,65.06020911359612,17.886988383792342,0.2225010571256263,0.049506720422021214,18.022216796875
2012-07-20, $86.3285,99227200, $87.5757, $87.7771, $86.2428,18.385411494939525,18.4276994386421,18.105595429306625,18.12359046936035,397471200,-1.631041752333362,0.3221040093354759,-0.2618210255791737,False,26.17548033563116,-8.051889866270809,64.83293041855454,18.280928679644987,-0.15733821028463524,0.0247553124155721,18.10948944091797
2012-07-19, $87.76,108981913, $87.3257, $87.9071, $86.5714,18.332921912010583,18.45498542911588,18.17456880828095,18.4240951538086,436861600,1.3294310171198642,0.2804166208349308,0.091173241798014,True,26.17548033563116,-7.75138518182256,60.083972236978354,18.251732680155868,0.17236247365273272,0.02970882232368898,18.12359046936035
2012-07-18, $86.6085,62685509, $86.6557, $86.9057, $86.2228,18.19226991868864,18.24475425200943,18.101396165780656,18.182373046875,252700000,-0.1120763292612903,0.1433580862287726,-0.0098968718136376,False,26.17548033563116,-7.9931072887561605,63.889764129566856,18.265533772170976,-0.08316072529597562,0.00691570623175272,18.4240951538086
2012-07-17, $86.7057,73378782, $87.2557, $87.3571, $86.1643,18.318238662144285,18.339533201491783,18.08910653571363,18.20277404785156,293624800,0.0049879388285711,0.2504266657781535,-0.1154646142927262,False,26.17548033563116,-7.9727062877796016,63.564045551200394,18.262776211930547,-0.06000216407898762,0.003600259694161752,18.182373046875
2012-07-16, $86.7014,75263813, $86.4457, $87.3743, $86.4314,18.148182150533604,18.343122803908606,18.145182176466182,18.201866149902344,301260400,0.3206828057564115,0.1979406274424242,0.0536839993687401,True,26.17548033563116,-7.973614185728817,63.57852318285582,18.159329259749658,0.04253689015268591,0.0018093870238616678,18.20277404785156
2012-07-13, $86.4243,77827633, $86.1357, $86.7414, $85.7143,18.08310158505869,18.21026172092955,17.994627178825816,18.1436824798584,311427200,1.0135318097879598,0.2156345421037357,0.0605808947997097,True,26.17548033563116,-8.031797855772762,64.50977679599593,18.116687007023856,0.02699547283454251,0.0007287555535605227,18.201866149902344
2012-07-12, $85.5571,106873442, $85.7485, $86.21, $84.6685,18.001823705447098,18.098694186753384,17.775091040222964,17.96163558959961,428041600,-0.914907297678047,0.3236031465304201,-0.0401881158474886,False,26.17548033563116,-8.213844746031551,67.46724551191012,18.043446356846832,-0.08181076724722303,0.0066930016375793,18.1436824798584
2012-07-11, $86.3471,117068665, $86.5885, $86.8085, $85.3171,18.17816929223656,18.224355751384863,17.91125012715998,18.127485275268555,469322000,-0.6215113963448982,0.3131056242248817,-0.0506840169680025,False,26.17548033563116,-8.047995060362606,64.77022449162091,18.09435592183846,0.03312935343009471,0.0010975540586961282,17.96163558959961
2012-07-10, $86.8871,127763688, $88.2814, $88.5528, $86.4728,18.533565555696192,18.590549044976022,18.153879042379973,18.240854263305664,511957600,-0.9252470766690336,0.436670002596049,-0.2927112923905284,False,26.17548033563116,-7.934626072325496,62.958290907627536,18.38358277737906,-0.14272851407339715,0.02037142872959993,18.127485275268555
2012-07-09, $87.6985,94701768, $86.4714, $87.7, $86.3014,18.15358040345674,18.411502901306704,18.117891442343083,18.41120338439941,379405600,1.3220673168869768,0.2936114589636212,0.2576229809426706,True,26.17548033563116,-7.76427695123175,60.283996575428596,18.176180103811774,0.23502328058763666,0.05523594241817499,18.240854263305664
2012-07-06, $86.5543,104693151, $86.7271, $86.92, $85.94,18.207260505600072,18.24774813533929,18.042010496285467,18.170970916748047,418930400,-0.6656992678402918,0.2057376390538223,-0.0362895888520249,False,26.17548033563116,-8.004509418883114,64.07217103698848,18.270766469162016,-0.09979555241396909,0.009959152281609252,18.41120338439941
2012-07-05, $87.1343,120978516, $85.7943, $87.7628, $85.6643,18.011428635913795,18.42470606112755,17.984137349998797,18.29274559020996,484383200,1.756757574011747,0.4405687111287548,0.281316954296166,True,26.17548033563116,-7.8827347454212,62.13750706667062,18.059252402834762,0.23349318737519908,0.05451906855062983,18.170970916748047
2012-07-03, $85.63,60428183, $84.9828, $85.7143, $84.8571,17.841075472768022,17.994629957640438,17.814684346792816,17.9769344329834,241712800,1.162840869865378,0.1799456108476214,0.1358589602153763,True,26.17548033563116,-8.198545902647762,67.21615491782241,17.991125506694512,-0.014191073711113944,0.00020138657307426929,18.29274559020996
2012-07-02, $84.6457,99806940, $83.5328, $84.7814, $83.3714,17.536664603853392,17.79878513354247,17.50277434716425,17.770294189453125,400092000,1.4589039663788217,0.2960107863782184,0.2336295855997328,True,26.17548033563116,-8.405186146178036,70.64715415190318,17.68252212269078,0.08777206676234428,0.007703935703733422,17.9769344329834
2012-06-29, $83.4285,105131912, $82.5714, $83.4285, $82.0357,17.33482332491956,17.5147705078125,17.222357136458765,17.5147705078125,421500800,2.627197349936461,0.2924133713537351,0.1799471828929384,True,26.17548033563116,-8.66070982781866,75.00789472167473,17.478867870851502,0.035902636960997825,0.0012889993407532072,17.770294189453125
2012-06-28, $81.2928,70572061, $81.6671, $82, $80.8014,17.14497996564055,17.21485869316411,16.963234089349505,17.066402435302734,282836400,-0.9486456103761532,0.251624603814605,-0.0785775303378173,False,26.17548033563116,-9.109077900328426,82.97530019425173,17.265891564258144,-0.1994891289554097,0.039795912571388085,17.5147705078125
2012-06-27, $82.0714,50737114, $82.1428, $82.3914, $81.7028,17.24484773933384,17.297032544473872,17.152476421779713,17.2298526763916,202997200,0.4317716613214006,0.1445561226941585,-0.014995062942237,False,26.17548033563116,-8.945627659239559,80.02425421775183,17.173767904160673,0.05608477223092834,0.0031455016761951105,17.066402435302734
2012-06-26, $81.7178,69124972, $81.6185, $82.07, $81.0471,17.134783871097397,17.229556144973802,17.014820143384117,17.155778884887695,276536400,0.2207524950257777,0.2147360015896851,0.0209950137902978,True,26.17548033563116,-9.019701450743465,81.35501426054377,17.159448958708992,-0.0036700738212971373,1.3469441853770572e-05,17.2298526763916
2012-06-25, $81.5378,75963043, $82.4714, $82.8285, $81.4814,17.313831307768908,17.388809840574808,17.105993800389893,17.117990493774414,304382400,-1.9463761622400373,0.2828160401849153,-0.1958408139944936,False,26.17548033563116,-9.057489841856746,82.03812223533815,17.249940506572226,-0.13195001279781238,0.01741080587734285,17.155778884887695
2012-06-22, $83.1571,70792001, $82.72, $83.17, $82.2028,17.366012370690626,17.46048350771463,17.25744472156211,17.45778465270996,284471600,0.7668841842825236,0.203038786152522,0.0917722820193347,True,26.17548033563116,-8.7176956829212,75.99821802002292,17.27063776512203,0.1871468875879323,0.03502395753385017,17.117990493774414
2012-06-21, $82.5243,81511944, $83.6343, $84.0314, $82.4914,17.55795305401765,17.641327645054414,17.318024064630958,17.324922561645508,326351200,-1.3777315002812096,0.3233035804234561,-0.2330304923721406,False,26.17548033563116,-8.850557773985653,78.33237291065787,17.514499465137284,-0.18957690349177625,0.03593940233753025,17.45778465270996
2012-06-20, $83.6773,89706357, $84.03, $84.1785, $82.9714,17.641024678603838,17.672216065785502,17.418791250439668,17.56694793701172,358943200,-0.2843207002381165,0.2534248153458343,-0.074076741592119,False,26.17548033563116,-8.608532398619442,74.1068300580806,17.52197996365845,0.04496797335326974,0.0020221186275003774,17.324922561645508
2012-06-19, $83.9157,90239127, $83.3428, $84.2857, $83.3,17.496772003896503,17.694712584520346,17.487775287211512,17.617036819458008,361404400,0.2782720662876103,0.2069372973088334,0.1202648155615051,True,26.17548033563116,-8.558443516173153,73.24695541952627,17.512953075141517,0.10408374431649037,0.010833425830940541,17.56694793701172
2012-06-18, $83.6828,109922713, $81.5657, $83.9843, $81.4814,17.1236842218841,17.63143090412925,17.105988703990295,17.56814956665039,440412000,2.029158182486434,0.5254422001389543,0.4444653447662894,True,26.17548033563116,-8.60733076898077,74.0861429666431,17.287867872980534,0.2802816936698562,0.07855782780644312,17.617036819458008
2012-06-15, $82.0185,83596545, $81.5714, $82.0885, $81.3643,17.124881722157312,17.233449358804794,17.081394123458292,17.218753814697266,335255200,0.4549053295952232,0.1520552353465021,0.0938720925399536,True,26.17548033563116,-8.956726520933895,80.2229499708006,17.27152058605914,-0.05276677136187402,0.0027843321599562883,17.56814956665039
2012-06-14, $81.6471,86325986, $81.6057, $81.9285, $81.0371,17.132082294539334,17.19986279899963,17.012719221286947,17.140779495239258,345573200,-0.1101303346048077,0.1871435777126819,0.0086972006999239,True,26.17548033563116,-9.034700840391903,81.62581927537815,17.15380390134141,-0.01302440610215072,0.00016963515431374094,17.218753814697266
2012-06-13, $81.7371,73380042, $82.0743, $82.64, $81.4828,17.230456393544056,17.349220452609135,17.10629302170189,17.159677505493164,293580000,-0.6942320371296162,0.242927430907244,-0.0707788880508921,False,26.17548033563116,-9.015802830137996,81.28470067192431,17.190464292766578,-0.03078678727341355,0.0009478262706184187,17.140779495239258
2012-06-12, $82.3085,108784723, $82.0657, $82.3743, $80.9571,17.22865475562883,17.29343368436178,16.995923752719047,17.279638290405273,435380400,0.873696142094893,0.2975099316427325,0.0509835347764422,True,26.17548033563116,-8.895842045225887,79.1360056936087,17.195912928840382,0.08372536156489119,0.007009936169171759,17.159677505493164
2012-06-11, $81.5957,147605824, $83.96, $84.0714, $81.5185,17.626324769362622,17.649717503105432,17.113778040440994,17.129974365234375,591264800,-1.5767701609186835,0.5359394626644374,-0.4963504041282469,False,26.17548033563116,-9.045505970396786,81.82117826048389,17.4965562152164,-0.36658184998202614,0.1343822527362447,17.279638290405273
2012-06-08, $82.9028,86587996, $81.6571, $82.9405, $81.2857,17.142880302644222,17.41220042975374,17.06490340702194,17.404401779174805,347516400,1.5042112107251704,0.3472970227317979,0.2615214765305822,True,26.17548033563116,-8.771078556456356,76.9318190435285,17.12972522761944,0.2746765515553662,0.07544720797434774,17.129974365234375
2012-06-07, $81.6743,94916808, $82.47, $82.4743, $81.5,17.313532829236564,17.314431380023258,17.109893351481503,17.146482467651367,379766800,0.0455061127763611,0.204538028541755,-0.167050361585197,False,26.17548033563116,-9.028997867979793,81.52280249998365,17.33684336466994,-0.1903608970185715,0.036237271113715185,17.404401779174805
2012-06-06, $81.6371,100135800, $81.11, $81.9785, $80.7857,17.028015831649398,17.210360754622158,16.959935802215018,17.138683319091797,401455600,1.53331520132014,0.2504249524071404,0.1106674874423987,True,26.17548033563116,-9.036797016539364,81.66370031813474,17.06080786631692,0.07787545277487595,0.006064586144891935,17.146482467651367
2012-06-05, $80.4043,96944429, $80.1814, $80.9243, $79.7614,16.83307632445565,16.98903015074677,16.744903021755317,16.87986183166504,388214400,-0.2587213938226251,0.2441271289914546,0.046785507209389,True,26.17548033563116,-9.295618503966121,86.40852337127735,16.9312996115312,-0.05143777986615916,0.002645845197559449,17.138683319091797
2012-06-04, $80.6128,138991972, $80.2143, $81.0714, $78.3571,16.839972795157042,17.019918387252638,16.450089878102578,16.923646926879883,556995600,0.588234160456369,0.5698285091500601,0.0836741317228408,True,26.17548033563116,-9.251833408751278,85.59642142328629,16.845114915358742,0.07853201152114053,0.0061672768335565495,16.87986183166504
2012-06-01, $80.1414,130080689, $81.3085, $81.8071, $80.0743,17.069705699366477,17.174374856201556,16.810583506329408,16.824678421020508,520987600,-2.897505909166165,0.3637913498721481,-0.2450272783459688,False,26.17548033563116,-9.350801914610653,87.43749644628625,17.00985705988197,-0.18517863886146202,0.03429112829058377,16.923646926879883
2012-05-31, $82.5328,122817347, $82.9628, $83.0714, $81.6371,17.416992669039036,17.43978637731072,17.138677502823526,17.32672119140625,491674400,-0.2486921918030793,0.3011088744871948,-0.0902714776327862,False,26.17548033563116,-8.84875914422491,78.30053839250397,17.20103968751743,0.1256815038888206,0.015795840419755628,16.824678421020508
2012-05-30, $82.7385,132188320, $81.3143, $82.8557, $80.9371,17.0709079759629,17.39451124974433,16.991731382288258,17.369918823242188,529429600,1.205744213129023,0.4027798674560721,0.2990108472792876,True,26.17548033563116,-8.805561512388973,77.53791354846598,17.151842941660792,0.21807588158139524,0.04755709012750272,17.32672119140625
2012-05-29, $81.7528,94973228, $81.5571, $82, $80.7585,17.12189054224834,17.214862521709186,16.954241141942266,17.16297721862793,380508800,1.7748964900083264,0.2606213797669205,0.0410866763795887,True,26.17548033563116,-9.01250311700323,81.22521243399295,17.200131602459916,-0.03715438383198588,0.0013804482379345339,17.369918823242188
2012-05-25, $80.3271,81958125, $80.6557, $80.8357, $79.7817,16.93264481003087,16.970433591614757,16.749098613040008,16.863664627075195,328507200,-0.5359622430225697,0.2213349785747489,-0.0689801829556735,False,26.17548033563116,-9.311815708555965,86.70991179010963,17.00456310932696,-0.14089848225176382,0.019852382300850607,17.16297721862793
2012-05-24, $80.76,123856147, $82.2671, $82.3571, $80.1757,17.270939624395957,17.289834811751902,16.83187037632348,16.95453453063965,496230000,-0.9184350901347615,0.4579644354284227,-0.316405093756309,False,26.17548033563116,-9.220945804991512,85.02584153859057,17.119713765265296,-0.1651792346256471,0.027284179551514572,16.863664627075195
2012-05-23, $81.5085,145594164, $79.6428, $81.8285, $79.0328,16.72000946551428,17.178874223892883,16.59194915552938,17.1116943359375,584897600,2.439982424745657,0.5869250683635023,0.3916848704232194,True,26.17548033563116,-9.06378599969366,82.15221664824281,16.793257665806053,0.3184366701314474,0.10140191288440424,16.95453453063965
2012-05-22, $79.5671,173417772, $81.3643, $81.9828, $78.94,17.08140247682464,17.21126470111085,16.572455893558352,16.704116821289062,694870400,-0.7678177360866179,0.6388088075524969,-0.3772856555355766,False,26.17548033563116,-9.471363514342098,89.7067268208107,17.083340201363324,-0.3792233800742615,0.14381037199494778,17.1116943359375
2012-05-21, $80.1828,157250007, $76.3571, $80.22, $76.2928,16.030208163127163,16.84116504199763,16.016710688016477,16.83336639404297,631106000,5.825983767092802,0.8244543539811531,0.8031582309158054,True,26.17548033563116,-9.342113941588192,87.27509289761646,16.256929687264144,0.576436706778825,0.33227927692201703,16.704116821289062
2012-05-18, $75.7685,182773345, $76.28, $77.63, $74.5971,16.01401566164284,16.29743067283496,15.660721929091844,15.90664768218994,732292400,0.0490307960066216,0.6367087437431156,-0.107367979452901,False,26.17548033563116,-10.26883265344122,105.44892406438066,16.29167752602841,-0.3850298438384687,0.14824798064627562,16.83336639404297
2012-05-17, $75.7314,178603164, $77.9014, $78.2143, $75.7314,16.354415916316967,16.42009660385094,15.898852348327637,15.898852348327637,717220000,-2.9226299797473487,0.5212442555233032,-0.4555635679893299,False,26.17548033563116,-10.276627987303524,105.60908278943008,16.188406034233427,-0.28955368590579056,0.08384133702162921,15.90664768218994
2012-05-16, $78.0107,139914782, $79.15, $79.5557, $77.2914,16.616535096870436,16.70170999347179,16.226351166742067,16.377506256103516,560896000,-1.2817292221271148,0.4753588267297246,-0.2390288407669203,False,26.17548033563116,-9.797974079527645,96.0002960630956,16.35614059219332,0.021365663910195565,0.00045649159432343324,15.898852348327637
2012-05-15, $79.0243,118859546, $80.2071, $80.46, $78.8214,16.838473763739426,16.891557129277082,16.547559558222588,16.590147018432617,476336000,-0.9046395073540436,0.3439975710544942,-0.2483267453068087,False,26.17548033563116,-9.585333317198543,91.87861480179643,16.668156055325888,-0.07800903689327043,0.006085409837015628,16.377506256103516
2012-05-14, $79.7457,87975396, $80.3671, $81.0728, $79.6571,16.872059337893376,17.02021446405634,16.723004059502777,16.74159812927246,352626400,-1.498128811897681,0.2972104045535637,-0.1304612086209147,False,26.17548033563116,-9.4338822063587,88.99813348345128,16.764489741553362,-0.022891612280901086,0.0005240259128191015,16.590147018432617
2012-05-11, $80.9585,99653570, $80.7143, $82.0671, $80.6214,16.944938795837903,17.228954455083397,16.9254445729627,16.99622344970703,399546000,-0.6678093339028801,0.3035098821206965,0.0512846538691285,True,26.17548033563116,-9.17925688592413,84.25875697778554,16.864941823863397,0.13128162584363423,0.01723486528414797,16.74159812927246
2012-05-10, $81.5028,83026395, $82.0828, $82.2685, $81.2058,17.23225290935256,17.271241356382298,17.048109298387356,17.110488891601562,333200000,0.2354366651236006,0.2231320579949418,-0.1217640177509977,False,26.17548033563116,-9.064991444029598,82.17406988032981,17.140992107478837,-0.03050321587727467,0.0009304461788556215,16.99622344970703
2012-05-09, $81.3114,120022806, $80.5285, $81.9968, $80.1214,16.905949293639974,17.21425783299889,16.82047487586603,17.07029914855957,480704000,0.1759900067494824,0.3937829571328599,0.164349854919596,True,26.17548033563116,-9.10518118707159,82.90432444940241,16.968814484725478,0.10148466383409271,0.010299136993518806,17.110488891601562
2012-05-08, $81.1685,124080357, $81.3685, $81.6428, $79.8185,17.082296723273807,17.13987923901349,16.756894885211185,17.04030990600586,497252000,-0.2282770249632859,0.3829843538023034,-0.0419868172679471,False,26.17548033563116,-9.135170429625301,83.45133877830051,17.069420299912615,-0.029110393906755405,0.0008474150334064622,17.07029914855957
2012-05-07, $81.3543,114959564, $80.2143, $81.8243, $80.1757,16.83996964190542,17.177968799935083,16.83187147512503,17.07929801940918,460118400,0.7483382855388854,0.3460973248100529,0.2393283775037602,True,26.17548033563116,-9.09618231622198,82.74053272994948,16.901320644912293,0.1779773744968871,0.031675945832805204,17.04030990600586
2012-05-04, $80.75,132304520, $82.44, $82.6228, $80.7385,17.307230985638377,17.345618796249564,16.950037108874454,16.952436447143555,529992400,-2.847951971163809,0.3955816873751097,-0.3547945384948221,False,26.17548033563116,-9.223043888487606,85.06453856896857,17.218855491694416,-0.26641904455086163,0.070979107299394,17.07929801940918
2012-05-03, $83.1171,97380669, $84.3571, $84.4857, $82.9,17.70970997623202,17.73670172909128,17.403800774336496,17.449386596679688,390549600,-0.7099261595178374,0.3329009547547841,-0.2603233795523323,False,26.17548033563116,-8.726093738951473,76.1447119409681,17.436160016814082,0.013226579865605714,0.00017494241494124646,16.952436447143555
2012-05-02, $83.7114,106750312, $82.8914, $83.9142, $82.6943,17.402001569611954,17.6167375386968,17.360613785493804,17.57415008544922,427389200,0.6613513259582815,0.2561237532029956,0.1721485158372644,True,26.17548033563116,-8.601330250181942,73.98288207269495,17.41013669665282,0.16401338879639837,0.026900391704478537,17.449386596679688
2012-05-01, $83.1614,152492176, $83.5571, $85.2514, $83.0328,17.541761919861205,17.897455033762146,17.431695072049184,17.45868682861328,610999200,-0.3167558692839134,0.4657599617129619,-0.0830750912479239,False,26.17548033563116,-8.71679350701788,75.98248904398906,17.544734652444827,-0.08604782383154586,0.007404227986144751,17.57415008544922
2012-04-30, $83.4257,126321688, $85.4, $85.4857, $83.2857,17.928640745038905,17.94663577760369,17.484772885271806,17.514163970947266,506144800,-3.154245983536219,0.461862892331883,-0.4144767740916393,False,26.17548033563116,-8.661316364683895,75.01840116914104,17.755886866874764,-0.24172289592749863,0.058429958415576334,17.45868682861328
2012-04-27, $86.1428,101533910, $86.4385, $86.5971, $85.7857,18.146679909539703,18.179969525407824,18.00961971857229,18.084596633911133,406722400,-0.7734232255737883,0.1703498068355351,-0.06208327562857,False,26.17548033563116,-8.090883701720028,65.46239907475878,17.91712008727857,0.16747654663256384,0.02804839367196933,17.514163970947266
2012-04-26, $86.8143,133588810, $87.7528, $87.8128, $86.0185,18.42259779054118,18.435195118159644,18.058506992712893,18.225557327270508,536068400,-0.3770276587732213,0.3766881254467513,-0.197040463270671,False,26.17548033563116,-7.949923008360653,63.20127583886209,18.296391858891223,-0.07083453162071507,0.005017530869926083,18.084596633911133
2012-04-25, $87.1428,225862488, $87.9478, $88.2857, $86.5714,18.46368290306012,18.53446177302269,18.17456907815416,18.294532775878903,905777600,8.874080655959338,0.3598926948685346,-0.169150127181215,False,26.17548033563116,-7.880947559752258,62.10933443956507,18.37249197302765,-0.077959197148747,0.006077636420077201,18.225557327270508
2012-04-24, $80.04,263552249, $80.3728, $81.0985, $79.2857,16.87326543618762,17.025620263001734,16.64503351377248,16.803386688232422,1076149200,-1.9975021628306444,0.3805867492292556,-0.0698787479551974,False,26.17548033563116,-9.372093647398739,87.83613933561179,17.362350394494488,-0.558963706262066,0.31244042491822527,18.294532775878903
2012-04-23, $81.6714,241398292, $81.5157, $82.3814, $79.5171,17.11318695272216,17.294932801607317,16.69361193058955,17.145875930786133,966529200,-0.223419574835737,0.6013208710177658,0.0326889780639731,True,26.17548033563116,-9.029604404845028,81.53375570799673,16.996005186104206,0.14987074468192674,0.022461240111515273,16.803386688232422
2012-04-20, $81.8543,257480867, $84.4828, $84.9457, $81.4885,17.736103992724836,17.83327560025657,17.107491721129314,17.184268951416016,1030985200,-2.461472605056969,0.7257838791272562,-0.55183504130882,False,26.17548033563116,-8.991211384215145,80.84188215564002,17.521090232636514,-0.33682128122049804,0.11344857548301783,17.145875930786133
2012-04-19, $83.92,208302982, $85.7457, $86.3903, $83.5028,18.00121476756477,18.13647459944911,17.53035525238346,17.617929458618164,834719200,-3.4356366966511453,0.6061193470656505,-0.3832853089466042,False,26.17548033563116,-8.557550877012996,73.2316770126659,17.706950922784515,-0.08902146416635048,0.007924821082320822,17.184268951416016
2012-04-18, $86.9057,238277411, $87.6743, $88.6071, $86.1014,18.40610439677757,18.60194680164173,18.07590223682284,18.244752883911133,954531200,-0.2230234092697069,0.5260445648188892,-0.1613515128664389,False,26.17548033563116,-7.930727451720028,62.89643791346565,18.12218390699613,0.12256897691500157,0.015023154101990187,17.617929458618164
2012-04-17, $87.1,255328647, $82.7057, $87.1428, $81.7014,17.363010967864938,18.294530620705807,17.1521735686551,18.285533905029297,1025528000,5.097123086890609,1.1423570520507056,0.9225229371643592,True,26.17548033563116,-7.889946430601864,62.251254677767086,17.66341051387637,0.6221233911529254,0.38703751381961576,18.244752883911133
2012-04-16, $82.8757,262356159, $87.1514, $87.1828, $82.6071,18.29633176470108,18.30292914294081,17.342317876336384,17.398700714111328,1050786800,-4.1472046275335845,0.960611266604424,-0.8976310505897516,False,26.17548033563116,-8.776779621519832,77.03186052472581,18.284668441096155,-0.885967726984827,0.7849388132586609,18.285533905029297
2012-04-13, $86.4614,214640084, $89.1585, $89.2428, $86.2157,18.71771080152348,18.73540632363498,18.099895544284127,18.151479721069336,859644800,-2.816459128209814,0.6355107793508523,-0.5662310804541448,False,26.17548033563116,-8.024000614561825,64.38458586248854,18.24803292257653,-0.09655320150719504,0.00932252072128901,17.398700714111328
2012-04-12, $88.9671,153188746, $89.2857, $90.19, $88.6428,18.74440493376196,18.93424901060439,18.6094445301508,18.67752456665039,614336800,-0.5477065518110225,0.3248044804535901,-0.0668803671115689,False,26.17548033563116,-7.49795576898077,56.21934071359201,18.52910477940368,0.14841978724670923,0.022028433246358434,18.151479721069336
2012-04-11, $89.4571,173844142, $90.8857, $90.9814, $89.0489,19.08029676686538,19.100390018167204,18.69461045198073,18.780385971069336,696614800,-0.3564721993176145,0.4057795661864745,-0.2999107957960447,False,26.17548033563116,-7.395094364561825,54.68742066077406,18.931829906808343,-0.15144393573900672,0.022935265672120397,18.67752456665039
2012-04-10, $89.7771,221909237, $91.4185, $92, $89.4285,19.192168902435107,19.31423244303904,18.774394105674283,18.84757232666016,889725200,-1.2244144794601453,0.5398383373647562,-0.3445965757749469,False,26.17548033563116,-7.327908008971001,53.698235787941336,19.04061848234218,-0.1930461556820191,0.037266818223606356,18.780385971069336
2012-04-09, $90.89,149052655, $89.4471, $91.4057, $89.3285,18.77829604151269,19.189473533082204,18.753404101858123,19.081205368041992,597536800,0.4024509564332312,0.4360694312240802,0.3029093265293028,True,26.17548033563116,-7.094274967589168,50.3287373157623,18.794998842051147,0.2862065259908455,0.08191417551974853,18.84757232666016
2012-04-05, $90.5257,159997578, $89.5685, $90.6657, $89.0571,18.80378015100077,19.03411177512045,18.696412186804537,19.00472068786621,641298000,1.5008535529664302,0.3376995883159139,0.200940536865442,True,26.17548033563116,-7.17075964776495,51.4197939260141,18.89341782272914,0.11130286513706977,0.012388327787720742,19.081205368041992
2012-04-04, $89.1871,142980433, $89.1928, $89.4085, $88.1428,18.72490496076795,18.77019126499858,18.50447018302004,18.723705291748047,572980800,-0.7961279763089801,0.2657210819785405,-0.001199669019904,False,26.17548033563116,-7.451775043883114,55.52895130463918,18.815328561198882,-0.09162326945083521,0.008394823504860352,19.00472068786621
2012-04-03, $89.9028,208117692, $89.6143, $90.3157, $88.93,18.813383713174176,18.960641930787684,18.6697277071511,18.873966217041016,834559600,1.7280329398601024,0.2909142236365838,0.0605825038668399,True,26.17548033563116,-7.301514118590145,53.31210842397122,18.774424800260682,0.09954141678033324,0.009908493654636008,18.723705291748047
2012-04-02, $88.3757,149091365, $85.9757, $88.3957, $85.7685,18.049508274835688,18.55755611894764,18.006020670986043,18.55335807800293,598351600,3.182333850802377,0.5515354479615979,0.5038498031672418,True,26.17548033563116,-7.622122257628231,58.096747710231675,18.330288551133982,0.22306952686894732,0.04976001381753601,18.873966217041016
2012-03-30, $85.65,182067395, $86.9671, $87.2228, $85.42,18.257654891416845,18.31133890996307,17.932851923700962,17.981138229370117,731038000,-1.6905320631400933,0.3784869862621072,-0.2765166620467276,False,26.17548033563116,-8.194342106261043,67.14724255444267,18.353339013190826,-0.3722007838207091,0.1385334234767502,18.55335807800293
2012-03-29, $87.1228,151111705, $87.54, $88.08, $86.7471,18.37791660341953,18.4912829695098,18.211466863659627,18.290342330932617,608238400,-1.2564173139199108,0.2798161058501698,-0.0875742724869113,False,26.17548033563116,-7.885138004698543,62.175401353141325,18.231090800743253,0.05925153018936413,0.003510743829781129,17.981138229370117
2012-03-28, $88.2314,163667329, $88.34, $88.7785, $87.1871,18.54586149573889,18.63793490928272,18.30383423122874,18.523069381713867,655460400,0.5109784132811601,0.334100678053975,-0.0227921140250231,False,26.17548033563116,-7.652410953917293,58.55939340763338,18.448630952041427,0.07443842967244052,0.005541079812098873,18.290342330932617
2012-03-27, $87.7828,151353625, $86.5971, $88.04, $86.58,18.17997585624685,18.48288519834156,18.176376847735305,18.42890167236328,607129600,1.235661458118864,0.3065083506062542,0.2489258161164329,True,26.17548033563116,-7.746578663267879,60.00948098619716,18.29221091874879,0.13669075361449146,0.01868436212369761,18.523069381713867
2012-03-26, $86.7114,148719035, $85.6843, $86.7357, $85.0371,17.988326200395534,18.209062121222374,17.85246887428604,18.203962326049805,595742000,1.8337529228558136,0.3565932469363346,0.2156361256542709,True,26.17548033563116,-7.971518009581356,63.5450993770799,18.134585746257933,0.0693765797918715,0.004813109823617914,18.42890167236328
2012-03-23, $85.15,107403062, $85.7843, $85.9714, $84.9144,18.00931780808854,18.04860576416529,17.826671817819868,17.876157760620117,430488800,-0.5490029544801267,0.2219339463454233,-0.1331600474684222,False,26.17548033563116,-8.299322575011043,68.87875520408794,18.0694371271131,-0.19327936649298394,0.037356913511929206,18.203962326049805
2012-03-22, $85.62,155867437, $85.3971, $86.3571, $85.0757,17.92805304575689,18.12959435251649,17.86057362706674,17.97484016418457,623870800,-0.5244321211745229,0.269020725449753,0.0467871184276802,True,26.17548033563116,-8.20064017144659,67.25049922154356,17.901752069481503,0.07308809470306699,0.0053418695873244885,17.876157760620117
2012-03-21, $86.0714,160447118, $86.1057, $87.0928, $85.9157,18.07680098138086,18.284039427343338,18.03691398330684,18.0696029663086,644042000,-0.5709964052572625,0.2471254440364987,-0.0071980150722623,False,26.17548033563116,-8.10587736932256,65.70524792649562,18.03305830832239,0.036544657986212314,0.0013355120273292314,17.97484016418457
2012-03-20, $86.5657,203497481, $85.6443, $86.7, $83.1428,17.979929231054836,18.20156208984808,17.739101666754934,18.17337226867676,816662000,0.8085351347239644,0.4624604230931446,0.1934430376219253,True,26.17548033563116,-8.0021080669544,64.03373351521667,18.00325624805679,0.17011602061997166,0.028939460471574623,18.0696029663086
2012-03-19, $85.8714,224435817, $85.4814, $85.9671, $84.15,17.945737282545164,18.04770593977265,17.666220824339604,18.027612686157227,901236000,2.6521077616443733,0.3814851154330476,0.081875403612063,True,26.17548033563116,-8.147867649473934,66.38774723334389,18.01737222146761,0.010240464689616147,0.00010486711705927513,18.17337226867676
2012-03-16, $83.6528,206076492, $83.5314, $84.1714, $82.5714,17.53636084091672,17.670720576439923,17.334821237631918,17.561853408813477,825487600,0.0017377498680692,0.3358993388080051,0.0254925678967552,True,26.17548033563116,-8.613626926817684,74.19456883439865,17.70007805760684,-0.13822464879336493,0.019106053534049084,18.027612686157227
2012-03-15, $83.6514,289496777, $85.6585, $85.7157, $82.65,17.98292185713305,17.994918544241592,17.35131149696012,17.561548233032227,1159718000,-0.6819245550981123,0.6436070472814741,-0.4213736241008234,False,26.17548033563116,-8.613932102598934,74.1998262681845,17.827328865543855,-0.2657806325116283,0.07063934461828121,17.561853408813477
2012-03-14, $84.2257,353599156, $82.5785, $84.96, $82.2,17.336330619048812,17.83628055010024,17.25685290236996,17.682126998901367,1418844000,3.78104228529208,0.5794276477302809,0.3457963798525547,True,26.17548033563116,-8.493353336729793,72.13705090253912,17.40672074056178,0.27540625833958643,0.07584860713261102,17.561548233032227
2012-03-13, $81.1571,172173592, $79.6485, $81.1685, $79.3928,16.721211441670437,17.04031552248892,16.667525830735915,17.03791618347168,690855200,2.9166836605021063,0.372789691753006,0.3167047418012423,True,26.17548033563116,-9.13756415215948,83.49507863483001,17.04892778218863,-0.011011598716951454,0.0001212553063031669,17.682126998901367
2012-03-12, $78.8571,101001000, $78.426, $78.8571, $78.1428,16.464483298787894,16.555057525634766,16.40510047220656,16.555057525634766,407282400,1.2528255506185415,0.1499570534282064,0.0905742268468721,True,26.17548033563116,-9.620422809996395,92.55253504309893,16.656289994511845,-0.10123246887707893,0.010248012754948754,17.03791618347168
2012-03-09, $77.8814,104560151, $77.7443, $78.2485, $77.5871,16.32142575846606,16.427294563055995,16.288435656373125,16.350217819213867,418919200,0.5867249863621193,0.13885890668287,0.0287920607478078,True,26.17548033563116,-9.825262516417293,96.53578351651468,16.394100728022664,-0.04388290880879708,0.0019257096855212006,16.555057525634766
2012-03-08, $77.4271,128668929, $76.3843, $77.57, $76.0171,16.03591094780409,16.284836701223668,15.958834203713746,16.254846572875977,516457200,2.129320744980645,0.326002497509922,0.2189356250718859,True,26.17548033563116,-9.920633762755184,98.41897425471808,16.136661370415855,0.11818520246012199,0.013967742080540024,16.350217819213867
2012-03-07, $75.8128,198964910, $76.6857, $76.8257, $74.7571,16.09919009392351,16.128581184495772,15.694310603076792,15.915945053100586,798520800,0.0810827488401333,0.4342705814189802,-0.1832450408229249,False,26.17548033563116,-10.259535282530575,105.25806421348972,16.144403819944134,-0.2284587668435485,0.05219340814767485,16.254846572875977
2012-03-06, $75.7514,202211301, $74.8085, $76.2414, $73.7458,15.70510980902548,16.005919253980622,15.481976142090032,15.903050422668455,810238800,-0.5439156559462921,0.5239431118905902,0.1979406136429755,True,26.17548033563116,-10.272429912962705,105.52281631673097,15.76939627437565,0.13365414829280553,0.017863431355875252,15.915945053100586
2012-03-05, $76.1657,201797181, $77.9171, $78.2114, $75.1428,16.35771239261026,16.419492942582057,15.77528511512026,15.990022659301758,809124400,-2.2048130846245573,0.6442078274617966,-0.3676897333085023,False,26.17548033563116,-10.185457676329403,103.74354807629756,16.18928966646192,-0.199267007160163,0.03970734014256845,15.903050422668455
2012-03-02, $77.8828,107544392, $77.7485, $78.1143, $77.5028,16.322329655876448,16.399105298764066,16.27074386853382,16.350521087646484,431712400,0.1304370933331355,0.128361430230246,0.0281914317700362,True,26.17548033563116,-9.824959247984676,96.52982422455962,16.196746920727882,0.1537741669186019,0.023646494411510042,15.990022659301758
2012-03-01, $77.7814,170563731, $78.31, $78.3157, $76.9671,16.440188716368482,16.44138998718124,16.15827288033678,16.329221725463867,683270000,0.3742631423260922,0.2831171068444575,-0.1109669909046147,False,26.17548033563116,-9.846258610167293,96.94880861829355,16.399683783198164,-0.07046205773429648,0.0049649015801513305,16.350521087646484
2012-02-29, $77.4914,237448891, $77.3657, $78.23, $76.5285,16.241944230598055,16.4233905321208,16.066196756277897,16.268335342407227,952011200,1.3129247878636674,0.3571937758429016,0.0263911118091719,True,26.17548033563116,-9.907144993223934,98.15152191676206,16.263296821526627,0.005038520880599862,2.5386692664240805e-05,16.329221725463867
2012-02-28, $76.4871,149434575, $75.4228, $76.4871, $75.1214,15.83407899858222,16.057512283325195,15.770797620735154,16.057512283325195,600387200,1.835498160159288,0.2867146625900414,0.2234332847429758,True,26.17548033563116,-10.117968052305965,102.37327750748416,15.976718024249026,0.08079425907616944,0.0065277122996671875,16.268335342407227
2012-02-27, $75.1085,136457481, $74.4728, $75.5, $73.7543,15.634628117426688,15.85026422016224,15.483774142086531,15.768089294433594,547582000,0.6412684932600721,0.3664900780757083,0.1334611770069056,True,26.17548033563116,-10.407391041197567,108.31378828439938,15.773153019073366,-0.005063724639772005,2.564130722743412e-05,16.057512283325195
2012-02-24, $74.63,103715531, $74.2385, $74.7, $74.0914,15.585442874309717,15.682313342603466,15.554552598987074,15.667617797851562,415072000,1.1657715377452416,0.1277607436163919,0.0821749235418458,True,26.17548033563116,-10.507862537779598,110.41517511287189,15.639776151434539,0.02784164641702347,0.0007751572752105558,15.768089294433594
2012-02-23, $73.77,141721973, $73.5828, $73.9756, $72.7857,15.4477859342519,15.530261988454004,15.280436089201144,15.48707389831543,568027600,0.6530053455995999,0.2498258992528601,0.0392879640635293,True,26.17548033563116,-10.68840643731573,114.24203216925235,15.515056029678593,-0.02798213136316363,0.0007829996756253458,15.667617797851562
2012-02-22, $73.2914,120564116, $73.2971, $73.6414, $72.7243,15.38779825575278,15.460076293813296,15.26753346902646,15.386598587036133,483302400,-0.3516039149287553,0.1925428247868357,-0.001199668716648,False,26.17548033563116,-10.788881748595028,116.3999693851669,15.412796213640371,-0.026197626604238522,0.000686315639695106,15.48707389831543
2012-02-21, $73.55,150412545, $72.4114, $73.55, $72.0171,15.20186047683734,15.44088935852051,15.119084904046868,15.440889358520508,605595200,2.535311344942137,0.3218044544736411,0.2390288816831685,True,26.17548033563116,-10.734590977110653,115.23144344586544,15.256676013511512,0.18421334500899533,0.03393455647940315,15.386598587036133
2012-02-17, $71.7314,133666300, $71.8728, $72.5385, $71.4714,15.088785023342997,15.228544002097973,15.004510312704632,15.059094429016112,535805200,-0.0179504908367045,0.224033689393341,-0.029690594326885,False,26.17548033563116,-11.116385906615049,123.57403562478969,15.202158046728673,-0.1430636177125617,0.020467198713006,15.440889358520508
2012-02-16, $71.7443,235805641, $70.2143, $72.1271, $69.5186,14.740594357830195,15.142174309794774,14.594537473154348,15.061798095703123,944552000,0.9122486600730672,0.5476368366404252,0.3212037378729278,True,26.17548033563116,-11.113682239928037,123.51393293009187,14.841967833083533,0.21983026261959004,0.04832534436339793,15.059094429016112
2012-02-15, $71.0957,374517892, $73.4657, $75.1843, $70.9843,15.423189394883742,15.783980591742946,14.902244809107255,14.925639152526855,1506120000,-2.314236278746717,0.8817357826356904,-0.4975502423568869,False,26.17548033563116,-11.249841183104305,126.55892664506968,15.286830739096764,-0.3611915865699089,0.130459362208888,15.061798095703123
2012-02-14, $72.78,114963904, $72.0943, $72.7943, $71.7143,15.135279692926224,15.282235165670404,15.055504093678604,15.279236793518066,460398400,1.3648607481534292,0.2267310719918001,0.1439571005918427,True,26.17548033563116,-10.896243542113094,118.72812332904131,15.051893977124124,0.22734281639394283,0.05168475616593,14.925639152526855
2012-02-13, $71.8,128970559, $71.3614, $71.9757, $71.0128,14.981431005646828,15.110393087571442,14.908252760341895,15.073504447937012,517216000,1.860511996537495,0.2021403272295465,0.0920734422901841,True,26.17548033563116,-11.101975887694149,123.25386861094228,15.07571218673094,-0.0022077387939276605,4.874110582213161e-06,15.279236793518066
2012-02-10, $70.4886,157587127, $70.1371, $71.0886, $69.7928,14.724405225109592,14.924144565669566,14.652125547298358,14.798182487487791,631302000,0.0507248881176813,0.2720190183712088,0.0737772623781989,True,26.17548033563116,-11.37729784814337,129.44290632536774,14.836487548727014,-0.03830506123922284,0.001467277716540612,15.073504447937012
2012-02-09, $70.4528,220416976, $68.68, $70.9643, $68.6514,14.418491051622231,14.898047899309503,14.412492706917757,14.790679931640623,884214800,3.459332922319591,0.4855551923917467,0.3721888800183919,True,26.17548033563116,-11.384800403990537,129.6136802387031,14.541090589643456,0.24958934199716687,0.06229483963857872,14.798182487487791
2012-02-08, $68.0971,101696381, $67.2143, $68.1128, $67.1,14.110784363946776,14.29942711527906,14.08679098310877,14.29612922668457,407890000,1.6743678017628438,0.2126361321702905,0.1853448627377947,True,26.17548033563116,-11.87935110894659,141.11898276963058,14.338349739208672,-0.04222051252410175,0.0017825716777978328,14.790679931640623
2012-02-07, $66.9757,78941684, $66.4643, $67.1071, $66.3687,13.953333378353882,14.088293762103229,13.933238518638008,14.060701370239258,316223600,1.0475317784340632,0.1550552434652203,0.1073679918853756,True,26.17548033563116,-12.114778965391903,146.7678693803021,14.062703975141218,-0.0020026049019605807,4.010426393356547e-06,14.29612922668457
2012-02-06, $66.2814,62225658, $65.4828, $66.4257, $65.4573,13.747288677553776,13.945229207147843,13.741890969273186,13.91493797302246,249412800,0.9332273470815888,0.2033382378746573,0.1676492954686832,True,26.17548033563116,-12.260542362608701,150.32089902532255,13.846231282238062,0.0687066907843974,0.004720609358542798,14.060701370239258
2012-02-03, $65.6686,71618981, $65.3286, $65.7143, $65.08,13.714902728968337,13.795877984031426,13.662717928248131,13.786280632019045,286599600,1.001902873454208,0.1331600557832946,0.071377903050708,True,26.17548033563116,-12.389199703612116,153.49226929598254,13.774106071398549,0.012174560620495711,0.00014821992630212493,13.91493797302246
2012-02-02, $65.0171,46615058, $65.1286, $65.31, $64.8543,13.67291839405872,13.711006694953124,13.61533586649544,13.64952564239502,186796400,-0.2345427326361226,0.095670828457683,-0.0233927516636995,False,26.17548033563116,-12.525954693236141,156.8995409770045,13.701731241600976,-0.05220559920595669,0.0027254245884529857,13.786280632019045
2012-02-01, $65.17,67269418, $65.4871, $65.57, $65.0786,13.748195720893431,13.765590124843149,13.66242176874655,13.681614875793455,270046000,-0.0635373583087739,0.1031683560965994,-0.0665808450999758,False,26.17548033563116,-12.493865459837705,156.09667412852562,13.702779081051833,-0.021164205258378033,0.00044792358421875635,13.64952564239502
2012-01-31, $65.2114,97874379, $65.0843, $65.4628, $64.7243,13.663621095353824,13.743097191441702,13.588043524414632,13.690313339233398,391683600,0.7660074011278883,0.1550536670270705,0.0266922438795749,True,26.17548033563116,-12.485166996397762,155.87939492793993,13.659018624633756,0.031294714599642504,0.0009793591618730776,13.681614875793455
2012-01-30, $64.7157,94626868, $63.6728, $64.8428, $63.6271,13.36730691037354,13.612933959897964,13.357710358154822,13.586241722106934,379341200,1.2810523293948162,0.2552236017431415,0.2189348117333942,True,26.17548033563116,-12.589238613524227,158.4889288682494,13.469362224570578,0.11687949753635607,0.013660816944351065,13.690313339233398
2012-01-27, $63.8971,74902122, $63.4771, $64.0686, $63.3957,13.326222188253167,13.450385566572477,13.309128100854911,13.414396286010742,299709200,0.5959945584100401,0.1412574657175653,0.0881740977575749,True,26.17548033563116,-12.761084049620418,162.84526612147664,13.406185256033034,0.008211029977708506,6.742101329482775e-05,13.586241722106934
2012-01-26, $63.5186,80913094, $64.0514, $64.1128, $63.3057,13.446787255727148,13.459682500963034,13.290234397716208,13.334920883178713,323985200,-0.4544756863552268,0.1694481032468253,-0.1118663725484356,False,26.17548033563116,-12.840559452452448,164.8799670519659,13.424392519471757,-0.08947163629304455,0.008005173700954847,13.414396286010742
2012-01-25, $63.8086,239249712, $64.92, $64.9214, $63.39,13.629131635053486,13.629431151977856,13.307927763324432,13.395801544189451,958314000,6.243935313540838,0.321503388653424,-0.233330090864035,False,26.17548033563116,-12.77967879144171,163.32019001242503,13.515135906706611,-0.11933436251715968,0.014240690077376885,13.334920883178713
2012-01-24, $60.0586,127725188, $60.7286, $60.7286, $59.9357,12.749191298483051,12.749191298483051,12.582740821895332,12.608532905578612,547638000,-1.637799580154797,0.1664504765877197,-0.1406583929044398,False,26.17548033563116,-13.566947430052549,184.06206256980946,12.964207060083915,-0.35567415450530326,0.12650410418306235,13.395801544189451
2012-01-23, $61.0584,76162193, $60.3814, $61.2071, $60.3286,12.676316196847724,12.849665220001976,12.66521965543384,12.818473815917969,306062400,1.6916832891433309,0.1844455645681364,0.1421576190702449,True,26.17548033563116,-13.357006519713192,178.4096231676607,12.64101975672791,0.1774540591900582,0.03148994312302868,12.608532905578612
2012-01-20, $60.0428,103061661, $61.07, $61.0714, $59.9643,12.82086929533752,12.821168812170626,12.588738143750016,12.605233192443848,413974400,-1.7416954638530768,0.2324306684206103,-0.2156361028936722,False,26.17548033563116,-13.570247143187313,184.15160752718342,12.808573754418713,-0.2033405619748656,0.04134738414425416,12.818473815917969
2012-01-19, $61.1071,65151043, $61.45, $61.6241, $60.93,12.900648101431988,12.937236411909115,12.791480602084476,12.828669548034668,261738400,-0.3169267002519405,0.1457558098246387,-0.0719785533973205,False,26.17548033563116,-13.346810787596493,178.1373581999021,12.785754803769391,0.04291474426527664,0.0018416752753540942,12.605233192443848
2012-01-18, $61.3014,68859875, $60.9943, $61.3528, $60.9,12.804975276265122,12.880252512599697,12.785181536324002,12.86945629119873,276791200,1.0383937724675718,0.0950709762756947,0.0644810149336088,True,26.17548033563116,-13.30602404443243,177.05027587101395,12.801809054204025,0.06764723699470565,0.004576148673017873,12.828669548034668
2012-01-17, $60.6714,60589792, $60.6, $60.8557, $60.4228,12.722198198823875,12.775882985990716,12.685009260781564,12.737194061279297,242897200,1.1647961867994328,0.0908737252091516,0.0149958624554216,True,26.17548033563116,-13.438286274351864,180.5875379914337,12.762264497597526,-0.025070436318229028,0.000628526777186377,12.86945629119873
2012-01-13, $59.9728,56446393, $59.9571, $60.0643, $59.8086,12.587242043099709,12.609734640162005,12.55605064274429,12.590539932250977,226021600,-0.3749370652673889,0.0536839974177141,0.003297889151268,True,26.17548033563116,-13.584940403380184,184.55060576339136,12.628163939097753,-0.03762400684677658,0.001415565891206291,12.737194061279297
2012-01-12, $60.1986,53125179, $60.3257, $60.4143, $59.8214,12.664616430646788,12.683210500333717,12.558747637627013,12.637924194335938,212587200,-0.2745196282775808,0.1244628627067037,-0.0266922363108506,False,26.17548033563116,-13.537556141295223,183.26542627872,12.62710772900699,0.010816465328947089,0.00011699592221231446,12.590539932250977
2012-01-11, $60.3643,53739093, $60.3828, $60.4071, $59.9014,12.67661180360841,12.681710797357642,12.57554249182353,12.67271327972412,215084800,-0.1630352750484065,0.106168305534112,-0.0038985238842901,False,26.17548033563116,-13.502767055907041,182.3247181660885,12.651508285276293,0.02120499444782631,0.0004496517895323446,12.637924194335938
2012-01-10, $60.4628,64474443, $60.8443, $60.8571, $60.2143,12.773483922525696,12.776183578418514,12.641223207499063,12.693408012390137,258196400,0.3580239652795969,0.1349603709194511,-0.0800759101355588,False,26.17548033563116,-13.482072323241024,181.76627412910162,12.726694888245877,-0.033286875855740305,0.001108016104235467,12.67271327972412
2012-01-09, $60.2471,98339110, $60.7857, $61.1071, $60.1928,12.76119153186434,12.828670932426732,12.636727835704786,12.64812469482422,394024400,-0.158616759475394,0.1919430967219462,-0.1130668370401188,False,26.17548033563116,-13.52735564080694,182.98935063287135,12.725950439142045,-0.07782574431782407,0.006056846478623326,12.693408012390137
2012-01-06, $60.3428,79538994, $59.9671, $60.3928, $59.8886,12.5893423538848,12.678715319211694,12.572847300507158,12.668218612670898,318292800,1.045423388751554,0.1058680187045357,0.0788762587860976,True,26.17548033563116,-13.507261722960262,182.44611925254742,12.59832728128626,0.06989133138463899,0.004884798202717423,12.64812469482422
2012-01-05, $59.7186,67606475, $59.2786, $59.7928, $58.9528,12.444780190257449,12.552747184746066,12.376399865782531,12.537152290344238,271269600,1.1101836336209203,0.1763473189635345,0.0923721000867896,True,26.17548033563116,-13.638328045286922,186.0039918708598,12.511352631259353,0.025799659084885462,0.000665622408896313,12.668218612670898
2012-01-04, $59.0628,64703000, $58.5714, $59.24, $58.4686,12.296325988020328,12.436684865741086,12.274732745750228,12.399495124816896,260022000,0.537382435026923,0.1619521199908575,0.1031691367965681,True,26.17548033563116,-13.775985210814264,189.77776852857332,12.368892761787288,0.03060236302960817,0.0009365046229959289,12.537152290344238
2012-01-03, $58.7471,75476123, $58.4857, $58.9286, $58.4286,12.278335702975562,12.371307676590316,12.2663390092779,12.333218574523926,302220800,1.5382845773862952,0.1049686673124163,0.0548828715483633,True,26.17548033563116,-13.842261761107235,191.60821066301156,12.30896931698178,0.02424925754214513,0.0005880264913452825,12.399495124816896
2011-12-30, $57.8571,44900596, $57.6443, $58.04, $57.6414,12.10168551768474,12.18476140878131,12.101086483930075,12.14637279510498,179662000,-0.029630687816573,0.083674924851234,0.0446872774202411,True,26.17548033563116,-14.02910754052618,196.81585838364853,12.170869595412665,-0.024496800307684197,0.0006000932253145565,12.333218574523926
2011-12-29, $57.8743,53774275, $57.6286, $57.95, $57.2157,12.09838873345268,12.165868935528056,12.011715422786873,12.149972915649414,215978000,0.6159286947429177,0.1541535127411837,0.0515841821967342,True,26.17548033563116,-14.025507419981746,196.71485838796303,12.103270219452117,0.046702696197296945,0.0021811418320970143,12.14637279510498
2011-12-28, $57.52,57101943, $58.1271, $58.3214, $57.3343,12.203057926155692,12.24384508395168,12.036607401164687,12.07559585571289,228662000,-0.9568300879204904,0.2072376827869924,-0.1274620704428013,False,26.17548033563116,-14.09988447991827,198.8067423470401,12.172601493551635,-0.09700563783874472,0.009410093772501701,12.149972915649414
2011-12-27, $58.0757,66234181, $57.5857, $58.4414, $57.5743,12.089386221956005,12.269032222804531,12.08698608347284,12.192255020141602,265076000,0.7933376853139551,0.1820461393316907,0.1028687981855966,True,26.17548033563116,-13.983225315489559,195.53059022374808,12.072621161175814,0.11963385896578771,0.014312260211045985,12.07559585571289
2011-12-23, $57.6186,67331438, $57.0986, $57.6557, $57.0707,11.987123068268666,12.104088439996948,11.981124720870172,12.096290588378906,269399200,1.1993803832990757,0.1229637191267762,0.1091675201102404,True,26.17548033563116,-14.079189747252254,198.223583939133,12.046983560604133,0.04930702777477336,0.0024311829879822716,12.192255020141602
2011-12-22, $56.9357,50399476, $56.7143, $57.0186, $56.5857,11.906442719598903,11.970324698701978,11.879451766563712,11.952929496765137,202358800,0.5296804488014839,0.0908729321382662,0.0464867771662333,True,26.17548033563116,-14.222550838866024,202.28095236412864,11.960896241187434,-0.007966744422297722,6.346901669021187e-05,12.096290588378906
2011-12-21, $56.635,65476620, $56.67, $56.7571, $56.0014,11.897147967386696,11.915443325082055,11.75678985924907,11.8899507522583,262948000,0.1262709614373802,0.1586534658329856,-0.0071972151283947,False,26.17548033563116,-14.28552958337286,204.07635547742115,11.904629624259819,-0.014678872001518073,0.0002154692832369512,11.952929496765137
2011-12-20, $56.5643,84150665, $55.3943, $56.5857, $55.3228,11.62932901555775,11.879455291861792,11.614333948216414,11.874956130981444,337215200,3.5949162108592336,0.2651213436453776,0.2456271154236944,True,26.17548033563116,-14.300524204649717,204.50499252777243,11.708394899403391,0.16656123157805247,0.027742643864797623,11.8899507522583
2011-12-19, $54.6014,58582206, $54.6386, $54.9786, $54.3543,11.470673215004403,11.542051921496425,11.410990080431842,11.462875366210938,235530400,0.3122862207241672,0.1310618410645823,-0.0077978487934657,False,26.17548033563116,-14.712604969420223,216.46074498620865,11.599962525469998,-0.13708715925906034,0.018792889233718975,11.874956130981444
2011-12-16, $54.4314,105291372, $54.3371, $54.8786, $54.2243,11.407396081267477,11.52106196225098,11.383703009311208,11.427189826965332,421478400,0.5489196275899166,0.1373589529397723,0.0197937456978554,True,26.17548033563116,-14.748290508665828,217.51207292800257,11.414452026994677,0.012737799970654606,0.00016225154809240848,11.462875366210938
2011-12-15, $54.1343,64036768, $54.7614, $54.82, $54.0443,11.49646707026119,11.508763279445258,11.345911785282752,11.364806175231934,256200000,-0.3287591260412004,0.1628514941625063,-0.1316608950292561,False,26.17548033563116,-14.810674160399227,219.35606908551733,11.45987677891047,-0.09507060367853626,0.009038419683801311,11.427189826965332
2011-12-14, $54.3128,101456840, $55.2428, $55.34, $53.9543,11.597533973260369,11.617928345903405,11.32701502527232,11.402292251586914,406887600,-2.2170392646655768,0.2909133206310841,-0.1952417216734545,False,26.17548033563116,-14.773188084044246,218.24708616654692,11.503750081187281,-0.10145782960036698,0.010293691187217102,11.364806175231934
2011-12-13, $55.5443,84620155, $56.1428, $56.4857, $55.3,11.786479688668884,11.858459037893027,11.60953249064627,11.66081714630127,338928800,-0.7732901214700716,0.2489265472467572,-0.1256625423676141,False,26.17548033563116,-14.514663189329891,210.67544749968818,11.639760213114437,0.02105693318683244,0.0004433944352347253,11.402292251586914
2011-12-12, $55.9771,74755332, $55.9543, $56.2714, $55.6357,11.746893140857578,11.813473187806563,11.68001357699604,11.751691818237305,301067200,-0.4521866756887482,0.1334596108105241,0.0047986773797266,True,26.17548033563116,-14.423788517393856,208.04567519450285,11.704581490994514,0.04711032724279107,0.002219382932922863,11.66081714630127
2011-12-09, $56.2314,74176572, $56.1214, $56.2914, $55.8614,11.781980356121672,11.81766930964542,11.72739621434195,11.805072784423828,296993200,0.7577024782773112,0.0902730953034716,0.0230924283021565,True,26.17548033563116,-14.370407551207332,206.50861318779673,11.759234946264483,0.04583783815934517,0.00210110740712232,11.751691818237305
2011-12-08, $55.8086,93960468, $55.9214, $56.5, $55.7471,11.73999116383616,11.861454837776543,11.703402062998226,11.71629810333252,376356400,0.4034877899401712,0.1580527747783175,-0.0236930605036409,False,26.17548033563116,-14.459182232298641,209.06795082682072,11.75062817577107,-0.03433007243855002,0.0011785538736360916,11.805072784423828
2011-12-07, $55.5843,76144063, $55.7043, $55.8486, $55.2518,11.694406499078902,11.724697743633357,11.599334724384596,11.669214248657228,304746400,-0.4757717076636747,0.1253630192487609,-0.0251922504216732,False,26.17548033563116,-14.506266086973932,210.43175578609,11.689883520453048,-0.020669271795819455,0.00042721879656945757,11.71629810333252
2011-12-06, $55.85,70841701, $56.0728, $56.3757, $55.6257,11.771784773330287,11.835366441790528,11.677913458874771,11.724998474121094,283598000,-0.5241544568663659,0.1574529829157569,-0.0467862992091934,False,26.17548033563116,-14.450481861510067,208.81642602983143,11.723711055020566,0.0012874191005280977,1.6574479404045762e-06,11.669214248657228
2011-12-05, $56.1443,89257027, $56.2128, $56.63, $55.7697,11.801175433942817,11.888749682974073,11.7082034744127,11.786779403686523,357210000,0.8493918396858424,0.1805462085613722,-0.0143960302562931,False,26.17548033563116,-14.388700931944637,207.03471450894446,11.762367038651599,0.024412365034924832,0.0005959635665984206,11.724998474121094
2011-12-02, $55.6714,94724238, $55.69, $56.2328, $55.5114,11.691405199188456,11.805371341175952,11.65391674765356,11.687506675720217,379055600,0.4562205491958737,0.1514545935223932,-0.0038985234682389,False,26.17548033563116,-14.487973659910944,209.9013807702733,11.712622506861631,-0.0251158311414148,0.0006308049739240615,11.786779403686523
2011-12-01, $55.4186,95857679, $54.6486, $55.5714, $54.3928,11.472776168848146,11.66651798098101,11.41909216194294,11.634428024291992,387181200,1.4992451358980086,0.2474258190380691,0.1616518554438464,True,26.17548033563116,-14.541052311339168,211.44220232110217,11.535663312450584,0.09876471184140811,0.00975446830511638,11.687506675720217
2011-11-30, $54.6,101253000, $54.47, $54.6108, $54.0428,11.435284640912217,11.464975250746726,11.345610574299249,11.462575912475586,405938400,2.4115496175388,0.1193646764474767,0.027291271563369,True,26.17548033563116,-14.712904423155575,216.46955656491087,11.492686857597175,-0.030110945121588628,0.000906669016115322,11.634428024291992
2011-11-29, $53.3143,93871498, $53.6914, $54.1186, $52.8857,11.271835957798386,11.36150924450938,11.102686574410525,11.192659378051758,375855200,-0.7762988984945762,0.2588226700988549,-0.0791765797466279,False,26.17548033563116,-14.982820957579403,224.48492384688058,11.326187566515571,-0.13352818846381354,0.017829777114427705,11.462575912475586
2011-11-28, $53.7314,86538996, $53.1928, $53.8171, $52.9043,11.167161673599953,11.298222694103236,11.106579997626936,11.280227661132812,346413200,3.451844923548819,0.1916426964763005,0.1130659875328596,True,26.17548033563116,-14.895252674498348,221.8685522371502,11.16355766109505,0.11667000003776273,0.013611888908811556,11.192659378051758
2011-11-25, $51.9386,63689820, $52.6314, $53.0214, $51.9028,11.049300167287765,11.13117558857662,10.896345546729645,10.903843879699709,254760800,-0.931898803056197,0.2348300418469744,-0.1454562875880558,False,26.17548033563116,-15.271636455931452,233.22288004213456,11.117584851550356,-0.21374097185064755,0.04568520304765931,11.280227661132812
2011-11-23, $52.4271,107011272, $53.5014, $53.6914, $52.4114,11.231944697065556,11.271833295294488,11.003113015565788,11.006412506103516,428271200,-2.5284697986781235,0.2687202797287007,-0.2255321909620402,False,26.17548033563116,-15.169067829527645,230.10061881681054,11.104511214250788,-0.09809870814727262,0.009623356540163771,10.903843879699709
2011-11-22, $53.7871,102201781, $53.0028, $53.99, $52.9914,11.12727447372058,11.334512876400238,11.124875135864272,11.291925430297852,409021200,2.032420280668301,0.2096377405359657,0.1646509565772707,True,26.17548033563116,-14.883554905333309,221.5202066200712,11.072372047799348,0.21955338249850342,0.04820368776653415,11.006412506103516
2011-11-21, $52.7157,111837844, $52.9143, $53.0971, $52.2728,11.108684037845286,11.1470734588641,10.97402475074104,11.066997528076172,447980400,-1.5815444723459748,0.1730487081230602,-0.0416865097691143,False,26.17548033563116,-15.108482807554989,228.26625274618468,11.16030222302388,-0.0933046949477081,0.008705766099284865,11.291925430297852
2011-11-18, $53.5628,92964578, $54.1314, $54.2843, $53.5543,11.364204333032315,11.396294277995477,11.243040164746793,11.244839668273926,371938000,-0.6545002632964758,0.1532541132486837,-0.1193646647583897,False,26.17548033563116,-14.930640667357235,222.9240307377417,11.24767993709204,-0.0028402688181135005,8.067126959147862e-06,11.066997528076172
2011-11-17, $53.9157,119918436, $54.8543, $54.94, $53.6428,11.515962543436864,11.533957585089691,11.261639028189654,11.31892204284668,479900400,-1.912794513678384,0.2723185569000375,-0.1970405005901838,False,26.17548033563116,-14.85655829278448,220.71732430690332,11.408674911326207,-0.08975286847952724,0.008055577400303314,11.244839668273926
2011-11-16, $54.9671,87102636, $55.6071, $55.8771, $54.9028,11.6740115920976,11.73069474970943,11.52615519437958,11.53965187072754,349210400,-1.0441872036077382,0.2045395553298501,-0.1343597213700587,False,26.17548033563116,-14.63582846490362,214.20747485408305,11.537412171395605,0.002239699331935796,5.016253097473651e-06,11.31892204284668
2011-11-15, $55.5471,107614952, $54.4, $55.6428, $54.2071,11.420590511455122,11.681512174037984,11.380102874376917,11.661418914794922,430810800,2.523332076792961,0.3014092996610671,0.2408284033397993,True,26.17548033563116,-14.514061420836239,210.65797892780685,11.449928991783992,0.21148992301093017,0.04472798753516917,11.53965187072754
2011-11-14, $54.18,108182162, $54.7886, $55.0357, $54.0286,11.50216649231456,11.55405179237587,11.342614469626486,11.374404907226562,432905200,-1.39357750592618,0.2114373227493828,-0.1277615850879971,False,26.17548033563116,-14.801075428404598,219.07183383732234,11.545637881137981,-0.1712329739114189,0.029320731354548664,11.661418914794922
2011-11-11, $54.9457,163319499, $55.23, $55.5286, $54.3228,11.594837793355817,11.657519310698332,11.404394703664044,11.53515625,653786000,-0.1557243709177092,0.2531246070342874,-0.0596815433558166,False,26.17548033563116,-14.64032408563116,214.3390893323119,11.505359264272533,0.029796985727466918,0.0008878603584428673,11.374404907226562
2011-11-10, $55.0314,186111226, $56.7186, $56.7443, $54.5928,11.90734115759875,11.912739667767466,11.461074727996936,11.553147315979004,744752400,-2.5450651583178274,0.4516649397705308,-0.3541938416197467,False,26.17548033563116,-14.622333019652157,213.81262293760975,11.76490530693621,-0.2117579909572065,0.04484144673423234,11.53515625
2011-11-09, $56.4686,139385792, $56.71, $57.27, $56.3186,11.905546089210327,12.023111285249325,11.823371139683,11.85486125946045,558684000,-2.6955064690026065,0.1997401455663254,-0.050684829749878,False,26.17548033563116,-14.320619076170711,205.08013072478448,11.770040496887791,0.08482076257265803,0.007194561763407225,11.553147315979004
2011-11-08, $58.0328,99898290, $57.4586, $58.2857, $57.3657,12.062698315290758,12.236346835143664,12.043204090432416,12.18326187133789,400442000,1.6260953577237114,0.1931427447112472,0.1205635560471325,True,26.17548033563116,-13.99221846429327,195.78217755250952,11.977937860506787,0.20532401083110408,0.042157949423771345,11.85486125946045
2011-11-07, $57.1043,67411392, $57.13, $57.1428, $56.59,11.993719663438648,11.996418518987142,11.880353315149712,11.988320350646973,270275600,-0.1274281177979563,0.1160652038374294,-0.0053993127916758,False,26.17548033563116,-14.187159984984188,201.27550843953654,12.048123102347223,-0.059802751700249956,0.003576369110921749,12.18326187133789
2011-11-04, $57.1771,75324993, $57.4328, $57.6343, $57.0228,12.05730033294689,12.09958747452852,11.97122606273398,12.003616333007812,302229200,-0.7020992923467695,0.1283614117945397,-0.0536839999390768,False,26.17548033563116,-14.171864002623348,200.84172930885146,12.021180426233594,-0.017564093225781008,0.0003084973708439263,11.988320350646973
2011-11-03, $57.5814,110279293, $57.01, $57.6286, $56.48,11.96852501884211,12.098386402631135,11.857258507059484,12.088489532470703,441386400,1.4242296024933765,0.2411278955716511,0.1199645136285934,True,26.17548033563116,-14.086990803160457,198.44330988832732,11.968805142074023,0.11968439039667977,0.014324353304624853,12.003616333007812
2011-11-02, $56.7728,81719705, $57.1557, $57.2057, $56.4443,11.99911554403132,12.009612247864192,11.849759148866688,11.918739318847656,327350800,0.2269555144736701,0.1598530989975035,-0.080376225183663,False,26.17548033563116,-14.256741016783504,203.25466441963715,12.018431819012118,-0.09969250016446196,0.009938594589041248,12.088489532470703
2011-11-01, $56.6443,132769740, $56.7728, $57.0714, $56.1743,11.918742897600527,11.98142362257755,11.793080329020851,11.89175033569336,531790000,-2.0430460868254285,0.1883432935566986,-0.0269925619071678,False,26.17548033563116,-14.283729999937801,204.02494271112315,11.906696153146854,-0.014945817453494215,0.00022337745935317228,11.918739318847656
2011-10-31, $57.8257,96335779, $57.4886, $58.4757, $57.2928,12.06899259853648,12.276230995018835,12.02790433939946,12.139771461486816,385501200,-0.0420029427973034,0.2483266556193761,0.0707788629503358,True,26.17548033563116,-14.035708874144344,197.00112359973429,11.994954147866855,0.14481731361996175,0.02097205432410236,11.89175033569336
2011-10-28, $57.85,80540134, $57.5714, $58.05, $57.5014,12.086389993675386,12.186860286199597,12.07169444652446,12.144872665405272,322842800,0.0642588886748063,0.1151658396751358,0.0584826717298856,True,26.17548033563116,-14.030607670225889,196.85795159580155,12.093154450201773,0.05171821520349873,0.0026747737838354073,12.139771461486816
2011-10-27, $57.8128,123496347, $58.2228, $58.4286, $57.4128,12.223147769881724,12.266335856091372,12.05309908509068,12.137073516845703,494664800,1.0209617810667426,0.213236771000691,-0.0860742530360205,False,26.17548033563116,-14.038406818785457,197.07686600972204,12.18387992421349,-0.04680640736778763,0.002190839770679284,12.144872665405272
2011-10-26, $57.2286,113884784, $57.3943, $57.5071, $56.1644,12.04919977371985,12.072893638132223,11.79097701432242,12.014410972595217,456304800,0.7114622673260351,0.2819166238098027,-0.034788801124634,False,26.17548033563116,-14.161069363035944,200.53588550471522,12.06802319361502,-0.053612221019802675,0.0028742702426761716,12.137073516845703
2011-10-25, $56.8243,107432952, $57.8614, $58.0786, $56.7686,12.147271971741436,12.192858599984786,11.91784124615959,11.929536819458008,430427200,-1.9715748720809725,0.2750173538251967,-0.2177351522834278,False,26.17548033563116,-14.245943516173153,202.9469066659959,12.088832177607655,-0.15929535814964702,0.025375011128024313,12.014410972595217
2011-10-24, $57.9671,125430938, $56.5971, $58.0714, $56.4857,11.881853065580945,12.1913597357516,11.858460315135414,12.169466972351074,502138000,3.283555633257329,0.3328994206161866,0.2876139067701295,True,26.17548033563116,-14.006013363280086,196.16841033238035,11.886487941135865,0.2829790312152092,0.08007713210749832,11.929536819458008
2011-10-21, $56.1243,154943506, $56.8714, $57.02, $55.8214,11.939433350195996,11.970623945220828,11.718998562875406,11.78257942199707,621244400,-0.6172304234140391,0.2516253823454217,-0.1568539281989256,False,26.17548033563116,-14.39290091363409,207.15559670968904,12.00798619177211,-0.2254067697750397,0.05080821186041776,12.169466972351074
2011-10-20, $56.4728,137224191, $57.1428, $57.1928, $56.3157,11.996415145000608,12.006911848183163,11.822767464289996,11.855756759643556,549270400,-0.8304004568051915,0.1841443838931677,-0.1406583853570513,False,26.17548033563116,-14.319723575987604,205.0544832926952,11.909509965845505,-0.053753206201948345,0.002889407176989178,11.78257942199707
2011-10-19, $56.9457,275674643, $57.3357, $58.3456, $56.8286,12.036906823077093,12.24894316767019,11.930438174154729,11.955031394958496,1104059600,-5.593980491407247,0.3185049935154609,-0.0818754281185967,False,26.17548033563116,-14.220448940672664,202.2211680742783,11.96147844775503,-0.006447052796534791,4.1564489761307075e-05,11.855756759643556
2011-10-18, $60.32,213231124, $60.2514, $60.6867, $59.4271,12.649024643933124,12.740498237283658,12.475976732211311,12.66342067718506,881602400,0.5357440706055705,0.2645215050723468,0.0143960332519359,True,26.17548033563116,-13.5120596584461,182.57575621340655,12.394338027757232,0.269082649427828,0.07240547222309938,11.955031394958496
2011-10-17, $59.9986,171172941, $60.2486, $60.9571, $59.42,12.64842300838711,12.797178784669596,12.47447417909574,12.595938682556152,686044800,-0.4762938881507805,0.3227046055738558,-0.0524843258309584,False,26.17548033563116,-13.579541653075008,184.40395150759912,12.64210797792312,-0.04616929536696723,0.0021316038346822623,12.66342067718506
2011-10-14, $60.2857,142922473, $59.5471, $60.2857, $59.3243,12.501165860164818,12.656219482421877,12.45437876680541,12.656219482421877,573367200,3.3224721920553035,0.2018407156164663,0.1550536222570588,True,26.17548033563116,-13.519260853209284,182.77041401711702,12.52270130258687,0.13351817983500602,0.01782710434645301,12.595938682556152
2011-10-13, $58.3471,105774372, $57.8543, $58.3471, $57.55,12.145771566410112,12.249241828918455,12.081891186542766,12.249241828918455,426185200,1.55153904697507,0.1673506423756894,0.1034702625083436,True,26.17548033563116,-13.926238506712705,193.94011894584773,12.31269321121227,-0.06345138229381497,0.004026077914995856,12.656219482421877
2011-10-12, $57.4557,155337537, $58.1914, $58.4643, $57.1628,12.216547485853116,12.273829667794605,12.000611911236382,12.062093734741213,622286000,0.4746002590664266,0.273217756558223,-0.1544537511119035,False,26.17548033563116,-14.113386600889948,199.18768134617991,12.216149877606549,-0.1540561428653362,0.02373329515454488,12.249241828918455
2011-10-11, $57.1843,151188005, $56.0814, $57.5971, $55.9286,11.773586810673049,12.091792335789725,11.741496853076892,12.005117416381836,605687600,2.952625581559487,0.3502954827128324,0.2315306057087873,True,26.17548033563116,-14.170362919249325,200.79918526323624,11.862515572430304,0.14260184395153175,0.020335285898377013,12.062093734741213
2011-10-10, $55.5443,110141043, $54.1557, $55.5443, $54.03,11.369304746137336,11.66081714630127,11.342912024444496,11.66081714630127,442514800,5.140577360908316,0.3179051218567732,0.2915124001639331,True,26.17548033563116,-14.514663189329891,210.67544749968818,11.579636800439618,0.08118034586165201,0.006590248554217441,12.005117416381836
2011-10-07, $52.8286,133849140, $53.6828, $53.9628, $52.6413,11.2700381671569,11.32882037577245,11.051403588398326,11.090691566467283,535458000,-2.0060086811910627,0.2774167873741238,-0.179346600689616,False,26.17548033563116,-15.084788769163877,227.55085221029265,11.394465787679945,-0.3037742212126613,0.09227877747335887,11.66081714630127
2011-10-06, $53.91,202875671, $53.3328, $54.9686, $53.1149,11.196561883727217,11.53995976802534,11.150675713531736,11.317726135253906,812582400,-0.2325819522256189,0.3892840544936042,0.1211642515266895,True,26.17548033563116,-14.857754200377254,220.75285987882793,11.14695654413418,0.17076959111972556,0.029162253251198252,11.090691566467283
2011-10-05, $54.0357,196160359, $52.5514, $54.26, $51.4714,11.03250328483266,11.391195493287528,10.805770657276163,11.344110488891602,786469600,1.5436386273740776,0.5854248360113647,0.3116072040589408,True,26.17548033563116,-14.831369846739559,219.9695315307754,11.119797617607823,0.22431287128377875,0.05031626422357309,11.317726135253906
2011-10-04, $53.2143,308080802, $53.51, $54.5428, $50.6057,11.233742087933804,11.450577037327411,10.624025181736256,11.171660423278809,1233677200,-0.5605849186112288,0.8265518555911555,-0.062081664654995,False,26.17548033563116,-15.003819912352352,225.11461196230093,11.259913251919688,-0.08825282864087924,0.007788561763116396,11.344110488891602
2011-10-03, $53.5143,166972660, $54.3386, $54.6628, $53.3101,11.407689538000223,11.4757687383569,11.19175396519062,11.23464012145996,669099200,-1.762359016157089,0.2840147731662803,-0.1730494165402643,False,26.17548033563116,-14.940840214171201,223.22870630539535,11.312625159871269,-0.07798503841130966,0.006081666216013443,11.171660423278809
2011-09-30, $54.4743,136874891, $55.3028, $55.5557, $54.4543,11.610134853448136,11.663219825261924,11.431987947464473,11.436186790466309,547640800,-2.368341243571704,0.2312318777974518,-0.173948062981827,False,26.17548033563116,-14.739293545164852,217.24677421053826,11.46634542429277,-0.030158633826461667,0.0009095431942785979,11.23464012145996
2011-09-29, $55.7957,162647149, $57.4171, $57.4586, $55.1728,12.054003536590557,12.062700739963985,11.58284335527568,11.713604927062988,651086800,-1.6221218058700029,0.4798573846883052,-0.3403986095275684,False,26.17548033563116,-14.461875408568172,209.14584033294884,11.825614313063099,-0.11200938600011057,0.012546102552121765,11.436186790466309
2011-09-28, $56.7157,107310242, $57.17, $57.6771, $56.6443,12.00211737854693,12.108586036033074,11.8917501959215,11.906746864318848,429637600,-0.5635048179012947,0.2168358401115746,-0.0953705142280831,False,26.17548033563116,-14.268733471312313,203.59675487534832,11.88905535281457,0.017691511504278168,0.00031298957930600676,11.713604927062988
2011-09-27, $57.0371,157716487, $58.39, $58.4643, $56.8657,12.25823701057785,12.27383190666488,11.938232914226612,11.97422218322754,632497600,-0.9698437089744716,0.3355989924382676,-0.28401482735031,False,26.17548033563116,-14.20125815240362,201.67573311121026,12.123280048998438,-0.14905786577089764,0.022218247348174937,11.906746864318848
2011-09-26, $57.5957,203032191, $57.1228, $57.7114, $55.9,11.992220107781892,12.115783649744188,11.735497270639083,12.091490745544434,812876400,-0.2794788043554597,0.3802863791051045,0.099270637762542,True,26.17548033563116,-14.083989590086727,198.3587627736713,11.973917611616528,0.11757313392790536,0.01382344182162917,11.97422218322754
2011-09-23, $57.7571,136487861, $57.1828, $58.1057, $57.1214,12.004814263974922,12.198556823760333,11.991918221282548,12.125378608703612,546277200,0.617209601351254,0.2066386024777848,0.1205643447286899,True,26.17548033563116,-14.050101726927549,197.4053585370125,12.023189276407834,0.10218933229577765,0.010442659635056865,12.091490745544434
2011-09-22, $57.4028,241788403, $57.29, $58.5457, $56.6714,12.027306426185204,12.290927683467771,11.897445059463688,12.05099868774414,968480800,-2.504002413407058,0.3934826240040827,0.0236922615589367,True,26.17548033563116,-14.12448164788702,199.50098182149722,12.049688241308608,0.001310446435532242,1.7172698603991586e-06,12.125378608703612
2011-09-21, $58.8771,150996555, $59.9486, $60.2271, $58.8571,12.585438375029208,12.64392103379566,12.356307216505826,12.360506057739258,605976000,-0.3168634921250302,0.2876138172898344,-0.2249323172899497,False,26.17548033563116,-13.814974277891903,190.8535142988149,12.386604650934457,-0.026098593195198916,0.0006811365667684831,12.05099868774414
2011-09-20, $59.0643,193493638, $59.3214, $60.4086, $58.7414,12.453779996542222,12.682012650146625,12.332016779884828,12.39979648590088,775754000,0.4421356836034729,0.3499958702617967,-0.0539835106413413,False,26.17548033563116,-13.77568384973028,189.76946552771966,12.409408408641948,-0.009611922741067147,9.238905878024377e-05,12.360506057739258
2011-09-19, $58.8043,205318042, $56.7143, $59.0328, $56.4578,11.906444849194024,12.393199861774992,11.852462132621064,12.345213890075684,823860800,2.7790505615894467,0.5407377291539284,0.4387690408816596,True,26.17548033563116,-13.830266445555477,191.27626995505773,12.067221075983559,0.2779928140921246,0.07728000468685856,12.39979648590088
2011-09-16, $57.2143,173859192, $56.5057, $57.2147, $56.4328,11.862655757194617,12.0114107131958,11.84736037743254,12.0114107131958,698513200,1.9187618210127155,0.1640503357632603,0.1487549560011842,True,26.17548033563116,-14.16406962243536,200.62086826919617,12.01962223369355,-0.008211520497749092,6.74290688849535e-05,12.345213890075684
2011-09-15, $56.1371,103610951, $55.9186, $56.2371, $55.7,11.73939313248984,11.80627348309625,11.693506990992864,11.785279273986816,417818800,0.940105615876008,0.1127664921033861,0.0458861414969771,True,26.17548033563116,-14.390201061644344,207.07788659455,11.822523057494706,-0.037243783507889816,0.0013870994099825654,12.0114107131958
2011-09-14, $55.6143,133540370, $55.2886, $56.03, $55.1086,11.607137515635952,11.76279104486561,11.56934872349025,11.675517082214355,534724400,1.2168091109676649,0.1934423213753593,0.0683795665784039,True,26.17548033563116,-14.499963253416805,210.24893435043765,11.657294721497749,0.018222360716606545,0.0003320544300861254,11.785279273986816
2011-09-13, $54.9457,110052633, $54.5914, $55.1728, $54.3214,11.46077755699017,11.582841100798214,11.404094385926452,11.53515625,440560400,1.231789265594907,0.178746714871762,0.0743786930098302,True,26.17548033563116,-14.64032408563116,214.3390893323119,11.523660024256458,0.011496225743542254,0.00013216320634648366,11.675517082214355
2011-09-12, $54.2771,116765635, $53.2857, $54.4114, $53.1286,11.186658593164752,11.42298699287448,11.153667693782031,11.39479637145996,467832400,0.6516409717365335,0.269319299092448,0.2081377782952067,True,26.17548033563116,-14.780683964171201,218.4686184487077,11.296219872869031,0.0985764985909281,0.009717326074447249,11.53515625
2011-09-09, $53.9257,141166172, $54.8471, $55.1428, $53.5743,11.514466269623856,11.576547172593004,11.24724505758004,11.32102394104004,564813200,-1.733693884577081,0.3293021150129647,-0.1934423285838153,False,26.17548033563116,-14.85445639459112,220.65487477880902,11.460234299922723,-0.13921035888268207,0.01937952402024514,11.39479637145996
2011-09-08, $54.8771,103837961, $54.6286, $55.5157, $54.6157,11.468573824269452,11.65481884670798,11.465874969240136,11.520758628845217,416158400,0.0546887190664646,0.1889438774678442,0.0521848045757646,True,26.17548033563116,-14.654721706785944,214.76086830334313,11.404545036031664,0.11621359281355303,0.013505599154634305,11.32102394104004
2011-09-07, $54.8471,87373746, $55.08, $55.0857, $54.5714,11.563346834675666,11.564546503844072,11.456577880382016,11.514461517333984,350576800,1.1033640528607114,0.1079686234620567,-0.0488853173416821,False,26.17548033563116,-14.661018818297176,214.94547279046392,11.536149857633186,-0.021688340299201414,0.0004703841049339641,11.520758628845217
2011-09-06, $54.2486,127132428, $52.4814, $54.3328, $52.3543,11.017811407737854,11.406495497709267,10.991119163071223,11.388801574707031,509698000,1.5212256040743055,0.4153763346380437,0.3709901669691771,True,26.17548033563116,-14.78667876092413,218.64586877876474,11.179162830670872,0.2096387440361589,0.04394840300105815,11.514461517333984
2011-09-02, $53.4357,109691503, $53.5343, $54, $53.1186,11.238841320793265,11.336612744052408,11.151568202710871,11.218148231506348,438939200,-1.831891254886564,0.1850445413415364,-0.020693089286917,False,26.17548033563116,-14.957332104124813,223.7217836730828,11.278885536698077,-0.06073730519172926,0.0036890202419532624,11.388801574707031
2011-09-01, $54.4328,85770886, $55.1171, $55.3343, $54.3886,11.5711449566854,11.616730784463554,11.418190337501647,11.42748737335205,343725200,-0.9874410122549082,0.1985404469619069,-0.1436575833333488,False,26.17548033563116,-14.74799296227911,217.50329641543414,11.435211512580562,-0.007724139228511007,5.966232682142261e-05,11.218148231506348
2011-08-31, $54.9757,130506429, $55.7957, $56.0114, $54.5514,11.71360091636582,11.75888722280844,11.452378980876208,11.541452407836914,522586400,-1.3231020615833144,0.3065082419322316,-0.172148508528906,False,26.17548033563116,-14.634027927794246,214.15477339146196,11.601190856439615,-0.059738448602701055,0.003568682241457556,11.42748737335205
2011-08-30, $55.7128,104308921, $55.4643, $55.9771, $55.1728,11.644020337660567,11.751688630039702,11.582838819362138,11.696205139160156,417922400,0.0051126357692332,0.168849810677564,0.0521848014995889,True,26.17548033563116,-14.479275196471004,209.64941021514045,11.595864092553757,0.10034104660639898,0.01006832563406753,11.541452407836914
2011-08-29, $55.71,101134490, $55.4543, $55.9286, $55.4286,11.641923189380762,11.74149413231359,11.636525478772333,11.69560718536377,405269200,1.665859224537214,0.1049686535412579,0.0536839959830075,True,26.17548033563116,-14.479873150267391,209.6667264478345,11.648712844115582,0.04689434124818703,0.002199079241101416,11.696205139160156
2011-08-26, $54.7971,160158018, $53.0243, $54.8286, $52.9715,11.131777453709914,11.51056466615326,11.120680911940727,11.50396728515625,641477200,2.63834536162606,0.3898837542125317,0.3721898314463363,True,26.17548033563116,-14.67151305047491,215.2532951902556,11.316737503753913,0.18722978140233693,0.03505499104396687,11.69560718536377
2011-08-25, $53.3886,217625305, $52.1543, $53.6357, $52.1428,10.949131832428224,11.260139313876518,10.946732493653672,11.20825481414795,871346000,-0.6539353789005942,0.3134068202228466,0.2591229817197256,True,26.17548033563116,-14.967225521483211,224.0178398109384,11.130821752839047,0.07743306130890204,0.005995878983668182,11.50396728515625
2011-08-24, $53.74,146323144, $53.3528, $54.1371, $52.9428,11.200755619467342,11.365406626407005,11.114681349662153,11.282032012939451,626267600,0.6905904886155056,0.250725276744852,0.081276393472109,True,26.17548033563116,-14.89344832269171,221.81480294068848,11.190868351006177,0.0911636619332743,0.008310813257084325,11.20825481414795
2011-08-23, $53.3714,163954819, $51.4714, $53.3771, $51,10.805772551532266,11.205853409095264,10.706802247873634,11.2046537399292,656835200,4.814276735759693,0.4990511612216295,0.398881188396933,True,26.17548033563116,-14.970826595701961,224.1256489585772,10.959842301314172,0.2448114386150273,0.05993264047675928,11.282032012939451
2011-08-22, $50.92,133633050, $52.0728, $52.1257, $50.7271,10.932035266000945,10.943132606553476,10.649519575443284,10.690007209777832,535315200,0.1151442254661683,0.2936130311101923,-0.2420280562231127,False,26.17548033563116,-15.485473125853328,239.79987793152566,11.014848454123028,-0.3248412443451958,0.1055218340277352,11.2046537399292
2011-08-19, $50.8614,193669478, $51.7386, $52.4286, $50.8571,10.86185768376134,11.006714956603542,10.676813088890755,10.677712440490724,775888400,-2.737306647666516,0.3299018677127865,-0.1841452432706152,False,26.17548033563116,-15.497767895140436,240.1808097316456,10.788919759081667,-0.11120731859094235,0.012367067708187351,10.690007209777832
2011-08-18, $52.2928,212521674, $52.9771, $53.2357, $51.6243,11.121877557735209,11.176162184091703,10.83786190463753,10.978219985961914,851435200,-3.782486110874295,0.3383002794541738,-0.1436575717732946,False,26.17548033563116,-15.197260349669246,230.95672213562904,10.95371283220669,0.0245071537552235,0.0006006005851821653,10.677712440490724
2011-08-17, $54.3486,110099393, $54.6157, $54.9314, $54,11.465877193333794,11.532156921305033,11.336615626758244,11.409793853759766,442061200,-0.0104970275694116,0.1955412945467891,-0.0560833395740285,False,26.17548033563116,-14.765686481871395,218.02549728091964,11.282701071237701,0.12709278252206424,0.016152575369200717,10.978219985961914
2011-08-16, $54.3543,124617257, $54.5028, $54.7671, $53.7228,11.442183068216492,11.497666568006492,11.278431424150144,11.410991668701172,498750000,-0.7642171383520413,0.2192351438563484,-0.0311913995153201,False,26.17548033563116,-14.764488666929989,217.99012559590406,11.418479851803713,-0.007488183102541512,5.607288617718823e-05,11.409793853759766
2011-08-15, $54.7728,114931004, $54.2328, $54.9957, $54.0128,11.385501633315585,11.545654294138057,11.339315162461377,11.498867988586426,460544000,1.7029845711780789,0.20633913167668,0.1133663552708412,True,26.17548033563116,-14.676612347044735,215.40294998542595,11.382037519837368,0.11683046874905756,0.013649358428124515,11.410991668701172
2011-08-12, $53.8557,132123640, $54.01, $54.2343, $53.4614,11.338712515385046,11.385798326182842,11.223547485434098,11.306323051452637,528976000,0.880363455722466,0.1622508407487437,-0.0323894639324091,False,26.17548033563116,-14.869157284178524,221.09183834163926,11.382393516081748,-0.07607046462911171,0.005786715588888936,11.498867988586426
2011-08-11, $53.3857,185283336, $52.9314, $53.6357, $52.1028,11.112282838634416,11.260139287301268,10.938334782126992,11.20765495300293,741969200,2.752376198503814,0.3218045051742759,0.095372114368514,True,26.17548033563116,-14.96782538262823,224.03579668484994,11.167686390546038,0.03996856245689173,0.0015974859848704552,11.306323051452637
2011-08-10, $51.9557,219333726, $53.0214, $53.5214, $51.7857,11.131173804618896,11.236142440904135,10.871752187290836,10.907441139221191,878656800,-2.7593327534348733,0.3643902536132994,-0.2237326653977049,False,26.17548033563116,-15.268039196409969,233.11302090311116,11.14540668686075,-0.23796554763955946,0.056627601863395445,11.20765495300293
2011-08-09, $53.43,270036491, $51.6143, $53.5157, $50.7143,10.835767617098238,11.234949275623965,10.64682365553753,11.216954231262209,1082583600,5.888864051288345,0.5881256200864353,0.3811866141639708,True,26.17548033563116,-14.958526104368952,223.75750321508735,10.848123390084265,0.3688308411779442,0.1360361894040299,10.907441139221191
2011-08-08, $50.4586,284991925, $51.67, $52.5386, $50.4314,10.847462206347956,11.02980795490023,10.58743986456481,10.593138694763184,1143833600,-5.4627572894,0.4423680903354192,-0.2543235115847722,False,26.17548033563116,-15.582341640867977,242.80937101272812,10.964156671935193,-0.37101797717200924,0.13765433938480956,11.216954231262209
2011-08-05, $53.3743,300872480, $54.3486, $54.7857, $51.7957,11.409794175838122,11.50156727993501,10.873854303842815,11.205254554748535,1204590800,-0.993764817784648,0.6277129760921945,-0.2045396210895873,False,26.17548033563116,-14.970225780882625,224.1076599306028,11.11132755181996,0.09392700292857548,0.008822281879144626,10.593138694763184
2011-08-04, $53.91,217337675, $55.63, $55.9028, $53.9071,11.67881874930174,11.73610098215114,11.31712630033277,11.317726135253906,871407600,-3.8718496099184208,0.4189746818183693,-0.3610926140478341,False,26.17548033563116,-14.857754200377254,220.75285987882793,11.500718717512013,-0.1829925822581071,0.0334862851614901,11.205254554748535
2011-08-03, $56.0814,184655855, $55.8543, $56.2214, $54.6057,11.725895064493631,11.80297259324302,11.463774606601891,11.773581504821776,732508000,0.9410649644381764,0.3391979866411283,0.0476864403281442,True,26.17548033563116,-14.401898830809385,207.41468993286873,11.570734886340343,0.20284661848143237,0.04114675062935178,11.317726135253906
2011-08-02, $55.5586,159570018, $56.8071, $56.8428, $55.4786,11.925939537363188,11.933437069937062,11.647022836633528,11.663817405700684,639539600,-1.9760361267835649,0.2864142333035335,-0.2621221316625046,False,26.17548033563116,-14.511662929930477,210.5883609919184,11.860525049928375,-0.1967076442276916,0.038693897297608096,11.773581504821776
2011-08-01, $56.6786,152529696, $56.8257, $57.0714, $56.0528,11.929835129822555,11.981419294471896,11.76758350344928,11.898944854736328,612836000,1.6056975650688088,0.2138357910226158,-0.0308902750862269,False,26.17548033563116,-14.276535480894832,203.81946533724906,11.824606198916797,0.07433865581953114,0.0055262357490547115,11.663817405700684
2011-07-29, $55.7828,157856347, $55.3771, $56.45, $54.8571,11.625729051821374,11.850961752484,11.516561550440626,11.71090316772461,632584400,-0.3420004669729248,0.3344002020433745,0.0851741159032357,True,26.17548033563116,-14.464577167906551,209.2239926463235,11.709204507460157,0.0016986602644522009,2.885446694028821e-06,11.898944854736328
2011-07-28, $55.9743,148241774, $55.9457, $56.7128, $55.4471,11.745094411228498,11.906145615762275,11.64042526323741,11.751091957092283,594034000,-0.196118199344486,0.2657203525248661,0.005997545863785,True,26.17548033563116,-14.424388378538877,208.0629800949274,11.720957726854106,0.030134230238177295,0.0009080718320474789,11.71090316772461
2011-07-27, $56.0843,164365019, $57.2271, $57.52, $56.0214,12.014111496741824,12.075593339243712,11.760986912700794,11.77418327331543,659324400,-2.682141409303651,0.3146064265429178,-0.2399282234263946,False,26.17548033563116,-14.40129706231573,207.3973570770637,11.90998791873726,-0.13580464542183002,0.018442901718148975,11.751091957092283
2011-07-26, $57.63,118968676, $57.1428, $57.7857, $57.0971,11.99641737420166,12.13137775738902,11.986820821397076,12.098687171936035,476582400,1.2321274294738505,0.1445569359919432,0.1022697977343742,True,26.17548033563116,-14.076793163695125,198.15610577345382,11.90657009713332,0.19211707480271478,0.036908970430751906,11.77418327331543
2011-07-25, $56.9286,147129404, $55.7643, $57.1428, $55.66,11.707002146256253,11.99641631029868,11.685109386450428,11.951430320739746,589806000,1.3221540317127856,0.3113069238482513,0.2444281744834935,True,26.17548033563116,-14.224050014891414,202.32359882613244,11.832032527578136,0.11939779316161037,0.01425583301186269,12.098687171936035
2011-07-22, $56.1857,128609149, $55.4743, $56.4357, $55.3928,11.646120367566557,11.847960279049234,11.629025484156408,11.795475959777832,516728800,1.551785490548263,0.2189347948928262,0.1493555922112754,True,26.17548033563116,-14.380004375853328,206.78452584956088,11.740852284506815,0.05462367527101719,0.0029837459001135352,11.951430320739746
2011-07-21, $55.3271,131469069, $55.2786, $55.7228, $54.8428,11.605035278716713,11.698306762771033,11.513562497744717,11.615232467651367,526534400,0.1007874372975781,0.1847442650263158,0.0101971889346543,True,26.17548033563116,-14.560247867979793,212.00081797701012,11.659499640496918,-0.04426717284555082,0.0019595825917378715,11.795475959777832
2011-07-20, $55.2714,234799250, $56.5886, $56.61, $55.1428,11.880055778143587,11.88455413842321,11.576545796136582,11.603537559509276,941340400,2.666849152642614,0.3080083422866284,-0.2765182186343118,False,26.17548033563116,-14.571942776121885,212.3415162705708,11.775212763208582,-0.17167520369930678,0.029472375565198477,11.615232467651367
2011-07-19, $53.8357,198837160, $54, $54.0928, $53.3314,11.336616177899211,11.356110404920212,11.196258063686969,11.30212688446045,819145600,0.8159522635982297,0.1598523412332433,-0.0344892934387619,False,26.17548033563116,-14.873353451170711,221.2166428834517,11.417697783660433,-0.11557089919998376,0.013356632741892806,11.603537559509276
2011-07-18, $53.4,142687483, $52.2043, $53.5214, $52.1828,10.959627710259625,11.236145076334267,10.955129350821249,11.210653305053713,572653200,2.4334164868415664,0.2810157255130185,0.251025594794088,True,26.17548033563116,-14.964827030577448,223.94604805510144,11.066939354885168,0.1437139501685447,0.020653699473046953,11.30212688446045
2011-07-15, $52.1314,120737646, $51.5957, $52.1428, $51.31,10.83186593131737,10.94673146135102,10.771884069304818,10.944332122802734,484467200,1.99848690511657,0.1748473920462014,0.1124661914853639,True,26.17548033563116,-15.231148212828426,231.98787588114655,10.951806535901124,-0.007474413098389476,5.5866851165376174e-05,11.210653305053713
2011-07-14, $51.11,107130272, $51.5728, $51.6586, $50.9057,10.827067354978125,10.84506239425774,10.687009569731384,10.729896545410156,430533600,-0.0698109916251632,0.1580528245263561,-0.0971708095679684,False,26.17548033563116,-15.445583790221004,238.56605862073783,10.855388860918206,-0.1254923155080494,0.015748321251571815,10.944332122802734
2011-07-13, $51.1457,97557419, $51.19, $51.4286, $50.9114,10.746688659103215,10.79677443989732,10.68820599607784,10.73739242553711,391638800,1.2070628484928791,0.1085684438194789,-0.0092962335661059,False,26.17548033563116,-15.438087910094051,238.3345583197921,10.727995192636627,0.009397232900482777,8.830798618591595e-05,10.729896545410156
2011-07-12, $50.5357,112716764, $50.5043, $51.0971, $49.8028,10.602732150218516,10.72719581469308,10.455476375002094,10.609331130981444,451609200,-0.0706127463508066,0.271719439690985,0.0065989807629271,True,26.17548033563116,-15.566149204649717,242.30500106141702,10.637001107354736,-0.027669976373292826,0.0007656275924985832,10.73739242553711
2011-07-11, $50.5714,110366513, $50.9057, $51.3957, $50.4028,10.687007805540745,10.789877427656064,10.581438527555475,10.616827964782717,442674400,-1.5873601002111437,0.2084389001005888,-0.070179840758028,False,26.17548033563116,-15.558652370848444,242.0716635969079,10.64694643315848,-0.03011846837576293,0.0009071221373018317,10.609331130981444
2011-07-08, $51.3871,122332877, $50.4771, $51.4286, $50.3143,10.597030705704045,10.796771538150988,10.56284094892079,10.788073539733888,489633200,0.7026502278739688,0.2339305892301979,0.1910428340298438,True,26.17548033563116,-15.387406795897272,236.77228790242555,10.591057406304426,0.19701613342946267,0.03881535683149584,10.616827964782717
2011-07-07, $51.0286,99596520, $50.6671, $51.1428, $50.5714,10.63692295732582,10.736792607142425,10.616828099435612,10.71280002593994,399663600,1.546531917159344,0.119964507706813,0.075877068614119,True,26.17548033563116,-15.46268030969122,239.0944823597126,10.676991086950093,0.03580893898984705,0.0012822801115785882,10.788073539733888
2011-07-06, $50.2514,110994483, $49.85, $50.5857, $49.53,10.465371640041072,10.619826206879305,10.398191783801485,10.549646377563477,444626000,0.6667767784301004,0.2216344230778197,0.0842747375224046,True,26.17548033563116,-15.625833958067684,244.16668688510117,10.539055545669903,0.010590831893573238,0.0001121657201979281,10.71280002593994
2011-07-05, $49.9186,88675467, $49, $49.9757, $48.9286,10.286927299509838,10.491766397978076,10.27193223629205,10.479769706726074,355054000,1.7974669660453246,0.2198341616860251,0.1928424072162364,True,26.17548033563116,-15.695710628905086,246.3553321463241,10.365851271291387,0.11391843543468738,0.012977409931887039,10.549646377563477
2011-07-01, $49.0371,109926493, $47.9928, $49.0714, $47.7428,10.075490284385904,10.301922632183055,10.02300596005645,10.29472541809082,435313200,2.261144798279457,0.2789166721266056,0.2192351337049167,True,26.17548033563116,-15.88075491754034,252.1983767509817,10.20386725490557,0.09085816318525097,0.008255205817397695,10.479769706726074
2011-06-30, $47.9528,80686784, $47.8143, $48.0186, $47.5486,10.038003069797044,10.080890847041628,9.982220048790346,10.067093849182127,322954800,0.4879649434408772,0.0986707982512822,0.0290907793850827,True,26.17548033563116,-16.108386486449035,259.48011519681387,10.114663723240373,-0.04756987405824553,0.0022628929179173414,10.29472541809082
2011-06-29, $47.72,88123516, $48.0057, $48.0528, $47.4114,10.078190362368938,10.088087232901458,9.953427167402856,10.018208503723145,352545200,-0.363892659348175,0.1346600654986023,-0.0599818586457931,False,26.17548033563116,-16.157271831908016,261.05743305016824,10.061055605948653,-0.04284710222550814,0.0018358741691231445,10.067093849182127
2011-06-28, $47.8943,73368002, $47.6643, $48.1, $47.6343,10.006511686515912,10.09798446468918,10.000213823378504,10.054797172546388,294299600,0.9697800842850102,0.0977706413106762,0.0482854860304762,True,26.17548033563116,-16.12068316308477,259.8764256445648,9.997315024971844,0.05748214757454484,0.003304197289781751,10.018208503723145
2011-06-27, $47.4343,84812375, $46.7986, $47.7, $46.75,9.824764721866954,10.014008105169406,9.814567535193898,9.958224296569824,339813600,1.743542224190464,0.1994405699755077,0.1334595747028704,True,26.17548033563116,-16.217256039061336,262.9993934364714,9.891936181058675,0.06628811551114921,0.004394114258019461,10.054797172546388
2011-06-24, $46.6214,109887573, $47.3386, $47.5928, $46.4414,9.938129042775698,9.991512701749729,9.749785048698806,9.78757381439209,439807200,-1.4733093188276092,0.2417276530509227,-0.1505552283836078,False,26.17548033563116,-16.38790652123907,268.56348014887004,9.93182984427968,-0.14425602988758968,0.020809802158929167,9.958224296569824
2011-06-23, $47.3186,139572412, $45.5628, $47.3843, $45.4457,9.565340683769282,9.94772674241533,9.540749072649072,9.933931350708008,559759200,2.67193920241513,0.4069776697662579,0.3685906669387258,True,26.17548033563116,-16.241548984923153,263.7879134296583,9.629610488723792,0.30432086198421615,0.09261118703881634,9.78757381439209
2011-06-22, $46.0871,97468589, $46.4514, $46.9857, $46.0543,9.751887177619746,9.864054642527426,9.668511772588555,9.675410270690918,390583200,-0.8269016749275049,0.1955428699388708,-0.0764769069288284,False,26.17548033563116,-16.500070064940243,272.2523121479371,9.802199907550097,-0.1267896368591792,0.016075612014882536,9.933931350708008
2011-06-21, $46.4714,123112957, $45.24, $46.5428, $45.0286,9.497561258008338,9.771078548245644,9.453174311395538,9.756083488464355,493382400,3.1650092354410297,0.3179042368501061,0.2585222304560179,True,26.17548033563116,-16.419396847166805,269.5965928247512,9.546238263464753,0.20984522499960256,0.04403501845513382,9.675410270690918
2011-06-20, $45.0457,159899088, $45.3364, $45.3857, $44.3571,9.517957190139017,9.528154377897396,9.312218736332754,9.456775665283203,640645600,-1.5424716362948176,0.2159356415646414,-0.0611815248558134,False,26.17548033563116,-16.718704670347957,279.5150858543146,9.587763707539327,-0.13098804225612426,0.017157867214092196,9.756083488464355
2011-06-17, $45.7514,153715076, $46.9986, $47.0357, $45.6228,9.86675150649288,9.874549354469064,9.577937220497189,9.604928970336914,615020000,-1.5069926968567238,0.296612133971875,-0.2618225361559663,False,26.17548033563116,-16.570551365294246,274.583172549855,9.709744232479833,-0.10481526214291925,0.010986239178088882,9.456775665283203
2011-06-16, $46.4514,126824918, $46.7, $46.9544, $45.4757,9.804074047476194,9.857457734698038,9.547050881912783,9.7518892288208,510591200,-0.4865897329371482,0.3104068527852544,-0.0521848186553928,False,26.17548033563116,-16.42359110681036,269.73434484370034,9.72088356419885,0.031005664621950757,0.0009613512386488888,9.604928970336914
2011-06-15, $46.6786,98960500, $47.1071, $47.1857, $46.4114,9.889545722954306,9.906040772354084,9.743488815665252,9.799572944641112,399196000,-1.7115731796367162,0.1625519566888318,-0.0899727783131947,False,26.17548033563116,-16.37590739099005,268.17034287828255,9.827951587709068,-0.028378643067956233,0.0008053473823784604,9.7518892288208
2011-06-14, $47.4914,83499035, $47.1428, $47.6071, $47.0443,9.897042360338084,9.99451346200888,9.87634847103422,9.970220565795898,334569200,1.7881236638191966,0.1181649909746607,0.0731782054578147,True,26.17548033563116,-16.205259769835262,262.6104442078412,9.849531360569387,0.12068920522651183,0.01456588425820709,9.799572944641112
2011-06-13, $46.6571,82344175, $46.7428, $46.9014, $46.4386,9.813066788606836,9.846357200920355,9.749186420337203,9.795072555541992,329473200,0.2147456465684039,0.0971707805831521,-0.0179942330648437,False,26.17548033563116,-16.38040778008917,268.3177590420058,9.854699928406799,-0.05962737286480646,0.003555423594758658,9.970220565795898
2011-06-10, $46.5571,108450403, $47.2214, $47.38, $46.5014,9.913541103409877,9.946831529304283,9.762385960274033,9.774083137512209,433955200,-1.6863184628911676,0.1844455690302506,-0.1394579658976678,False,26.17548033563116,-16.40139719811895,269.0058300504641,9.858684513001739,-0.08460137548953028,0.007157392734720496,9.795072555541992
2011-06-09, $47.3557,68737284, $47.6071, $47.6671, $47.25,9.994516254336096,10.007112782037296,9.919538524476,9.941732406616213,275088800,-0.2257125478967836,0.0875742575612967,-0.0527838477198834,False,26.17548033563116,-16.233747929014946,263.53457182279703,9.903992563802898,0.03773984281331444,0.0014242957355736815,9.774083137512209
2011-06-08, $47.4628,83311015, $47.3971, $47.8286, $47.2357,9.95042751476427,10.041000125681045,9.91653806530394,9.96422290802002,333723600,0.0602377619899785,0.1244620603771053,0.0137953932557497,True,26.17548033563116,-16.21125742761114,262.8048673842774,9.934050577951021,0.03017233006899822,0.0009103695017925742,9.941732406616213
2011-06-07, $47.4343,132345680, $48.31, $48.3171, $47.4143,10.1420699701278,10.143569155979677,9.954025454998565,9.958224296569824,529785200,-1.7749628550290275,0.1895437009811118,-0.1838456735579754,False,26.17548033563116,-16.217256039061336,262.9993934364714,10.066561282079494,-0.10833698550966986,0.011736902429322417,9.96422290802002
2011-06-06, $48.2914,115190075, $49.3857, $49.5786, $48.2586,10.367904971345768,10.408392609328198,10.131275405216714,10.13817310333252,461941200,-1.5723123696004817,0.2771172041114838,-0.229731868013248,False,26.17548033563116,-16.03730723229864,257.1952232631383,10.21132837466481,-0.07315527133228983,0.005351693723700946,9.958224296569824
2011-06-03, $49.0628,77951813, $49.0257, $49.3328, $48.8586,10.292326165985846,10.356806381573934,10.257236243285632,10.30012321472168,313250000,-0.768560561618592,0.0995701382883016,0.0077970487358332,True,26.17548033563116,-15.87535712090948,252.02696371641136,10.225216026286006,0.07490718843567379,0.005611086879337541,10.13817310333252
2011-06-02, $49.4431,84669645, $49.5, $49.7114, $49.1857,10.39189571595047,10.43628267175551,10.32591551721586,10.37989902496338,338783200,0.1707597372579083,0.1103671545396505,-0.0119966909870896,False,26.17548033563116,-15.79558131066778,249.50038894191727,10.346703606533428,0.033195418429952994,0.001101935804739663,10.30012321472168
2011-06-01, $49.3586,138299601, $49.8386, $50.3046, $49.2357,10.462975156681548,10.560744987154056,10.33641326715784,10.362204551696776,554682800,-0.6669916345157567,0.2243317199962167,-0.1007706049847723,False,26.17548033563116,-15.813275783934385,250.05969101876565,10.420875956351399,-0.05867140465462306,0.0034423337241465245,10.37989902496338
2011-05-31, $49.69,104084431, $48.7286, $49.69, $48.7143,10.22994455262452,10.43178367614746,10.226944578983408,10.43178367614746,417754400,3.088231261057661,0.2048390971640508,0.2018391235229391,True,26.17548033563116,-15.743696659483701,247.86398450583826,10.263129204045018,0.16865447210244078,0.028444330960152975,10.362204551696776
2011-05-27, $48.2014,50882462, $47.8286, $48.2328, $47.7586,10.041000593229413,10.125875180522833,10.02630504707648,10.119277000427246,203599200,0.719399125319109,0.0995701334463525,0.0782764071978334,True,26.17548033563116,-16.056203335203914,257.8016655414133,10.16462703556769,-0.045350035140444334,0.002056625687239536,10.43178367614746
2011-05-26, $47.8571,55623739, $47.9957, $48.1271, $47.7764,10.07609055322614,10.103682141976382,10.029904093225449,10.046998977661133,222560800,-0.5285421045376215,0.0737780487509329,-0.0290915755650065,False,26.17548033563116,-16.128481357970028,260.1279109143867,10.077970700553694,-0.030971722892561004,0.0009592476189335874,10.119277000427246
2011-05-25, $48.1114,73437442, $47.6328, $48.3657, $47.55,9.999913461442796,10.153768239074417,9.982519058245968,10.100383758544922,294224000,1.3817606219473475,0.1712491808284486,0.1004702971021256,True,26.17548033563116,-16.07509657708624,258.4087299626497,10.003109774166164,0.09727398437875756,0.00946222803691877,10.046998977661133
2011-05-24, $47.4557,80444934, $47.9286, $47.9856, $47.3343,10.061993380886475,10.073990070274254,9.937230213794823,9.962722778320312,321927200,-0.6608963165592674,0.136759856479431,-0.0992706025661629,False,26.17548033563116,-16.212757557310848,262.85350761214,10.062184174688998,-0.09946139636868523,0.009892569367608711,10.100383758544922
2011-05-23, $47.7714,95541069, $47.1386, $47.9971, $47.06,9.896144344473168,10.076390226835658,9.879649294337344,10.029004096984863,383600000,-0.2445845681214642,0.1967409324983133,0.1328597525116954,True,26.17548033563116,-16.146476238646297,260.7086949251695,9.90610160300309,0.12290249398177266,0.015105023026939666,9.962722778320312
2011-05-20, $47.8886,84476515, $48.5086, $48.7071, $47.86,10.183754485322266,10.225442571967864,10.047595292095908,10.053593635559082,337968400,-1.5593779035293132,0.1778472798719566,-0.1301608497631843,False,26.17548033563116,-16.12188670007208,259.915230769961,10.11636418983575,-0.06277055427666767,0.003940142484200082,10.029004096984863
2011-05-19, $48.6471,65148271, $48.8686, $48.9163, $48.3814,10.2593365518216,10.269233422492512,10.15706675262942,10.212850570678713,261170000,0.1941955769141135,0.1121666698630914,-0.0464859811428866,False,26.17548033563116,-15.962629764952448,254.80554901294585,10.174132036065389,0.03871853461332364,0.001499124922603141,10.053593635559082
2011-05-18, $48.5528,83511355, $48.0671, $48.7214, $48,10.091086624323662,10.228445548086857,10.07699091126224,10.193056106567385,334776400,1.1096602718427162,0.1514546368246172,0.1019694822437227,True,26.17548033563116,-15.982424229063776,255.43788423776482,10.120503643656184,0.07255246291120088,0.0052638598744811785,10.212850570678713
2011-05-17, $48.02,113030224, $47.4286, $48.02, $47.2471,9.95702660074101,10.081189155578612,9.918937505283536,10.081189155578612,452334400,0.8520755740879293,0.1622516502950759,0.1241625548376017,True,26.17548033563116,-16.09429118005255,259.02620858831733,10.026385306592978,0.05480384898563351,0.0030034618636401228,10.193056106567385
2011-05-16, $47.6143,112334984, $48.4571, $48.7457, $47.5143,10.172963569700636,10.233545268557746,9.975021335643552,9.996015548706056,449775200,-2.114530006800497,0.2585239329141942,-0.1769480209945797,False,26.17548033563116,-16.179464786925102,261.77508079134935,10.127627817804155,-0.13161226909809898,0.01732178937715042,10.081189155578612
2011-05-13, $48.6428,81443694, $49.38, $49.4643, $48.6214,10.36670442681588,10.384398346391436,10.20745194301042,10.211950302124023,326116000,-1.7514527848924155,0.1769464033810148,-0.1547541246918573,False,26.17548033563116,-15.963530033507137,254.83429113068436,10.223786557757045,-0.011836255633021153,0.000140096947410225,9.996015548706056
2011-05-12, $49.51,79915454, $49.4457, $49.5886, $48.8957,10.380501160668349,10.410492091623512,10.265035796194413,10.393996238708496,322000000,-0.1900793349531082,0.1454562954290992,0.0134950780401474,True,26.17548033563116,-15.781484096922664,249.05524030142297,10.30840480220009,0.0855914365084054,0.007325894003572392,10.211950302124023
2011-05-11, $49.6043,83509605, $49.86, $50, $49.32,10.467475506044469,10.496866604401212,10.354109154513566,10.413790702819824,336000000,-0.6352630697241346,0.1427574498876467,-0.0536848032246446,False,26.17548033563116,-15.761689632811336,248.43086008107235,10.428741194893682,-0.014950492073857902,0.00022351721325048794,10.393996238708496
2011-05-10, $49.9214,71227611, $49.8414, $49.9557, $49.5228,10.463573247929691,10.487566628311242,10.396693702233977,10.480368614196776,282091600,0.5322155629461367,0.0908729260772656,0.0167953662670843,True,26.17548033563116,-15.695111721434385,246.33653194830703,10.43313776668421,0.04723084751256579,0.0022307529567552418,10.413790702819824
2011-05-09, $49.6571,51143653, $49.6943, $49.8857, $49.5039,10.432682798062318,10.47287171261656,10.392795002051654,10.424885749816896,204747200,0.271149749236943,0.0800767105649047,-0.0077970482454219,False,26.17548033563116,-15.750594585814264,248.08122980668162,10.436372023883692,-0.011486274066795588,0.00013193449193754083,10.480368614196776
2011-05-06, $49.5228,69991117, $49.9557, $50, $49.4586,10.48756807564206,10.496865111399371,10.383199259120383,10.396695137023926,280134400,-0.025970793678276,0.1136658522789879,-0.0908729386181335,False,26.17548033563116,-15.778785198607235,248.97006234378676,10.452629244187808,-0.05593410716388192,0.0031286243442206264,10.424885749816896
2011-05-05, $49.5357,83850155, $49.7714, $50.1357, $49.4357,10.448880299906262,10.52535801761004,10.378401729636083,10.399395942687988,335969200,-0.8066777783468315,0.146956287973957,-0.0494843572182741,False,26.17548033563116,-15.776084392943172,248.88483877326513,10.417593544286564,-0.018197601598576085,0.0003311527039404989,10.396695137023926
2011-05-04, $49.9386,97622099, $49.7514, $50.2614, $49.5543,10.444679020516777,10.551747479983693,10.403291239574848,10.483967781066896,389250400,0.3934556896145746,0.1484562404088443,0.0392887605501197,True,26.17548033563116,-15.691512554564264,246.22356625004792,10.415807442970575,0.06816033809632138,0.00464583168940484,10.399395942687988
2011-05-03, $49.7428,78201993, $49.7128, $49.9843, $49.3743,10.436581814699856,10.493564493152652,10.365502624418657,10.442879676818848,313348000,0.5544467172186485,0.1280618687339956,0.0062978621189913,True,26.17548033563116,-15.732600658812313,247.51472348966163,10.440168544108056,0.002711132710791375,7.35024057552299e-06,10.483967781066896
2011-05-02, $49.4686,110396403, $49.9628, $50.067, $49.3571,10.489067715360324,10.510961278503242,10.361905979677942,10.385298728942873,442713600,-1.0995792512983216,0.1490552988252993,-0.1037689864174513,False,26.17548033563116,-15.790181606688288,249.3298351721971,10.459908101950193,-0.07460937300731985,0.005566558540545387,10.442879676818848
2011-04-29, $50.0186,208434163, $49.54, $50.5643, $49.5237,10.400292661683148,10.615328126862028,10.396993171472218,10.500762939453123,1006345200,0.9747392764327678,0.2183349553898104,0.1004702777699755,True,26.17548033563116,-15.674717396178037,245.6967654500464,10.382002917723518,0.11876002172960476,0.014103942761216194,10.385298728942873
2011-04-28, $49.5357,89955627, $49.4557, $49.9643, $49.36,10.382600572246464,10.489367938092492,10.362506511606172,10.399395942687988,360959200,-0.9709959008227464,0.1268614264863199,0.0167953704415246,True,26.17548033563116,-15.776084392943172,248.88483877326513,10.410946266588555,-0.01155032390056654,0.00013340998220799863,10.500762939453123
2011-04-27, $50.0214,88778857, $50.32, $50.3357, $49.5857,10.56404526959317,10.567344760363731,10.409891779436752,10.50136375427246,356213200,-0.0770691683308566,0.1574529809269798,-0.06268151532071,False,26.17548033563116,-15.674116581358701,245.67793060602378,10.493435548633542,0.007928205638917163,6.28564446529579e-05,10.399395942687988
2011-04-26, $50.06,84367665, $50.5171, $50.7128, $49.9071,10.605434457743105,10.646521932584424,10.47737255486958,10.5094633102417,338800000,-0.733671974726835,0.1691493777148434,-0.0959711475014053,False,26.17548033563116,-15.666017025389461,245.42408943979245,10.556073522174895,-0.0466102119331957,0.0021725118564574187,10.50136375427246
2011-04-25, $50.4298,66418687, $50.0486, $50.5357, $50.0428,10.50706226030642,10.609332055797422,10.505861790279004,10.587138175964355,266546000,0.6586769609498777,0.1034702655184176,0.080075915657936,True,26.17548033563116,-15.588342159666805,242.99641128684556,10.494936009747665,0.09220216621669053,0.008501239455050227,10.5094633102417
2011-04-21, $50.0994,188240276, $50.7143, $50.7328, $49.7886,10.646820704379389,10.6507200300007,10.452479084226628,10.51785945892334,753810400,2.421064567448594,0.1982409457740725,-0.1289612454560487,False,26.17548033563116,-15.65762087670782,245.16109151871657,10.613036753676631,-0.09517729475329162,0.009058717436554953,10.587138175964355
2011-04-20, $48.9157,165860990, $49.0728, $49.3928, $48.7857,10.302224764055628,10.369404646959524,10.24194338044046,10.269234657287598,700666400,1.3467315665352195,0.1274612665190631,-0.0329901067680307,False,26.17548033563116,-15.906245678343563,253.00865157982327,10.364664238845855,-0.09542958155825687,0.009106805036383999,10.51785945892334
2011-04-19, $48.2657,104574571, $47.5857, $48.2828, $47.3871,9.990015982785746,10.136371605731629,9.948327882844032,10.132773399353027,419378400,1.8110221507600777,0.1880437228875973,0.1427574165672815,True,26.17548033563116,-16.042706936278133,257.3684458433065,10.074526156972977,0.05824724238004997,0.003392741244880289,10.269234657287598
2011-04-18, $47.4071,152935766, $46.5857, $47.4614, $45.7371,9.780082764321865,9.963927721852414,9.601935836843326,9.95253086090088,609898800,1.34064859273606,0.3619918850090879,0.172448096579016,True,26.17548033563116,-16.222949474730278,263.1840896596514,9.890194361848197,0.06233649905268379,0.0038858391141452474,10.132773399353027
2011-04-15, $46.78,113325554, $47.6143, $47.6628, $46.6857,9.996015249377848,10.006212438274282,9.801073796147564,9.820867538452148,453605600,-1.4920832947911244,0.2051386421267178,-0.1751477109256995,False,26.17548033563116,-16.354612797179012,267.4733597456515,9.967480787067446,-0.14661324861529756,0.021495444669531055,9.95253086090088
2011-04-14, $47.4886,75357053, $47.8286, $48, $47.4371,10.041001327467782,10.076990602500922,9.95882639008265,9.969622611999512,301800800,-1.103724044581467,0.1181642124182715,-0.0713787154682705,False,26.17548033563116,-16.20585772363165,262.62982455859157,9.950612853531819,0.019009758467692706,0.0003613709170000145,9.820867538452148
2011-04-13, $48.0186,86483416, $47.86, $48.02, $47.5028,10.047597381773803,10.081187311306618,9.972619674584273,10.080887794494627,346220000,1.122126475541907,0.1085676367223449,0.0332904127208237,True,26.17548033563116,-16.094592541136535,259.0359090652078,10.00701401815645,0.07387377633817671,0.005457334830462957,9.969622611999512
2011-04-12, $47.4857,106196122, $47.2128, $47.6757, $47.1714,9.911738951922842,10.008910547040497,9.903041751397216,9.969022750854492,425639200,0.4836892576728147,0.1058687956432802,0.0572837989316497,True,26.17548033563116,-16.20645758477667,262.6492674471652,9.957638611212708,0.011384139641783975,0.00012959863538363736,10.080887794494627
2011-04-11, $47.2571,99679750, $47.7228, $47.9528, $47.1457,10.018805584508913,10.067091059399663,9.89764302247606,9.921035766601562,398946800,-1.2714423203492586,0.1694480369236028,-0.0977698179073502,False,26.17548033563116,-16.254444569029598,264.20696824765577,9.988079549256508,-0.06704378265494526,0.004494868792683539,9.969022750854492
2011-04-08, $47.8657,94195248, $48.56, $48.5928, $47.7071,10.194557091100142,10.201454789439897,10.015510845248851,10.048800468444824,377535200,-0.8932737629378518,0.1859439441910453,-0.1457566226553179,False,26.17548033563116,-16.126679867186336,260.06980353871313,10.085566303923553,-0.0367658354787288,0.0013517266584489537,9.921035766601562
2011-04-07, $48.2971,93268378, $48.3, $48.6328, $48.0043,10.139971859386645,10.209850589492277,10.077890178381455,10.13937282562256,373447200,0.0118337128180101,0.1319604111108212,-0.0005990337640842,False,26.17548033563116,-16.0361075100086,257.15674407255415,10.094825812064263,0.044547013558297266,0.0019844364169631203,10.048800468444824
2011-04-06, $48.2914,100460810, $48.7457, $49.1286, $48.1628,10.233545211879273,10.313920653188523,10.111181344677563,10.13817310333252,402539200,-0.2508215906054323,0.2027393085109601,-0.0953721085467531,False,26.17548033563116,-16.03730723229864,257.1952232631383,10.187408970688585,-0.049235867356065555,0.0024241706343040817,10.13937282562256
2011-04-05, $48.4128,120651896, $48.1414, $48.8928, $48,10.106683080359824,10.264435592033209,10.076991665051366,10.163665771484377,482731200,-0.6741098031949777,0.1874439269818424,0.0569826911245527,True,26.17548033563116,-16.011814564146782,256.378205636623,10.10448574299334,0.05918002849103665,0.00350227577219991,10.13817310333252
2011-04-04, $48.7414,114751314, $49.1871, $49.2286, $48.3428,10.326217639144266,10.334914841205912,10.148970102653111,10.23264503479004,460084800,-0.9780462405511114,0.1859447385528003,-0.0935726043542253,False,26.17548033563116,-15.94283530084112,254.17399742974575,10.256187383075009,-0.02354234828496793,0.0005542421627707324,10.163665771484377
2011-04-01, $49.2228,104496031, $50.1586, $50.2267, $49.0428,10.530155760958571,10.544550990641536,10.295924752199548,10.33371353149414,418661600,-1.1334221297153446,0.2486262384419877,-0.1964422294644308,False,26.17548033563116,-15.84176680413702,250.96157547665766,10.412980225528063,-0.07926669403392239,0.006283208783067468,10.23264503479004
2011-03-31, $49.7868,68453161, $49.48, $49.9714, $49.4371,10.387699831285415,10.490869000603109,10.378703111331095,10.452180862426758,274019200,-0.034395394902642,0.1121658892720134,0.0644810311413426,True,26.17548033563116,-15.723299473204403,247.22214632406985,10.355742152204886,0.09643871022187156,0.009300424829258113,10.33371353149414
2011-03-30, $49.8043,82147055, $50.0914, $50.1257, $49.6343,10.51605934541074,10.523258161590284,10.420088210189022,10.455777168273926,329406000,-0.6639241225432468,0.1031699514012629,-0.0602821771368144,False,26.17548033563116,-15.719703167357235,247.1090676698211,10.48072008513928,-0.024942916865354547,0.0006221491017519884,10.452180862426758
2011-03-29, $50.1371,88011586, $49.6657, $50.1371, $49.4371,10.426689225969954,10.525659561157228,10.378704045735365,10.525659561157228,352900800,0.1484402611655833,0.1469555154218635,0.0989703351872748,True,26.17548033563116,-15.649820774473932,244.91689027315587,10.423859375674244,0.10180018548298442,0.010363277764370031,10.455777168273926
2011-03-28, $50.0628,77053503, $50.45, $50.6171, $50.0628,10.59133477146014,10.626424687113085,10.510058403015137,10.510058403015137,309355200,-0.31292994512081,0.116366284097948,-0.0812763684450033,False,26.17548033563116,-15.665421932616024,245.40544432688716,10.555415244209698,-0.04535684119456107,0.002057243043148632,10.525659561157228
2011-03-25, $50.22,111997444, $49.7243, $50.2943, $49.5743,10.43898147431942,10.558645663348829,10.407490561060232,10.543050765991213,448910000,1.9044888824159667,0.1511551022885964,0.1040692916717933,True,26.17548033563116,-15.632429569639948,244.3728542497534,10.450869131270196,0.09218163472101715,0.008497453779839034,10.510058403015137
2011-03-24, $49.2814,100635740, $48.8357, $49.4286, $48.4086,10.252440305336822,10.37690320193443,10.162767020299926,10.346012115478516,404712000,1.7040613169203134,0.2141361816345046,0.0935718101416931,True,26.17548033563116,-15.829468220152645,250.57206413282253,10.341112597088442,0.004899518390073965,2.4005280454672975e-05,10.543050765991213
2011-03-23, $48.4557,93078328, $48.4686, $48.6028, $47.9928,10.175362544317036,10.2035539736496,10.075492071436337,10.172663688659668,372996400,-0.5890299863541615,0.1280619022132629,-0.0026988556573677,False,26.17548033563116,-16.002816646971493,256.09014063658793,10.221960093053498,-0.04929640439383043,0.002430135486160064,10.346012115478516
2011-03-22, $48.7428,81435364, $48.9371, $48.9457, $48.4486,10.273727499902346,10.275527002847472,10.171157433723934,10.232938766479492,325922800,0.5599297037337747,0.1043695691235377,-0.040788733422854,False,26.17548033563116,-15.942541569151668,254.16463168412895,10.2252033122347,0.007735454244791384,5.9837252373261046e-05,10.172663688659668
2011-03-21, $48.4714,103178211, $47.9986, $48.5343, $47.8943,10.076690721355376,10.189156100603354,10.05479635889598,10.175960540771484,409402000,2.609859992506869,0.1343597417073745,0.0992698194161079,True,26.17548033563116,-15.999519794859676,255.98463366610662,10.11817872536471,0.05778181540677352,0.0033387381917024494,10.232938766479492
2011-03-18, $47.2386,188150886, $48.1614, $48.3143, $47.1428,10.11087889379858,10.14296964067956,9.89704308969626,9.917137145996094,753214000,-1.1863579431647842,0.2459265509833006,-0.1937417478024858,False,26.17548033563116,-16.258343189635067,264.333723271953,10.120452032724447,-0.20331488672835363,0.041336943165363266,10.175960540771484
2011-03-17, $47.8057,164523359, $48.1186, $48.5157, $47.2371,10.10188231040822,10.185257709356316,9.916837760404416,10.036202430725098,659422400,1.4029905425040123,0.2684199489518999,-0.0656798796831221,False,26.17548033563116,-16.139277904906063,260.47629129178904,10.023930851576047,0.012271579149050638,0.00015059165481141437,9.917137145996094
2011-03-16, $47.1443,287646046, $48.8571, $49, $46.6086,10.256936865067544,10.28692779379138,9.78487745263288,9.897343635559082,1162011200,-4.463997795092956,0.5020503411584993,-0.3595932295084623,False,26.17548033563116,-16.27813670007208,264.9777344262335,10.166478989959144,-0.26913535440006164,0.07243383898804678,10.036202430725098
2011-03-15, $49.3471,179747944, $48.8714, $49.6914, $48.5857,10.259934663146202,10.432083163579302,10.199952813736372,10.3598051071167,721081200,-2.2995007158199354,0.2321303498429294,0.0998704439704969,True,26.17548033563116,-15.815675228514461,250.13558293384597,10.119783888070051,0.24002121904664797,0.05761018559263897,9.897343635559082
2011-03-14, $50.5086,108959443, $50.4543, $50.9263, $50.1871,10.592238927999505,10.691210057574102,10.536156382398737,10.603635787963867,435957200,0.4461152864092321,0.155053675175365,0.0113968599643623,True,26.17548033563116,-15.571844547667293,242.4823426167156,10.497901519229663,0.10573426873420466,0.01117973558475701,10.3598051071167
2011-03-11, $50.2843,117542215, $49.3328, $50.3314, $49.2857,10.356801427259484,10.566439109184705,10.346905362639587,10.556541442871094,471080400,1.5345384900440573,0.2195337465451174,0.19974001561161,True,26.17548033563116,-15.618938892760067,243.95125213577305,10.430206334279738,0.12633510859135555,0.0159605596627896,10.603635787963867
2011-03-10, $49.5243,126724608, $49.8743, $49.9671, $49.2714,10.4704732861681,10.489968312511897,10.343911379737444,10.396995544433594,507539200,-1.6455322317649124,0.1460569327744529,-0.0734777417345053,False,26.17548033563116,-15.778484791197567,248.9605823060529,10.487633199295884,-0.09063765486228981,0.008215184478935567,10.556541442871094
2011-03-09, $50.3528,113249954, $50.67, $50.68, $50.0857,10.637523877699556,10.639623699424927,10.514861294027536,10.57094383239746,453306000,-0.9247757912766774,0.1247624053973908,-0.0665800453020963,False,26.17548033563116,-15.604536503233701,243.50155948075306,10.54038039205735,0.03056344034011005,0.0009341238854234662,10.396995544433594
2011-03-08, $50.8228,88957077, $50.7014, $51.0571, $50.3214,10.644121267565572,10.71879947561716,10.564344865726856,10.6696138381958,356316800,0.1125515566753554,0.1544546098903048,0.0254925706302291,True,26.17548033563116,-15.50586649743536,240.4318958362883,10.605608051010483,0.06400578718531769,0.004096740793212178,10.57094383239746
2011-03-07, $50.7657,136302361, $51.6286, $51.6671, $50.1871,10.838763780483871,10.846861948621015,10.536154809907478,10.657618522644045,546123200,-1.288886969193559,0.3107071387135374,-0.1811452578398267,False,26.17548033563116,-15.517861812987116,240.80403524696376,10.76675681817877,-0.10913829553472532,0.011911167552225044,10.6696138381958
2011-03-04, $51.4286,113155454, $51.4386, $51.47, $51.1071,10.798875792344743,10.80547397333128,10.729296576363144,10.79677677154541,453266800,0.1223800018448129,0.076177396968136,-0.0020990207993332,False,26.17548033563116,-15.37870356408575,236.50452331202376,10.736614074827134,0.06016269671827601,0.003619550076415259,10.657618522644045
2011-03-03, $51.3657,124643787, $51.0271, $51.3986, $50.8457,10.71250142805338,10.79047752386238,10.67441233120566,10.78357982635498,500788400,2.1129225542582786,0.1160651926567197,0.0710783983015996,True,26.17548033563116,-15.39190050927618,236.91060128745633,10.72919134227006,0.05438848408492092,0.002958107201055696,10.79677677154541
2011-03-02, $50.3028,150412615, $49.9943, $50.6214, $49.7714,10.495665252418007,10.627326140085682,10.448878955910464,10.56044578552246,602590800,0.8044470576904494,0.1784471841752175,0.0647805331044519,True,26.17548033563116,-15.615034550108701,243.82930400108845,10.583551964304853,-0.023106178782393627,0.0005338954979239375,10.78357982635498
2011-03-01, $49.9014,113527924, $50.7814, $50.8171, $49.6687,10.66091557808805,10.668413109582795,10.42728522501913,10.476170539855955,456136800,-1.104187892537012,0.2411278845636655,-0.1847450382320943,False,26.17548033563116,-15.699309795775205,246.4683280637233,10.61285233651541,-0.13668179665945424,0.018681913538056396,10.56044578552246
2011-02-28, $50.4586,100497210, $50.1771, $50.7214, $50.16,10.534056176791706,10.648321886675657,10.530457168512967,10.593138694763184,403074000,1.450483742703268,0.1178647181626892,0.0590825179714773,True,26.17548033563116,-15.582341640867977,242.80937101272812,10.500828068537404,0.09231062622578001,0.008521251714195665,10.476170539855955
2011-02-25, $49.7371,94401188, $49.3228, $49.7757, $49.2571,10.35470933971948,10.449781137224576,10.34091394251424,10.441683769226074,380018800,1.5399361022364166,0.1088671947103367,0.0869744295065935,True,26.17548033563116,-15.733796566405086,247.5523543930205,10.425168459318073,0.01651530990800154,0.00027275546135733386,10.593138694763184
2011-02-24, $48.9828,124804997, $49.1457, $49.3071, $48.3386,10.317517668774508,10.351407116370597,10.14806802825271,10.283327102661133,499900800,0.0758537819741667,0.203339088117886,-0.0341905661133754,False,26.17548033563116,-15.892153232970028,252.5605343801997,10.347924074374514,-0.06459697171338163,0.004172768754539427,10.441683769226074
2011-02-23, $48.9457,167580960, $48.3957, $49.2343, $48.3728,10.160067355520662,10.336113619472622,10.155267877481933,10.275532722473145,671854400,1.1842432957207771,0.180845741990689,0.115465366952483,True,26.17548033563116,-15.899947613158016,252.8083341011693,10.190053427619752,0.08547929485339267,0.007306709848633243,10.283327102661133
2011-02-22, $48.3728,217592825, $48.8786, $49.3428, $48.2457,10.261437971367007,10.358909116450796,10.128578177609262,10.155269622802734,872555600,-3.408828474070269,0.2303309388415346,-0.1061683485642728,False,26.17548033563116,-16.020210712828426,256.64715128342266,10.253247826331336,-0.09797820352860143,0.009599728366692045,10.275532722473145
2011-02-18, $50.08,203326891, $51.2443, $51.3571, $49.9314,10.758088971474267,10.781782041634935,10.48247093394324,10.513662338256836,816057200,-2.160177454685408,0.299311107691695,-0.2444266332174312,False,26.17548033563116,-15.661817997374325,245.2925429828783,10.534107310407926,-0.020444972151089758,0.00041799688625883576,10.155269622802734
2011-02-17, $51.1857,132320200, $51.0357, $51.4671, $50.9314,10.714300367854271,10.804872985552144,10.692406005584676,10.745790481567385,530583200,-1.33010825529839,0.1124669799674684,0.0314901137131133,True,26.17548033563116,-15.429689854063776,238.07532899259863,10.631181295074914,0.11460918649247098,0.013135265628465993,10.513662338256836
2011-02-16, $51.8757,118767216, $51.5428, $52.1286, $51.5,10.820767560040546,10.943731246392971,10.811770842188212,10.890647888183594,481157600,0.8974832688260159,0.1319604042047597,0.0698803281430482,True,26.17548033563116,-15.284832447447567,233.62610294654598,10.781739254637499,0.10890863354609515,0.011861090460877641,10.745790481567385
2011-02-15, $51.4143,70731871, $51.3128, $51.4243, $51.0786,10.772481831792245,10.79587537987728,10.723296999051476,10.79377555847168,284174800,0.2004168756002178,0.0725783808258047,0.0212937266794348,True,26.17548033563116,-15.38170477715948,236.59684185169078,10.801083428199806,-0.0073078697281268035,5.340495996327212e-05,10.890647888183594
2011-02-14, $51.3114,77500243, $50.97, $51.3543, $50.9586,10.70050802436518,10.78118300025486,10.698108685217049,10.772186279296877,310416400,0.6529300047949826,0.0830743150378108,0.0716782549316974,True,26.17548033563116,-15.403294056334284,237.26146778590308,10.720340228764499,0.051846050532377674,0.0026880129558058594,10.79377555847168
2011-02-11, $50.9786,91775628, $50.6789, $51.1143, $50.5057,10.63932664915292,10.730798652682562,10.603037044376638,10.70230770111084,367572800,0.651560688125441,0.1277616083059243,0.0629810519579194,True,26.17548033563116,-15.47317263452032,239.41907137766853,10.672988706462935,0.029318994647905328,0.0008596034471639012,10.772186279296877
2011-02-10, $50.6486,231786170, $51.0557, $51.4286, $49.7143,10.718502326690746,10.796778758866257,10.436885119163936,10.633027076721191,928550000,-1.0107005217618537,0.3598936397023209,-0.085475249969555,False,26.17548033563116,-15.542453258909969,241.56785330540112,10.699999763890963,-0.06697268716977156,0.004485340826740084,10.70230770111084
2011-02-09, $51.1657,120447916, $50.7414, $51.2857, $50.6957,10.652518969167176,10.766785461014164,10.64292241619061,10.741592407226562,482745200,0.8333445983358168,0.1238630448235547,0.0890734380593869,True,26.17548033563116,-15.433887928404598,238.20489658655316,10.632818225790402,0.10877418143616069,0.011831822547106805,10.633027076721191
2011-02-08, $50.7428,94755248, $50.5257, $50.7886, $50.3071,10.60723190041839,10.662415079274478,10.56134575699231,10.652817726135254,381040800,0.9434854007144944,0.1010693222821679,0.0455858257168646,True,26.17548033563116,-15.522662609495907,240.95305448824226,10.641398781912734,0.011418944222519656,0.00013039228715701503,10.741592407226562
2011-02-07, $50.2686,121039906, $49.6986, $50.4643, $49.6628,10.43358435331308,10.594336028910448,10.426086820908656,10.55324935913086,485021600,1.552663445200575,0.1682492080017912,0.1196650058177795,True,26.17548033563116,-15.622230976500301,244.05410068312554,10.497370291847954,0.05587906728290548,0.0031224701604074777,10.652817726135254
2011-02-04, $49.5,80346164, $49.0914, $49.5286, $49.0728,10.306123396215416,10.397896502113923,10.30222487115312,10.391898155212402,321840400,0.8910081809463399,0.095671630960803,0.0857747589969868,True,26.17548033563116,-15.783582180418758,249.12146644603257,10.379597361622785,0.012300793589616887,0.0001513095229343599,10.55324935913086
2011-02-03, $49.0628,98290879, $49.1143, $49.1771, $48.3643,10.31092023722132,10.324116598054216,10.153467262914138,10.30012321472168,393797600,-0.2555841323396812,0.1706493351400784,-0.0107970224996396,False,26.17548033563116,-15.87535712090948,252.02696371641136,10.32619275508362,-0.026069540361939758,0.0006796209346828061,10.391898155212402
2011-02-02, $49.1886,64653258, $49.2071, $49.3214, $49.0786,10.33041547672458,10.354407258862242,10.30342291991338,10.326516151428224,258955200,-0.2057791993246072,0.0509843389488615,-0.0038993252963557,False,26.17548033563116,-15.848964184202936,251.18966571214744,10.306720826277363,0.01979532515086113,0.0003918548978283153,10.30012321472168
2011-02-01, $49.29,106341512, $48.7571, $49.3786, $48.7114,10.235943443359725,10.366403863030229,10.226346089908091,10.34780979156494,426633200,1.6827921479133368,0.1400577731221375,0.1118663482052149,True,26.17548033563116,-15.82767054406622,250.5151548515015,10.254528221651814,0.09328156991312575,0.008701451285457367,10.326516151428224
2011-01-31, $48.4743,94202598, $47.9714, $48.5771, $47.7571,10.07099097496858,10.198153491022545,10.026004987537153,10.176559448242188,377246800,0.9580559703444846,0.172148503485392,0.1055684732736068,True,26.17548033563116,-15.998920887388973,255.96546956093115,10.154713317001054,0.02184613124113355,0.0004772534502048312,10.34780979156494
2011-01-28, $48.0143,147746454, $49.1671, $49.2, $47.6468,10.322016346791123,10.328914043253228,10.00291159413891,10.07998752593994,592057200,-2.0716502778454604,0.3260024491143181,-0.2420288208511838,False,26.17548033563116,-16.095492809691223,259.0648887868218,10.257972015206327,-0.17798448926638777,0.0316784784194169,10.176559448242188
2011-01-27, $49.03,71129331, $49.1114, $49.2418, $48.9758,10.310322083727868,10.337614161294956,10.281831137645916,10.293227195739746,285026000,-0.186066280471242,0.0557830236490399,-0.0170948879881223,False,26.17548033563116,-15.882253139891414,252.2459647995907,10.216535979565045,0.07669121617470154,0.005881542638354803,10.07998752593994
2011-01-26, $49.1214,126542748, $48.9943, $49.3714, $48.7857,10.285722897655534,10.36489942179313,10.241936596427376,10.31241512298584,506875600,0.7175930496778005,0.1229628253657537,0.0266922253303061,True,26.17548033563116,-15.86306521264532,251.63683794063815,10.275239860232094,0.037175262753745386,0.001382000160810009,10.293227195739746
2011-01-25, $48.7714,135998561, $48.0471, $48.7771, $47.7957,10.086887537787016,10.240141662582634,10.0341028978612,10.238941192626951,546868000,1.170551921544538,0.2060387647214341,0.1520536548399356,True,26.17548033563116,-15.93653914300421,253.97327985650534,10.152652041204309,0.08628915142264226,0.007445817653239685,10.31241512298584
2011-01-24, $48.2071,143251473, $46.6957, $48.2071, $46.6743,9.803170550867186,10.120475769042969,9.79867139204385,10.120475769042969,574683200,3.284119682449682,0.3218043769991183,0.3173052181757825,True,26.17548033563116,-16.05500456658819,257.7631716331677,9.942401612178397,0.17807415686457162,0.03171040534302806,10.238941192626951
2011-01-21, $46.6743,188198066, $47.6814, $47.84, $46.6614,10.010112065836667,10.04340249165429,9.795975880503944,9.798675537109377,754401200,-1.79146959385994,0.2474266111503453,-0.2114365287272903,False,26.17548033563116,-16.376804798521782,268.19973540888606,10.03548249967897,-0.23680696256959344,0.05607753752143683,10.120475769042969
2011-01-20, $47.5257,190898107, $48.0614, $48.3286, $47.16,10.089884101663118,10.145967421163848,9.90064073837167,9.977417945861816,764789200,-1.8179676795735844,0.2453266827921769,-0.112466155801302,False,26.17548033563116,-16.198062389769344,262.3772251828602,9.9746288073677,0.0027891384941156616,7.779293539357781e-06,9.798675537109377
2011-01-19, $48.4057,283119845, $49.7643, $49.8, $48.1257,10.447376447360964,10.454874778243113,10.103380607660172,10.16216278076172,1135612800,-0.5313681188836572,0.3514941705829404,-0.2852136665992439,False,26.17548033563116,-16.013317554869438,256.42633911308974,10.26973536701368,-0.10757258625196009,0.011571861312935392,9.977417945861816
2011-01-18, $48.6643,462442329, $47.0743, $49.2518, $46.5714,9.882649352768803,10.339712958889542,9.777080853715072,10.216449737548828,1880998000,-2.2468742009961185,0.5626321051744707,0.3338003847800248,True,26.17548033563116,-15.959030598082332,254.69065763052814,9.967192669133478,0.2492570684153499,0.06212908615501442,10.16216278076172
2011-01-14, $49.7828,76865693, $49.4128, $49.7828, $49.2057,10.373600214252658,10.451276779174805,10.330113414670857,10.451276779174805,308840000,0.8099877609086148,0.121163364503948,0.0776765649221467,True,26.17548033563116,-15.724203556456356,247.2505774848747,10.305493103275584,0.1457836758992208,0.021252880158689053,10.216449737548828
2011-01-13, $49.3828,74023552, $49.3086, $49.52, $49.1214,10.35170799656184,10.396094954058755,10.31242003335239,10.367302894592283,296780400,0.3658293049547678,0.0836749207063647,0.015594898030443,True,26.17548033563116,-15.808177441038877,249.89847400737045,10.373519857233017,-0.00621696264073357,3.865062447627692e-05,10.451276779174805
2011-01-12, $49.2028,75491803, $49.0357, $49.2043, $48.8571,10.2944261818108,10.329814821199951,10.256936920069531,10.329514503479004,302590400,0.8136927336816369,0.0728779011304201,0.0350883216682031,True,26.17548033563116,-15.845965832152157,251.09463315373358,10.306849933767577,0.022664569711427163,0.0005136827202041416,10.367302894592283
2011-01-11, $48.8057,110618303, $49.2686, $49.28, $48.4957,10.34331320519934,10.34571174312606,10.181061524413543,10.246142387390137,444108000,-0.2365049855938106,0.1646502187125165,-0.0971708178092036,False,26.17548033563116,-15.929337948241024,253.74380746927156,10.32540496157026,-0.07926257418012383,0.006282555665659634,10.329514503479004
2011-01-10, $48.9221,111939414, $48.4043, $49.0328, $48.1671,10.16186481658519,10.293825219830584,10.112080148503978,10.270432472229004,448560000,1.883235483383272,0.1817450713266062,0.1085676556438137,True,26.17548033563116,-15.905047863402157,252.9705475371135,10.178195921045893,0.09223655118311136,0.008507581374154721,10.246142387390137
2011-01-07, $48.0171,77371653, $47.7128, $48.05, $47.4143,10.01671000827877,10.087488900324797,9.954028484160752,10.080591201782228,311931200,0.7161721042661773,0.1334604161640449,0.0638811935034588,True,26.17548033563116,-16.09488913384893,259.04545623088836,10.092305844205848,-0.011714642423619637,0.00013723284711326895,10.270432472229004
2011-01-06, $47.6757,74957912, $47.817, $47.8928, $47.5571,10.038600786913053,10.054496001433083,9.984017446725542,10.008910179138184,300428800,-0.0808389966329481,0.0704785547075417,-0.029690607774869,False,26.17548033563116,-16.166570156492977,261.35799062480936,10.040037460622234,-0.031127281484049973,0.0009689076525872803,10.080591201782228
2011-01-05, $47.7143,63310259, $47.0786, $47.7628, $47.0714,9.883548235057669,10.02720501580703,9.88204824815636,10.017007827758787,255519600,0.817958576269473,0.1451567676506702,0.1334595927011186,True,26.17548033563116,-16.158472507872375,261.09623378766736,9.914090164493304,0.10291766326548313,0.010592045412027375,10.008910179138184
2011-01-04, $47.3271,77212123, $47.4914, $47.5, $46.8786,9.97022691342957,9.9720264180298,9.84156513747988,9.93573760986328,309080800,0.5219465317416905,0.1304612805499214,-0.0344893035662909,False,26.17548033563116,-16.239742725767883,263.72924379913087,9.973297132131195,-0.037559522267915924,0.0014107177129940721,10.017007827758787
2011-01-03, $47.0814,110964733, $46.52, $47.18, $46.4052,9.76628295493768,9.904841536120296,9.742290373175116,9.884147644042969,445138400,2.173232184171847,0.1625511629451796,0.1178646891052892,True,26.17548033563116,-16.29133269158819,265.4075208680102,9.812194756480345,0.07195288756262386,0.005177218028599591,9.93573760986328
2010-12-31, $46.08,48344906, $46.1357, $46.2114, $45.9014,9.685607468578826,9.701502684561788,9.636421833752872,9.673911094665527,193508000,-0.3398463926923001,0.0650808508089166,-0.0116963739132991,False,26.17548033563116,-16.501569240965633,272.3017874143831,9.74165575447243,-0.06774465980690181,0.004589338932352857,9.884147644042969
2010-12-30, $46.2371,39354103, $46.4971, $46.5014, $46.15,9.761482979423572,9.762382330728151,9.688605091562502,9.706899642944336,157494400,-0.5011200247123981,0.0737772391656488,-0.0545833364792365,False,26.17548033563116,-16.468580692686825,271.21415003153726,9.71735073242434,-0.010451089480003617,0.00010922527131904228,9.673911094665527
2010-12-29, $46.47,40775656, $46.6028, $46.6357, $46.4428,9.78367896001062,9.79057745906519,9.75008901969881,9.75578784942627,163139200,-0.055318104994384,0.0404884393663795,-0.0278911105843508,False,26.17548033563116,-16.41969248620489,269.60630134153337,9.743342034102504,0.01244581532376543,0.0001548983190732744,9.706899642944336
2010-12-28, $46.4957,43898371, $46.5586, $46.6657, $46.4371,9.77438311676806,9.796876518974576,9.748891341724953,9.761187553405762,175924000,0.2433475344008728,0.0479851772496235,-0.0131955633622986,False,26.17548033563116,-16.4142927822254,269.4290075406168,9.754423015433769,0.0067645379719927234,4.575897397453143e-05,9.75578784942627
2010-12-27, $46.3828,62274056, $46.1217, $46.4914, $45.9314,9.682608743051969,9.760285322811644,9.642720141970758,9.737491607666016,249816000,0.3336988471819735,0.1175651808408861,0.0548828646140471,True,26.17548033563116,-16.437988727965145,270.20747342070916,9.696630496194699,0.0408611114713171,0.001669630430671402,9.761187553405762
2010-12-23, $46.2286,55731469, $46.4286, $46.45, $46.1671,9.747093419097178,9.751591779929417,9.692209733045022,9.705105781555176,223157200,-0.4797372710854897,0.0593820468843944,-0.041987637542002,False,26.17548033563116,-16.470374554075985,271.2732379515537,9.73026606204557,-0.02516028049039498,0.0006330397143553503,9.737491607666016
2010-12-22, $46.4514,66449697, $46.3371, $46.5314, $46.2214,9.72789664139106,9.768684600614804,9.703603736184148,9.7518892288208,265921600,0.2961432425826249,0.0650808644306568,0.0239925874297401,True,26.17548033563116,-16.42359110681036,269.73434484370034,9.706436392549728,0.04545283627107288,0.0020659603250849585,9.705105781555176
2010-12-21, $46.315,63928793, $46.1428, $46.3414, $46.0071,9.687105669808664,9.728792967705775,9.658614731360364,9.723094940185549,256354000,0.6176166915791148,0.0701782363454111,0.0359892703768842,True,26.17548033563116,-16.45238539544561,270.680985200272,9.696297640654494,0.026797299531054364,0.0007180952621570465,9.7518892288208
2010-12-20, $46.03,96006079, $45.9428, $46.1786, $45.4614,9.645117542637935,9.694603487522611,9.544048234276318,9.663412094116213,385610400,0.4990425991316272,0.1505552532462939,0.0182945514782773,True,26.17548033563116,-16.512068241514946,272.6483976124465,9.658904126895731,0.004507967220481746,2.0321768460937917e-05,9.723094940185549
2010-12-17, $45.8014,96587849, $45.9471, $45.97, $45.7471,9.646017775538684,9.65081645148753,9.604030161833403,9.615427017211914,386929200,-0.1992252910701819,0.0467862896541273,-0.0305907583267703,False,26.17548033563116,-16.560053318419246,274.2353659088883,9.638581630412059,-0.02315461320014478,0.0005361361124483189,9.663412094116213
2010-12-16, $45.8928,80244454, $45.87, $46.0871, $45.7286,9.629822943880722,9.675409567859802,9.600132335560705,9.634621620178224,322030800,0.2778063147634624,0.0752772322990971,0.0047986762975025,True,26.17548033563116,-16.540858715452934,273.6000070445753,9.611239541208668,0.02338207896955602,0.0005467216169385539,9.615427017211914
2010-12-15, $45.7657,103780771, $45.7143, $46.1428, $45.5986,9.597132360895362,9.68710593976853,9.572840263412898,9.607930183410645,417312000,0.0218616278096606,0.1142656763556324,0.0107978225152827,True,26.17548033563116,-16.567550152220516,274.48371804634206,9.596703902320439,0.011226281090205958,0.0001260293871163159,9.634621620178224
2010-12-14, $45.7557,87718986, $45.9614, $46.0771, $45.5714,9.649017477628904,9.673310375529782,9.567141266028324,9.605830192565918,351008000,-0.4290398309819698,0.106169109501458,-0.0431872850629861,False,26.17548033563116,-16.569650143065243,274.553305863582,9.621096154696875,-0.015265962130957433,0.00023304959978382643,9.607930183410645
2010-12-13, $45.9528,109673093, $46.3386, $46.4371, $45.8571,9.728197500667642,9.748891398784862,9.627127349042814,9.647220611572266,439815600,0.3462873235468677,0.1217640497420475,-0.0809768890953765,False,26.17548033563116,-16.528259724058895,273.18336950594744,9.67185406847393,-0.02463345690166463,0.0006068071989261688,9.605830192565918
2010-12-10, $45.7943,65576594, $45.6643, $45.8643, $45.5143,9.586636720816816,9.628624342227484,9.555145804547,9.61392879486084,262511200,0.2501945150727103,0.0734785376804847,0.0272920740440234,True,26.17548033563116,-16.56155154077032,274.2849894375918,9.59429186340526,0.019636931455579543,0.0003856090769911293,9.647220611572266
2010-12-09, $45.6796,73378782, $46.0188, $46.0714, $45.5743,9.661014495264032,9.672110233109768,9.567741424501325,9.589935302734377,294151200,-0.3893776416322825,0.1043688086084433,-0.0710791925296554,False,26.17548033563116,-16.585545032896782,275.0803040382471,9.630999659809147,-0.041064357074770186,0.0016862814219642283,9.61392879486084
2010-12-08, $45.8586,80165284, $45.6614, $45.86, $45.3014,9.58603455601733,9.627722650416146,9.510457816866223,9.627422332763672,321935600,0.8799415770596397,0.1172648335499229,0.0413877767463422,True,26.17548033563116,-16.54805800286749,273.83822366626674,9.573832203835009,0.053590128928663106,0.0028719019185907343,9.589935302734377
2010-12-07, $45.4586,97437439, $46.2571, $46.2843, $45.4457,9.711095673496027,9.716792898187837,9.540746733178532,9.543445587158203,391454000,-0.6060461589116883,0.1760461650093052,-0.167650086337824,False,26.17548033563116,-16.632034748472957,276.6245798744119,9.668296249847856,-0.12485066268965284,0.01558768797404547,9.627422332763672
2010-12-06, $45.7357,111165143, $45.52, $46.0471, $45.4886,9.556348808758536,9.667016320367068,9.549750626368295,9.601635932922363,448481600,0.8537368907256537,0.1172656939987728,0.0452871241638277,True,26.17548033563116,-16.573844402708797,274.69231828520174,9.538240345050632,0.0633955878717316,0.004019000561602443,9.543445587158203
2010-12-03, $45.3486,85503906, $45.2871, $45.5214, $45.1914,9.507461088222628,9.556645924715964,9.487367029142677,9.520357131958008,342092800,-0.2231651592090933,0.0692788955732872,0.0128960437353793,True,26.17548033563116,-16.655123203673153,277.3931289295319,9.5268320271352,-0.006474895177191797,4.192426755562159e-05,9.601635932922363
2010-12-02, $45.45,115699815, $45.3614, $45.5714, $44.9843,9.523055899293077,9.567142541600276,9.443879332928976,9.541650772094728,462837200,0.5530993017968333,0.1232632086713003,0.0185948728016516,True,26.17548033563116,-16.63382956353643,276.68428594877855,9.508500493511693,0.033150278583034876,0.0010989409701328207,9.520357131958008
2010-12-01, $45.2,114829084, $45.0386, $45.3928, $45,9.455276005584354,9.52965389364219,9.447178638978492,9.489166259765623,461750800,1.687315942919998,0.0824752546636968,0.0338902541812693,True,26.17548033563116,-16.68631407586554,278.4330774384284,9.471880360861869,0.017285898903754315,0.00029880230091081463,9.541650772094728
2010-11-30, $44.45,125157098, $44.7914, $44.9086, $44.41,9.403389028437864,9.427982240322027,9.3233131333229,9.331710815429688,501858000,-1.8051776175798009,0.1046691069991272,-0.0716782130081767,False,26.17548033563116,-16.843769520201473,283.7125716496682,9.419750172152217,-0.08803935672252905,0.007750928332116721,9.489166259765623
2010-11-29, $45.2671,110489713, $45.0714, $45.3543, $44.4828,9.462173298599572,9.521555319250073,9.33861058074545,9.50326156616211,445785200,0.5936452190749231,0.1829447385046236,0.0410882675625376,True,26.17548033563116,-16.67221876946905,277.9628786970361,9.402820258760098,0.1004413074020114,0.01008845623262535,9.331710815429688
2010-11-26, $45,59436255, $44.82, $45.3857, $44.7057,9.409390061206876,9.528154910966098,9.385397477750908,9.447178840637209,237585600,0.0635568844722378,0.1427574332151895,0.0377887794303326,True,26.17548033563116,-16.72830149499395,279.8360709074168,9.428590690164569,0.018588150472639953,0.0003455193379935049,9.50326156616211
2010-11-24, $44.9707,103401091, $44.5714, $45.0571, $44.5357,9.35720309779702,9.459173355924566,9.34970636819841,9.44117832183838,413725200,1.9660810463957512,0.1094669877261562,0.0839752240413602,True,26.17548033563116,-16.734302013792778,280.03686388882903,9.37500489242839,0.06617342940999116,0.004378922759879083,9.447178840637209
2010-11-23, $44.1043,129372219, $44.35, $44.5357, $43.7943,9.31072118596898,9.349710443483408,9.19405613375722,9.259136199951172,519447600,-1.4775163858984586,0.155654309726188,-0.0515849860178079,False,26.17548033563116,-16.91634413567999,286.1626989167547,9.342673969274843,-0.08353776932367118,0.006978558903574898,9.44117832183838
2010-11-22, $44.7657,97869619, $43.8114, $44.7657, $43.6957,9.197652352615403,9.397993087768556,9.173360254648893,9.397993087768556,393075200,2.1614943045893176,0.2246328331196636,0.2003407351531532,True,26.17548033563116,-16.777487247862602,281.4840783521922,9.20536874184057,0.19262434592798705,0.03710413864418482,9.259136199951172
2010-11-19, $43.8186,96113949, $43.9957, $44.0571, $43.6057,9.236342847651084,9.249238892220427,9.15446741993008,9.199153900146484,384843200,-0.5511640221240954,0.0947714722903469,-0.0371889475045996,False,26.17548033563116,-16.976326435484676,288.19565924413587,9.27917455123666,-0.08002065109017487,0.006403304600895504,9.397993087768556
2010-11-18, $44.0614,123123667, $43.6, $44.2386, $43.5271,9.153266044688436,9.287326272928848,9.137971463875433,9.250137329101562,494491200,2.6389161079066747,0.1493548090534151,0.096871284413126,True,26.17548033563116,-16.925343006529598,286.46723588868036,9.155489897649051,0.0946474314525112,0.008958136280557806,9.199153900146484
2010-11-17, $42.9286,119653066, $43.0286, $43.4271, $42.5371,9.033303440513652,9.11697837420196,8.930134280627392,9.012310028076172,479449600,-0.3613736542853796,0.1868440935745674,-0.0209934124374804,False,26.17548033563116,-17.16317030755499,294.5744150061372,9.095334352280677,-0.083024324204505,0.006893038409614756,9.250137329101562
2010-11-16, $43.0843,164041549, $43.6743, $43.9428, $42.76,9.168859268336268,9.225242103020872,8.976916255112133,9.04499626159668,657650000,-1.7750136006943862,0.2483258479087382,-0.1238630067395885,False,26.17548033563116,-17.13048407403448,293.453484610749,9.100176032014017,-0.05517977041733779,0.003044807063310107,9.012310028076172
2010-11-15, $43.8621,100475160, $44.0657, $44.3628, $43.7528,9.251034899625532,9.313416078040213,9.185354231454662,9.208447456359863,403606000,-0.3214137207269374,0.1280618465855507,-0.0425874432656687,False,26.17548033563116,-16.967032879271297,287.88020472627323,9.165068321832988,0.04337913452687481,0.001881749312300702,9.04499626159668
2010-11-12, $44.0043,198704230, $45.1428, $45.2143, $43.3757,9.477168971675692,9.492164034754545,9.106180507887894,9.238140106201172,795846800,-2.722260572281088,0.3859835268666511,-0.2390288654745198,False,26.17548033563116,-16.93734022942999,286.8734940474675,9.369391155888621,-0.1312510496874495,0.017226838044057335,9.208447456359863
2010-11-11, $45.2364,90179837, $45, $45.4857, $44.8928,9.44717809643766,9.549148369999198,9.42468470084892,9.496664047241213,361284000,-0.4339204661120255,0.1244636691502787,0.0494859508035521,True,26.17548033563116,-16.678816288389946,278.1829127818618,9.360288883023879,0.1363751642173341,0.01859818541530484,9.238140106201172
2010-11-10, $45.4328,95152429, $45.2343, $45.5386, $44.7928,9.49636350119211,9.56024468444752,9.403691058152388,9.53805160522461,384227200,0.6169285483401676,0.1565536262951319,0.0416881040324987,True,26.17548033563116,-16.63742873040655,276.80403475935736,9.482841376285755,0.0552102289388543,0.003048169379480705,9.496664047241213
2010-11-09, $45.1543,95514329, $45.8643, $45.9, $44.9286,9.628624736424936,9.636123069701611,9.432184101183104,9.479569435119627,383544000,-0.7971815360712564,0.2039389685185071,-0.1490553013053084,False,26.17548033563116,-16.695910900511535,278.7534407978199,9.583354337752217,-0.1037849026325901,0.010771306014456208,9.53805160522461
2010-11-08, $45.5171,69985111, $45.3143, $45.6814, $45.2514,9.513158624088002,9.590235365627407,9.499962263306172,9.555746078491213,281758400,0.4698453875978892,0.0902731023212357,0.0425874544032112,True,26.17548033563116,-16.619734257139946,276.2155667779511,9.487775297369177,0.06797078112203536,0.004620027086339639,9.479569435119627
2010-11-05, $45.3043,90104657, $45.4271, $45.6528, $45.25,9.536851694368572,9.584237024596108,9.49966275117575,9.511058807373049,361253200,-0.3582004851672149,0.0845742734203582,-0.0257928869955232,False,26.17548033563116,-16.66442152825811,277.70294487147237,9.529869758293529,-0.01881095092048035,0.00035385187453272057,9.555746078491213
2010-11-04, $45.4671,159613418, $45.0643, $45.74, $45.0043,9.460674859731345,9.602532943570733,9.44807833278461,9.545249938964844,642488000,1.748731993690278,0.1544546107861233,0.0845750792334989,True,26.17548033563116,-16.630230396666317,276.56456304620434,9.46467452433123,0.08057541463361417,0.006492397443378845,9.511058807373049
2010-11-03, $44.6857,126496828, $44.4814, $44.6971, $44.0757,9.338310158592048,9.383597267632052,9.253136053268353,9.381197929382324,508348400,1.1119862978849149,0.1304612143636987,0.0428877707902763,True,26.17548033563116,-16.794282406248836,282.0479215408392,9.397074173223702,-0.015876243841377757,0.0002520551185108852,9.545249938964844
2010-11-02, $44.1943,107689502, $43.8571, $44.3128, $43.8571,9.20724946210653,9.302920267189869,9.20724946210653,9.278027534484863,433930000,1.7029599673420437,0.0956708050833388,0.0707780723783333,True,26.17548033563116,-16.897452801146297,285.52391116696685,9.254370451534495,0.02365708295036839,0.0005596575737206108,9.381197929382324
2010-11-01, $43.4543,105463082, $43.1743, $43.6571, $43.1714,9.063889913340418,9.16525952120433,9.063290078959325,9.122672080993652,423889200,1.0631700345180572,0.1019694422450054,0.0587821676532342,True,26.17548033563116,-17.052808254637508,290.7982693694331,9.124996249554059,-0.0023241685604062923,5.401759497181057e-06,9.278027534484863
2010-10-29, $42.9971,106459252, $43.4614, $43.6971, $42.9814,9.124173986167666,9.173659131744074,9.023403390645996,9.026702880859377,430511200,-1.3956540966366116,0.1502557410980785,-0.0974711053082888,False,26.17548033563116,-17.148777454771782,294.08056819328897,9.109777374731983,-0.08307449387260668,0.006901371532189765,9.122672080993652
2010-10-28, $43.6057,137111911, $43.9928, $44, $42.9857,9.235742376370592,9.237242363448024,9.024306664545852,9.154467582702637,551051200,-0.8413730340200876,0.2129356989021715,-0.0812747936679549,False,26.17548033563116,-17.021012752928524,289.71487513535544,9.148714558770632,0.0057530239320051635,3.3097284362224155e-05,9.026702880859377
2010-10-27, $43.9757,97963209, $43.95, $44.2714, $43.6571,9.226745843711328,9.294225242375404,9.165263990936111,9.232144355773926,399002800,-0.0713908129850726,0.1289612514392928,0.0053985120625981,True,26.17548033563116,-16.943335979857235,287.07663412632473,9.187622014925141,0.04452234084878448,0.001982238834655343,9.154467582702637
2010-10-26, $44.0071,97175079, $43.8386, $44.2486, $43.6643,9.203350532293738,9.28942478189778,9.1667606273806,9.238739967346191,392929600,-0.255766825824677,0.1226641545171798,0.035389435052453,True,26.17548033563116,-16.93674036828497,286.8531743026937,9.19961875281674,0.03912121452945172,0.0015304694262593844,9.232144355773926
2010-10-25, $44.12,96214749, $44.1557, $44.5143, $44.0628,9.269928521148378,9.345204932219977,9.250433503544269,9.26243019104004,392462000,0.4455554084689117,0.0947714286757079,-0.0074983301083371,False,26.17548033563116,-16.913050144591118,286.0512651934536,9.245227339120053,0.01720285191998805,0.0002959381141810365,9.238739967346191
2010-10-22, $43.9243,92488648, $44.1528, $44.2914, $43.7571,9.269329148968255,9.298420719686048,9.186254879704684,9.221343994140623,372778000,-0.6623244548426444,0.1121658399813636,-0.0479851548276322,False,26.17548033563116,-16.95413634149054,287.4427390858502,9.253136647833866,-0.03179265369324291,0.0010107728288584722,9.26243019104004
2010-10-21, $44.2171,136781721, $44.6228, $44.9628, $43.8286,9.36800051942588,9.439379222663645,9.201250533988398,9.28282642364502,551460000,-0.3252670904232091,0.2381286886752462,-0.0851740957808608,False,26.17548033563116,-16.89265391198614,285.3617561901407,9.30291292304897,-0.020086499403950242,0.0004034674583048934,9.221343994140623
2010-10-20, $44.3614,179414674, $44.1428, $44.8928, $43.8386,9.267232786816963,9.424685773002803,9.203352400992893,9.313118934631348,721624400,0.3360696465273483,0.2213333720099104,0.0458861478143841,True,26.17548033563116,-16.862361400999813,284.3392320179284,9.258918467903154,0.054200466728193675,0.0029376905935540295,9.28282642364502
2010-10-19, $44.2128,307005952, $43.3428, $44.8243, $42.86,9.099280023334748,9.410286565208011,8.997910407869108,9.281925201416016,1232784000,-2.6761059978844703,0.4123761573389028,0.1826451780812679,True,26.17548033563116,-16.893555134215145,285.3922050727669,9.160304827543651,0.12162037387236424,0.014791515340853658,9.313118934631348
2010-10-18, $45.4286,267603430, $45.4957, $45.5714, $44.8986,9.551245137740748,9.567139548569736,9.425882146742213,9.537149429321287,1093010800,1.0357440142155117,0.1412574018275236,-0.014095708419461,False,26.17548033563116,-16.638330906309875,276.8340553478664,9.44330605956492,0.09384336975636742,0.008806578047230297,9.281925201416016
2010-10-15, $44.9628,229189449, $43.92, $45, $43.5586,9.220446758625078,9.447179449827658,9.144569677991417,9.43938159942627,922194000,4.111648515506561,0.3026097718362415,0.2189348408011913,True,26.17548033563116,-16.73609873620489,280.09700090799896,9.317585672752273,0.12179592667399675,0.014834247754377592,9.537149429321287
2010-10-14, $43.1871,108314742, $43.0986, $43.21, $42.9143,9.048000200402145,9.071392954631708,9.009311259736954,9.066595077514648,435296400,0.7229965932008975,0.0620816948947542,0.0185948771125037,True,26.17548033563116,-17.108885258116512,292.71395477539653,9.171187770281055,-0.10459269276640626,0.010939631380127853,9.43938159942627
2010-10-13, $42.8771,155265647, $42.8857, $43.1371, $42.8286,9.003313939096312,9.05609779633587,8.991317243883923,9.001514434814453,630092400,0.5360097285504795,0.0647805524519462,-0.001799504281859,False,26.17548033563116,-17.173965900816707,294.94510476241504,9.011533039408256,-0.010018604593803104,0.00010037243800697266,9.066595077514648
2010-10-12, $42.6486,139112862, $42.2014, $42.7857, $41.7843,8.859650604794021,8.982314732136519,8.772076387900434,8.953522682189941,558544000,1.0766386540870254,0.2102383442360853,0.09387207739592,True,26.17548033563116,-17.22195765344122,296.5958254169226,8.895304784518812,0.05821789767112939,0.0033893236092460933,9.001514434814453
2010-10-11, $42.1943,106676392, $42.1057, $42.4628, $42.0857,8.839559121912272,8.91453603109808,8.83536028045555,8.858152389526367,427753200,0.4386193034665364,0.0791757506425305,0.0185932676140954,True,26.17548033563116,-17.317327946104793,299.88984719294206,8.865426226189314,-0.0072738366629465645,5.2908699799225616e-05,8.953522682189941
2010-10-08, $42.01,164183439, $41.6733, $42.0714, $41.4286,8.74868959568841,8.832364545612045,8.697405723974736,8.81946849822998,658403200,1.6769543320889646,0.1349588216373085,0.070778902541571,True,26.17548033563116,-17.35601183740118,301.2311469000099,8.77292066056989,0.04654783766009096,0.0021667011908301824,8.858152389526367
2010-10-07, $41.3171,101859481, $41.4766, $41.4971, $40.9871,8.707599259031136,8.71179810112592,8.604730430674307,8.674009323120117,408399600,0.0103799980955443,0.1070676704516131,-0.033589935911019,False,26.17548033563116,-17.501471012511043,306.30148760176434,8.732646510210095,-0.05863718708997823,0.0034383197098251093,8.81946849822998
2010-10-06, $41.3128,167206320, $41.37, $41.7128, $40.7514,8.685105746104007,8.757084293641004,8.555244363164224,8.67310905456543,670868800,0.0865014393795382,0.2018399304767797,-0.0119966915385774,False,26.17548033563116,-17.50237128106573,306.3330004602745,8.667061275511788,0.006047779053641733,3.65756314816677e-05,8.674009323120117
2010-10-05, $41.2771,124901667, $40.2857, $41.35, $40.2601,8.457475360892017,8.680907756380979,8.452076048322304,8.665613174438477,501967200,3.69651070989776,0.2288317080586743,0.2081378135464593,True,26.17548033563116,-17.509867161192684,306.5954480026139,8.518709782123786,0.14690339231469096,0.021580606673564002,8.67310905456543
2010-10-04, $39.8057,108637023, $40.2286, $40.4143, $39.6814,8.445479754238411,8.48446740888593,8.330613408825265,8.356706619262695,435302000,-1.3733336724947698,0.1538540000606651,-0.0887731349757157,False,26.17548033563116,-17.818773716368465,317.50869675514366,8.508282675091733,-0.15157605582903777,0.022975300700687575,8.665613174438477
2010-10-01, $40.36,112000034, $40.878, $40.94, $40.1928,8.581937326600027,8.594833370670116,8.43798021936145,8.47307014465332,448142800,-0.4334923918622446,0.1568531513086668,-0.1088671819467066,False,26.17548033563116,-17.70241019097784,313.3753265696361,8.488810479377213,-0.015740334723892246,0.000247758137220168,8.356706619262695
2010-09-30, $40.5357,167988710, $41.2857, $41.4286, $40.1786,8.667413171611702,8.697404104262299,8.434982442510375,8.509960174560547,673391600,-1.259728694248119,0.2624216617519241,-0.1574529970511555,False,26.17548033563116,-17.665520161070614,312.07060256119235,8.585162641160306,-0.07520246659975882,0.005655410982687841,8.47307014465332
2010-09-29, $41.0528,117244505, $41.0328, $41.4014, $40.8571,8.614331429175628,8.691708528877653,8.577442784432103,8.6185302734375,469644000,0.1778378145292247,0.1142657444455501,0.0041988442618716,True,26.17548033563116,-17.55695006219366,308.246495486362,8.563564927056795,0.054965346380704716,0.003021189302750849,8.509960174560547
2010-09-28, $40.98,258538988, $41.6814, $41.6814, $39.2857,8.750486263734524,8.750486263734524,8.247537375465011,8.603230476379395,1035042400,-1.4768521183128658,0.502948888269513,-0.1472557873551299,False,26.17548033563116,-17.572249859251766,308.78396511597373,8.690145259039745,-0.08691478266035091,0.007554179444896035,8.6185302734375
2010-09-27, $41.5948,120369236, $41.9964, $42.1043, $41.5728,8.816767117794818,8.839259714396144,8.727693680338936,8.732192039489746,482834800,-0.3968302746689911,0.1115660340572084,-0.0845750783050718,False,26.17548033563116,-17.443288296141414,304.26830658230404,8.727890261604474,0.004301777885272529,1.8505292974219788e-05,8.603230476379395
2010-09-24, $41.76,161761929, $41.7286, $41.9328, $41.5071,8.76038469836484,8.803271673819566,8.713898715072991,8.766982078552246,649488000,1.1767983091207856,0.0893729587465745,0.0065973801874061,True,26.17548033563116,-17.408498257078914,303.0558115667196,8.736400276363412,0.030581802188834217,0.0009352466251169853,8.732192039489746
2010-09-23, $41.2743,196189899, $40.9043, $41.8228, $40.8571,8.587335778006075,8.780178204771543,8.577438907143495,8.66501235961914,786116800,0.4066137193977415,0.2027392976280477,0.0776765816130655,True,26.17548033563116,-17.51046797601202,306.6164887389425,8.636047987554353,0.02896437206478808,0.0008389348491074761,8.766982078552246
2010-09-22, $41.1071,146168794, $40.3871, $41.14, $40.3443,8.478766814597334,8.636819609835651,8.469769296624815,8.629921913146973,585289600,1.402571771916605,0.1670503132108365,0.1511550985496388,True,26.17548033563116,-17.545558422484188,307.84662035680583,8.529719955135983,0.10020195801098986,0.010040432389236175,8.66501235961914
2010-09-21, $40.5386,166544330, $40.5514, $41.05, $40.3986,8.513254922522329,8.617923220994875,8.481164182963704,8.510555267333984,668074400,0.1906031747885173,0.1367590380311707,-0.0026996551883442,False,26.17548033563116,-17.664925068297176,312.049577668554,8.5398559949097,-0.029300727575716223,0.0008585326364663371,8.629921913146973
2010-09-20, $40.4614,164490809, $39.44, $40.54, $39.4071,8.279928241916489,8.510859791979778,8.273030543420186,8.494364738464355,658677600,2.8543480073341065,0.2378292485595921,0.2144364965478669,True,26.17548033563116,-17.681115597166805,312.62184876037526,8.34629914464847,0.14806559381588613,0.02192342007205098,8.510555267333984
2010-09-17, $39.3386,157292917, $39.67, $39.7086, $39.0971,8.328212982335042,8.336311150326104,8.207949741906091,8.258634567260742,634477200,-0.4338811547123122,0.1283614084200124,-0.0695784150743001,False,26.17548033563116,-17.91684576837042,321.013362287573,8.37202859718701,-0.11339402992626724,0.01285820602291919,8.494364738464355
2010-09-16, $39.51,162463819, $38.6057, $39.5243, $38.5,8.104780911005907,8.29762254823187,8.082587028638423,8.294623374938965,652103200,2.3499599369110724,0.2150355195934459,0.1898424639330578,True,26.17548033563116,-17.880856960692196,319.7250456487345,8.144142374330649,0.15048100060831615,0.022644531544080047,8.258634567260742
2010-09-15, $38.6028,106805122, $38.31, $38.6257, $38.2628,8.042697392274569,8.108977905672143,8.032799722239883,8.104178428649902,429368800,0.8057846337806263,0.0761781834322601,0.0614810363753335,True,26.17548033563116,-18.071301906981258,326.57195261326444,8.11637477182647,-0.012196343176567481,0.00014875078688060417,8.294623374938965
2010-09-14, $38.2943,101293530, $38.03, $38.4528, $37.9314,7.9839146993447985,8.07268780925981,7.963220808013313,8.039398193359375,408150400,0.3819671313217032,0.1094670012464966,0.0554834940145765,True,26.17548033563116,-18.136082142271786,328.9174754712296,8.011430089961713,0.027968103397661537,0.0007822148076622868,8.104178428649902
2010-09-13, $38.1486,96883319, $37.9743, $38.3257, $37.9657,7.972218077140972,8.04599612200794,7.970419374413469,8.008807182312012,388780000,1.3780146957410588,0.0755767475944715,0.03658910517104,True,26.17548033563116,-18.16667315331915,330.02801345952673,7.9811297067686,0.02767747554341149,0.0007660426524561411,8.039398193359375
2010-09-10, $37.63,96849369, $37.5986, $37.7857, $37.3428,7.893346598504951,7.932635383150623,7.839662577429553,7.89994478225708,387542400,0.129257842289121,0.0929728057210699,0.0065981837521293,True,26.17548033563116,-18.27553555337408,333.9951997626401,7.919120217872117,-0.019175435615037095,0.00036769733102643304,8.008807182312012
2010-09-09, $37.5814,109347103, $37.8628, $38.0743, $37.56,7.948829194095368,7.99321536881139,7.885248305255617,7.88974666595459,438575200,0.0571219441634518,0.1079670635557725,-0.0590825281407783,False,26.17548033563116,-18.28573366967657,334.36805583834337,7.917066105803439,-0.027319439848849214,0.0007463517936548904,7.89994478225708
2010-09-08, $37.56,131395709, $37.1114, $37.77, $37.0143,7.791070067467087,7.929329087220886,7.770675698823195,7.885242462158203,526551200,1.9819835376378991,0.158653388397691,0.0941723946911157,True,26.17548033563116,-18.290237873472957,334.5328014682246,7.810897170716656,0.07434529144154745,0.005527222359528627,7.88974666595459
2010-09-07, $36.83,85565506, $36.6628, $37.0757, $36.6071,7.696905639579748,7.7835797848940755,7.685209258862044,7.731995582580566,342557600,-0.3709430769836652,0.0983705260320313,0.035089943000818,True,26.17548033563116,-18.443484753050594,340.16212983600974,7.748080801526031,-0.016085218945464774,0.0002587342685235389,7.885242462158203
2010-09-03, $36.9671,130035609, $36.4414, $36.9686, $36.3571,7.650416493003354,7.761083189251118,7.632721770246552,7.760783672332764,520788800,2.6173195232788604,0.1283614190045661,0.11036717932941,True,26.17548033563116,-18.414696663298397,339.1010532012931,7.664162185407444,0.09662148692531947,0.00933571173565968,7.731995582580566
2010-09-02, $36.0243,103632581, $35.8946, $36.0243, $35.51,7.535547915296539,7.562839984893798,7.454872176363804,7.562839984893799,415427600,0.7350092412049758,0.1079678085299935,0.0272920695972596,True,26.17548033563116,-18.61264035073736,346.43038082589663,7.599544048741745,-0.03670406384794589,0.0013471883029540885,7.760783672332764
2010-09-01, $35.7614,173960762, $35.3528, $35.9228, $35.1828,7.421883258477054,7.54154745846026,7.386194300973798,7.507658004760742,697037600,2.9741017652039847,0.1553531574864628,0.0857747462836879,True,26.17548033563116,-18.66782233087042,348.4875905769443,7.456280738300174,0.05137726646056784,0.002639623508960189,7.562839984893799
2010-08-31, $34.7286,104966361, $34.55, $34.9371, $34.3357,7.2533322975763745,7.334608668614091,7.208346313122038,7.290821552276611,420786800,0.2474459455738209,0.1262623554920532,0.0374892547002367,True,26.17548033563116,-18.88465878335455,356.6303373637301,7.3273348525370245,-0.03651330026041322,0.0013332210959070918,7.507658004760742
2010-08-30, $34.6428,95553599, $34.3943, $35.1071, $34.3829,7.220640451164582,7.370296325182123,7.218241113657857,7.272825241088867,383289200,0.3642065288172569,0.1520552115242655,0.0521847899242855,True,26.17548033563116,-18.902655094542293,357.3103696232257,7.230112565162388,0.04271267592647909,0.0018243726848004268,7.290821552276611
2010-08-27, $34.5171,136758551, $34.5357, $34.6586, $33.6514,7.250332581890181,7.2761246589867055,7.064687447945499,7.246433258056641,548391200,0.5576473719242303,0.2114372110412068,-0.00389932383354,False,26.17548033563116,-18.92904707757452,358.30882326503246,7.243117986861131,0.0033152711955093395,1.0991023099773925e-05,7.272825241088867
2010-08-26, $34.3257,116284385, $35.0643, $35.1071, $34.3254,7.361301444613412,7.370298963484416,7.206247806549072,7.206247806549072,466505200,-1.0745736153294885,0.1640511569353435,-0.1550536380643397,False,26.17548033563116,-18.96923252908209,359.83178274238605,7.3060393988453844,-0.09979159229631218,0.009958361893033393,7.246433258056641
2010-08-25, $34.6986,148938905, $34.0057, $34.8557, $33.8857,7.139069086358946,7.317516302291937,7.11387683030098,7.284525394439697,596867600,1.2337164994696614,0.2036394719909564,0.1454563080807513,True,26.17548033563116,-18.890954941191463,356.86817859012615,7.147436143851353,0.1370892505883443,0.018793462626873862,7.206247806549072
2010-08-24, $34.2757,150183995, $34.6671, $34.7143, $34.0928,7.277925963958955,7.287822032256423,7.157361628124151,7.195750236511231,602565600,-2.388119365217345,0.1304604041322719,-0.0821757274477237,False,26.17548033563116,-18.97973009911993,360.230154635439,7.265161711292571,-0.06941147478133924,0.004817952831320494,7.284525394439697
2010-08-23, $35.1143,103289091, $35.97, $36, $35.0357,7.551444403630595,7.557742265914423,7.355303312968278,7.371797561645508,414041600,-1.5382228517242025,0.202438952946145,-0.1796468419850869,False,26.17548033563116,-18.803682773985653,353.57848586468475,7.411940956241082,-0.04014339459557448,0.0016114921296559981,7.195750236511231
2010-08-20, $35.6628,95681559, $35.6271, $36.2743, $35.5714,7.47946621720296,7.61532514399443,7.467769042621388,7.486963748931885,384230000,-0.0960589061183125,0.1475561013730422,0.0074975317289247,True,26.17548033563116,-18.688516586699276,349.26065221133393,7.426803460486179,0.0601602884457062,0.003619260305870571,7.371797561645508
2010-08-19, $35.6971,106533662, $36.12, $36.2114, $35.5257,7.58293568307935,7.602130391427893,7.458173282203072,7.494162559509277,426706000,-1.260505019999647,0.1439571092248206,-0.088773123570073,False,26.17548033563116,-18.681317776121883,348.9916338524475,7.534438063566012,-0.04027550405673441,0.00162211622702403,7.486963748931885
2010-08-18, $36.1528,84548265, $36.0514, $36.3814, $35.94,7.568539856120451,7.637818748987199,7.545146307164522,7.589832782745361,339696000,0.4365703705096591,0.0926724418226765,0.02129292662491,True,26.17548033563116,-18.5856475528858,345.4262949600899,7.527597816538798,0.06223496620656377,0.003873191018732134,7.494162559509277
2010-08-17, $35.9957,105546662, $35.7257, $36.3757, $35.6,7.500158695167519,7.636618231645371,7.473765978967628,7.556841850280762,422640400,1.748508090298451,0.1628522526777427,0.0566831551132427,True,26.17548033563116,-18.6186384853504,346.653699048171,7.516642082658983,0.040199767621778904,0.0016160213168450236,7.589832782745361
2010-08-16, $35.3771,79420764, $35.3686, $35.7157, $35.2314,7.425180992074986,7.498059677609129,7.396388938028663,7.426980495452881,318430000,-0.5861492387253198,0.1016707395804665,0.001799503377895,True,26.17548033563116,-18.74849984017828,351.506246257165,7.4563241194598895,-0.02934362400700863,0.0008610482698646931,7.556841850280762
2010-08-13, $35.5857,88560037, $35.95, $35.9828, $35.5843,7.547247278622203,7.554144977018637,7.470470041275616,7.470770359039307,354869200,-1.068321423524321,0.0836749357430202,-0.0764769195828964,False,26.17548033563116,-18.704709976591854,349.8661753084148,7.490215440424329,-0.019445081385022434,0.00037811119007014597,7.426980495452881
2010-08-12, $35.97,133552620, $35.2414, $36.1571, $35.16,7.398489455518685,7.590732013161718,7.381394572242987,7.551444053649902,534920400,0.6395060871660752,0.2093374409187314,0.1529545981312177,True,26.17548033563116,-18.624036281981258,346.8547274325543,7.408813310456522,0.1426307431933802,0.020343528903895975,7.470770359039307
2010-08-11, $35.7414,154454626, $36.4857, $36.5271, $35.6871,7.65971308353555,7.668410284614621,7.492062920451389,7.503458976745605,620054400,-3.5542189092494625,0.1763473641632327,-0.1562541067899454,False,26.17548033563116,-18.672021358885555,348.64438162667835,7.606957714303596,-0.10349873755799166,0.010711988676098034,7.551444053649902
2010-08-10, $37.0586,112874754, $37.1214, $37.2071, $36.7928,7.79317272894209,7.811167766657976,7.724192551878441,7.779976367950439,451920000,-0.894018243968675,0.0869752147795352,-0.0131963609916514,False,26.17548033563116,-18.39550396768072,338.39456622495715,7.676941239739099,0.10303512821133953,0.010616237645527176,7.503458976745605
2010-08-09, $37.3928,75552633, $37.3543, $37.45, $37.0814,7.842060044283597,7.862154910660539,7.784777822565775,7.850158214569092,303128000,0.6382466141441334,0.0773770880947646,0.0080981702854945,True,26.17548033563116,-18.32532212106207,335.8174308406868,7.805603296699933,0.044554917869159105,0.0019851407063275132,7.779976367950439
2010-08-06, $37.1558,111151143, $37.1114, $37.3557, $36.8043,7.791074761765656,7.842360231038501,7.726593729207801,7.80037260055542,444897600,-0.6152008392797281,0.1157665018307003,0.0092978387897639,True,26.17548033563116,-18.37510773507574,337.64458427564034,7.797031693320741,0.003340907234679058,1.116166115073087e-05,7.850158214569092
2010-08-05, $37.3857,72257102, $37.39, $37.5971, $37.2214,7.84955695965261,7.893044574692726,7.8141675134329,7.848657608032227,289097200,-0.4867012931422776,0.0788770612598259,-0.000899351620383,False,26.17548033563116,-18.326822727598934,335.8724312888368,7.817623965411634,0.03103364262059216,0.0009630869743026343,7.80037260055542
2010-08-04, $37.5686,105052042, $37.5486, $37.7543, $37.1873,7.882845111280561,7.926031595245668,7.80696804623294,7.8870439529418945,420375200,0.4008487647997993,0.1190635490127283,0.0041988416613332,True,26.17548033563116,-18.288436382689266,334.46690532367245,7.856187517837608,0.030856435104286817,0.0009521195873450638,7.848657608032227
2010-08-03, $37.4186,104082541, $37.2871, $37.6086, $37.06,7.827963463229494,7.895442862277263,7.78027780767644,7.855555057525635,417653600,0.0305842595439642,0.1151650546008227,0.0275915942961404,True,26.17548033563116,-18.319925278105526,335.6196621953698,7.833943446712738,0.021611610812897197,0.00046706172192813506,7.8870439529418945
2010-08-02, $37.4071,106583082, $37.2057, $37.5128, $37.0886,7.810866098708302,7.875346303925688,7.786273685595025,7.853153228759766,428055600,1.7881028250904762,0.0890726183306629,0.0422871300514637,True,26.17548033563116,-18.322327106871395,335.7076706111943,7.811793310662027,0.0413599180977382,0.001710642825051612,7.855555057525635
2010-07-30, $36.75,112029784, $36.5561, $37.1, $36.4143,7.674410403567742,7.788675314862619,7.644718184257615,7.715197563171387,448210000,-0.3331950846718112,0.1439571306050044,0.0407871596036448,True,26.17548033563116,-18.460282772459774,340.7820400391751,7.722209929238046,-0.007012366066659226,4.9173277852833784e-05,7.853153228759766
2010-07-29, $36.8728,160834008, $37.2443, $37.5214, $36.5857,7.818967079549104,7.877149449983268,7.6807087702105665,7.740990161895752,643806800,-1.0920791634627114,0.1964406797727012,-0.077976917653352,False,26.17548033563116,-18.43449017373541,339.83042796554736,7.767891968867249,-0.026901806971497244,0.0007237072183316977,7.715197563171387
2010-07-28, $37.28,129737759, $37.6671, $37.9986, $37.1786,7.90773769018076,7.977316891810366,7.8051683912705885,7.826461315155029,519985200,-1.1814673697576383,0.1721485005397776,-0.0812763750257303,False,26.17548033563116,-18.34901902047613,336.68649901379484,7.834658246253926,-0.00819693109889652,6.718967944005692e-05,7.740990161895752
2010-07-27, $37.7257,145188934, $37.2671, $37.8286, $37.1857,7.823762494349016,7.941627173389934,7.806667611122875,7.920033931732178,584771600,1.8512823610319584,0.1349595622670589,0.0962714373831614,True,26.17548033563116,-18.255446403898983,333.2613234056283,7.80998824492051,0.11004568681166749,0.012110053185851608,7.826461315155029
2010-07-26, $37.04,104188731, $37.1428, $37.1571, $36.8157,7.797670035167118,7.800669207714841,7.728990985942117,7.776076793670654,420551600,-0.2539156828425315,0.0716782217727241,-0.0215932414964639,False,26.17548033563116,-18.399403541960506,338.5380506999088,7.8257995252943555,-0.04972273162370122,0.0024723500401226174,7.920033931732178
2010-07-23, $37.1343,133236640, $36.7271, $37.1971, $36.6114,7.7103973059373345,7.809068095865452,7.686104404975713,7.795871734619141,533388800,0.3551842263436411,0.1229636908897395,0.0854744286818061,True,26.17548033563116,-18.37960860101202,337.810012326395,7.718612258508617,0.0772594761105232,0.005969026648872504,7.776076793670654
2010-07-22, $37.0034,161139628, $36.8114, $37.1428, $36.4728,7.7280919123953105,7.797671123519652,7.6570127143641775,7.768280029296875,645318800,1.8801335958289256,0.1406584091554741,0.0401881169015645,True,26.17548033563116,-18.407200306334286,338.825023117513,7.737054204410192,0.031225824886682574,0.0009750521398537648,7.795871734619141
2010-07-21, $36.32,295973249, $37.87, $37.8786, $36.2857,7.950323919083887,7.952123422523127,7.617724108959041,7.624921321868896,1185671200,0.9329402634569606,0.3343993135640861,-0.3254025972149916,False,26.17548033563116,-18.550559013762264,344.1232397230764,7.871913701586115,-0.2469923797172191,0.06100523563837495,7.768280029296875
2010-07-20, $35.9843,263591379, $34.7, $36.1286, $34.2871,7.284824058586751,7.584734126993419,7.198149967931657,7.554442882537842,1074950800,2.569412230847634,0.386584159061762,0.2696188239510908,True,26.17548033563116,-18.62103745309332,346.7430358295041,7.388894462545182,0.16554841999265957,0.027406279362066008,7.624921321868896
2010-07-19, $35.0828,255842447, $35.6971, $35.6971, $34.2286,7.49416256381062,7.49416256381062,7.185854768411009,7.365200519561768,1024478000,-1.7286867365829517,0.3083077953996112,-0.1289620442488521,False,26.17548033563116,-18.810279816069393,353.8266267588276,7.50034488175644,-0.13514436219467285,0.01826399863300492,7.554442882537842
2010-07-16, $35.7,259540618, $36.1686, $36.4243, $35.4871,7.593131932555068,7.646815924555268,7.450074993405091,7.4947614669799805,1039858400,-0.6164344757151774,0.1967409311501766,-0.0983704655750878,False,26.17548033563116,-18.68071886865118,348.9692574495802,7.498413247090669,-0.003651780110688563,1.3335497976820572e-05,7.365200519561768
2010-07-15, $35.9214,205060442, $35.4614, $36.71, $35.3286,7.444677348408822,7.706798675581759,7.416785438469227,7.541248321533203,824866000,-0.5064405686940887,0.2900132371125314,0.0965709731243809,True,26.17548033563116,-18.634232014097957,347.2346027552332,7.4472554422167025,0.09399287931650058,0.008834661362206241,7.4947614669799805
2010-07-14, $36.1038,202950851, $35.6257, $36.5428, $35.5714,7.479165988967354,7.671707262400582,7.467768332332347,7.579634666442871,812047600,0.3693150228920583,0.2039389300682348,0.1004686774755168,True,26.17548033563116,-18.59584566918829,345.80547615226885,7.485969790604606,0.09366487583826544,0.008773108965797681,7.541248321533203
2010-07-13, $35.9711,296797219, $36.6171, $36.6286, $35.2043,7.687305160464154,7.689703698114369,7.390692945064203,7.551744937896728,1190924000,-2.1337982153267543,0.2990107530501653,-0.1355602225674266,False,26.17548033563116,-18.623735397734432,346.8435201648265,7.634777487709085,-0.08303254981235764,0.006894404328341652,7.579634666442871
2010-07-12, $36.755,140474992, $36.9328, $37.4071, $36.4086,7.753586237817294,7.853156400303187,7.643519367996121,7.716397285461426,562878400,-0.8974582895564187,0.2096370323070662,-0.0371889523558683,False,26.17548033563116,-18.459083050169735,340.7377470530636,7.668112161227953,0.0482851242334732,0.002331453222241941,7.551744937896728
2010-07-09, $37.0886,108260072, $36.6986, $37.1286, $36.4514,7.704399634561427,7.794672747964949,7.652515138206909,7.786275863647461,433322400,0.5928564119721536,0.1421576097580397,0.0818762290860339,True,26.17548033563116,-18.3892044719837,338.16284111242527,7.693804979518093,0.09247088412936755,0.00855086441166692,7.716397285461426
2010-07-08, $36.87,184252935, $37.4971, $37.5571, $36.4128,7.872047348497897,7.88464387229559,7.644415373945627,7.740386486053467,738144400,-0.2242635233467682,0.2402284983499631,-0.1316608624444297,False,26.17548033563116,-18.435093849577694,339.8526852427373,7.827311928324775,-0.08692544227130838,0.007556032514062567,7.786275863647461
2010-07-07, $36.9521,163169979, $35.7843, $36.9671, $35.6786,7.51245756560723,7.760784341133992,7.490265282078392,7.757784366607666,654556000,4.038137643340378,0.2705190590556006,0.2453268010004361,True,26.17548033563116,-18.417695969023494,339.21152480738425,7.5773820825077784,0.18040228409988757,0.03254498410845655,7.740386486053467
2010-07-06, $35.5186,153559326, $35.8571, $36.1143, $35.1657,7.527752019848908,7.581735531953661,7.382595250577679,7.456673622131348,615235600,0.6843970642593566,0.1991402813759819,-0.0710783977175602,False,26.17548033563116,-18.718806713499813,350.39372477736566,7.5934233919072565,-0.1367497697759088,0.01870049953376406,7.757784366607666
2010-07-02, $35.2771,173446612, $35.7843, $35.8471, $34.7428,7.512454277919303,7.525651437178333,7.29381981791856,7.40598726272583,693842800,-0.6197969138766801,0.2318316192597738,-0.1064670151934725,False,26.17548033563116,-18.76949307290533,352.29387021384116,7.477990342084125,-0.07200307935829464,0.005184443437076876,7.456673622131348
2010-07-01, $35.4971,255527517, $36.3286, $36.4, $34.7457,7.626723507985431,7.641719375253845,7.294423097791227,7.452175617218018,1022896000,-1.2125531117769706,0.3472962774626182,-0.1745478907674131,False,26.17548033563116,-18.723304718413143,350.56213957855186,7.534547353011238,-0.08237173579322032,0.006785102857588095,7.40598726272583
2010-06-30, $35.9328,184538045, $36.6728, $36.8528, $35.7157,7.698999473639664,7.736788247940152,7.498060513308492,7.543646335601807,739452000,-1.811301010860844,0.2387277346316594,-0.1553531380378574,False,26.17548033563116,-18.631834000029354,347.14523820464984,7.597731569397734,-0.05408523379592722,0.002925212514760108,7.452175617218018
2010-06-29, $36.5957,282782865, $37.7316, $37.77, $36.3286,7.921233289034196,7.929331455897156,7.626721732086667,7.682805061340332,1133344800,-4.521048793435279,0.3026097238104892,-0.2384282276938636,False,26.17548033563116,-18.49267527429083,341.9790388003674,7.774301902317669,-0.0914968409773369,0.008371671908832078,7.543646335601807
2010-06-28, $38.3286,146186434, $38.1328, $38.5357, $37.7886,8.005507310850264,8.090083173985638,7.933229256160339,8.046595573425293,584948000,0.5998936707128255,0.1568539178252992,0.0410882625750286,True,26.17548033563116,-18.128884762205868,328.6564627213401,7.877858035142823,0.1687375382824703,0.028472356825628126,7.682805061340332
2010-06-25, $38.1,136678611, $38.58, $38.61, $37.9728,8.099383032699862,8.105680896683975,7.971920159898305,7.998612403869629,549942400,-0.8550167900331473,0.1337607367856694,-0.100770628830233,False,26.17548033563116,-18.17686793176153,330.39852780870075,8.066350956602085,-0.06773855273245566,0.004588511526287676,8.046595573425293
2010-06-24, $38.4286,178309303, $38.7143, $39.0278, $38.3,8.127572728291774,8.19355373746872,8.040599108529005,8.067591667175293,714277200,-0.7270020515326436,0.1529546289397156,-0.0599810611164812,False,26.17548033563116,-18.107888668455868,327.8956320291924,8.067874367954218,-0.00028270077892500467,7.991973040480437e-08,7.998612403869629
2010-06-23, $38.71,191838418, $39.2257, $39.2371, $38.2714,8.23494088611615,8.23734022447589,8.034600137314055,8.126672744750977,768457200,-1.0516715969941526,0.2027400871618354,-0.1082681413651727,False,26.17548033563116,-18.048807590880184,325.75945545261413,8.161864337514103,-0.03519159276312678,0.001238448201205757,8.067591667175293
2010-06-22, $39.1214,178776694, $38.88, $39.4243, $38.7857,8.162362207838523,8.276627890131804,8.142568467932294,8.21304702758789,717262000,1.362102643558183,0.1340594221995097,0.0506848197493674,True,26.17548033563116,-17.96243330804327,322.6490103459023,8.135360988475046,0.07768603911284444,0.006035120673042396,8.126672744750977
2010-06-21, $38.5957,193217628, $39.67, $39.8586, $38.39,8.328212407416704,8.367800689721607,8.059492916434637,8.102680206298828,776490400,-1.4229968175838217,0.3083077732869697,-0.2255322011178755,False,26.17548033563116,-18.072800129332332,326.62610451479475,8.27347768517898,-0.17079747888015184,0.029171778791815914,8.21304702758789
2010-06-18, $39.1534,195928029, $38.8928, $39.2857, $38.7743,8.165062148904045,8.24753821174169,8.140169411433101,8.219645500183105,784621600,0.8091942923637685,0.1073688003085884,0.0545833512790601,True,26.17548033563116,-17.955834835448055,322.4120046378899,8.128711848041178,0.09093365214192772,0.008268929091869116,8.102680206298828
2010-06-17, $38.8386,217872895, $38.6571, $38.9857, $38.5,8.115577394657365,8.184557581762204,8.082587288223243,8.153666496276855,872855200,1.728751457412958,0.1019702935389617,0.0380891016194908,True,26.17548033563116,-18.021813839354305,324.78577406034236,8.13750515518965,0.016161341087205017,0.00026118894573698106,8.219645500183105
2010-06-16, $38.1786,195557169, $37.3, $38.25, $37.2329,7.830659748662104,8.030100308654312,7.816564038802031,8.015105247497559,783678000,2.9111569707794605,0.2135362698522804,0.1844454988354549,True,26.17548033563116,-18.160375088133602,329.7992233417035,7.929099499435349,0.08600574806220962,0.007396988699740274,8.153666496276855
2010-06-15, $37.0986,145862054, $36.52, $37.1214, $36.5,7.6669097777647455,7.793172146672098,7.662710935944757,7.7883734703063965,585074000,2.127581482455976,0.1304612107273408,0.121463692541651,True,26.17548033563116,-18.387106865324764,338.0856988768731,7.774066644611338,0.014306825695058478,0.0002046852614687855,8.015105247497559
2010-06-14, $36.3257,150469315, $36.5657, $37.0214, $36.2871,7.67650681995048,7.772177623156215,7.618024155380139,7.626121520996094,602960400,0.3037057241112695,0.1541534677760756,-0.050385298954386,False,26.17548033563116,-18.549358814635067,344.07871243407965,7.700879815317563,-0.07475829432146952,0.005588802569855462,7.7883734703063965
2010-06-11, $36.2157,136154451, $35.4607, $36.2657, $35.3386,7.444677538253734,7.613527387504813,7.418885449290211,7.603030681610107,545759200,1.1975482394829928,0.1946419382146018,0.1583531433563738,True,26.17548033563116,-18.572449654021053,344.93588615114675,7.493273301179407,0.10975738043070038,0.012046682559009491,7.626121520996094
2010-06-10, $35.7871,193507918, $34.9771, $35.8543, $34.6,7.343008642151667,7.527153100567681,7.26383205888861,7.513058185577393,776356000,3.0057886075621765,0.2633210416790703,0.1700495434257254,True,26.17548033563116,-18.662422150053768,348.2860005068175,7.419065285030735,0.09399290054665776,0.008834665353173898,7.603030681610107
2010-06-09, $34.7428,213040094, $35.9243, $35.9857, $34.6414,7.541847735612709,7.554744579893757,7.272528407880068,7.293821334838867,854630000,-2.4585884671552094,0.2822161720136895,-0.2480264007738419,False,26.17548033563116,-18.881659000792293,356.5170466222006,7.516858453701818,-0.2230371188629512,0.049745556390686216,7.513058185577393
2010-06-08, $35.6186,249904415, $36.1771, $36.2571, $35.0928,7.594931228660874,7.61172659592908,7.367299224228882,7.47766637802124,1000770400,-0.6415864092303991,0.2444273717001985,-0.1172648506396338,False,26.17548033563116,-18.69781395760992,349.60824679339237,7.474578010311954,0.0030883677092861106,9.538015107761138e-06,7.293821334838867
2010-06-07, $35.8486,221253336, $36.8986, $37.0214, $35.7928,7.74638585236101,7.772177936977492,7.514254688271107,7.525951862335205,886942000,-1.9612453150240627,0.2579232487063851,-0.2204339900258052,False,26.17548033563116,-18.649528473295955,347.8049122762766,7.637478473757211,-0.11152661142200593,0.012438185055275103,7.47766637802124
2010-06-04, $36.5664,189045767, $36.8871, $37.4143, $36.3757,7.743986379248573,7.854653048030694,7.636619200833727,7.676506996154785,758304400,-2.72118754243047,0.2180338471969669,-0.0674793830937874,False,26.17548033563116,-18.498973339476375,342.21201461465773,7.652833265028541,0.02367373112624449,0.0005604455454377173,7.525951862335205
2010-06-03, $37.5886,162341809, $37.8828, $37.9357, $37.2014,7.953023055178101,7.964120393869559,7.809966130509516,7.891242504119873,650106800,-0.314456562810983,0.1541542633600423,-0.0617805510582281,False,26.17548033563116,-18.284237831511287,334.3133530792686,7.841519339157455,0.04972316496241813,0.0024723931338798463,7.676506996154785
2010-06-02, $37.7071,171594061, $37.7914, $37.8286, $37.1907,7.933829227803613,7.941627076390697,7.807566867108516,7.916135311126709,688548000,1.1961702655258757,0.1340602092821807,-0.0176939166769036,False,26.17548033563116,-18.25934502450445,333.4036807238955,7.904262534710126,0.011872776416582909,0.00014096281983816728,7.891242504119873
2010-06-01, $37.2614,218455576, $37.0986, $37.9914, $36.9943,7.788374352928029,7.9758182650458735,7.766480789952012,7.822564125061035,876472800,1.537693482058744,0.2093374750938617,0.034189772133006,True,26.17548033563116,-18.352916210570125,336.8295334322077,7.8183884581048115,0.004175666956223623,1.7436194529297852e-05,7.916135311126709
2010-05-28, $36.6971,203645811, $37.0554, $37.0571, $36.1928,7.779376735524413,7.779676252373002,7.598229906514126,7.704098701477051,815614800,1.3933479894526757,0.1814463458588759,-0.0752780340473622,False,26.17548033563116,-18.47138163415411,341.19193947456574,7.779757357425185,-0.07565865594813381,0.005724232219878084,7.822564125061035
2010-05-27, $36.1928,165270400, $35.8, $36.27, $35.5871,7.515753694278533,7.614424462046543,7.471067227728575,7.598228931427002,666282400,3.7851191256608407,0.1433572343179676,0.0824752371484693,True,26.17548033563116,-18.57725140420416,345.1142697350054,7.566813423221298,0.03141550820570416,0.0009869341558226652,7.704098701477051
2010-05-26, $34.8727,212125404, $35.7257, $36.0186, $34.8214,7.500163056964297,7.561644923505658,7.310318944068859,7.321115970611572,850654000,-0.4525945099420392,0.2513259794367988,-0.1790470863527247,False,26.17548033563116,-18.85436436501959,355.4870556089205,7.51958623773084,-0.19847026711926752,0.039390446930393404,7.598228931427002
2010-05-25, $35.0314,261342838, $34.1928, $35.2514, $33.88,7.178353791353303,7.400587236726019,7.112673924992635,7.354401588439941,1048006400,-0.6241300027499674,0.2879133117333836,0.1760477970866381,True,26.17548033563116,-18.82107874719122,354.233005207973,7.213224717540571,0.14117687089937014,0.019930908876937426,7.321115970611572
2010-05-24, $35.2514,188078156, $35.3257, $35.8428, $35.18,7.416186599117606,7.524754279441528,7.385595829654664,7.400590896606445,754238800,1.832279284147642,0.1391584497868638,-0.0155957025111606,False,26.17548033563116,-18.774889439024715,352.4964734476018,7.3795563651961125,0.021034531410332846,0.0004424515116522791,7.354401588439941
2010-05-21, $34.6171,305744272, $33.26, $34.9286, $33.05,6.982515390060742,7.332811638045472,6.938428742038283,7.267431259155273,1223891200,1.9178812829065084,0.3943828960071887,0.2849158690945312,True,26.17548033563116,-18.908049076475887,357.5143198784206,7.113705522147333,0.15372573700794057,0.023631602218634508,7.400590896606445
2010-05-20, $33.9657,319497456, $34.5543, $34.8357, $33.7443,7.254235370959325,7.313318697325993,7.084186612726394,7.130673408508301,1282915200,-4.260254048487222,0.2291320845995992,-0.1235619624510242,False,26.17548033563116,-19.04480692712286,362.70467089138685,7.243766502356177,-0.11309309384787625,0.012790047876084544,7.267431259155273
2010-05-19, $35.4771,256089547, $35.6428, $36.1314, $34.9786,7.482765720488766,7.585335040945637,7.343307771101538,7.447976112365723,1025726800,-1.5929560145304,0.2420272698440984,-0.0347896081230434,False,26.17548033563116,-18.727504223265438,350.7194144324248,7.344479216042085,0.10349689632363734,0.010711607548625737,7.130673408508301
2010-05-18, $36.0514,194856888, $36.7114, $36.9357, $35.7514,7.707098201693698,7.754184014156578,7.505557790458119,7.568539619445801,782678400,-0.731642655182696,0.2486262236984586,-0.1385585822478976,False,26.17548033563116,-18.60694071618536,346.21824281563653,7.601527299157306,-0.03298767971150518,0.0010881870127488504,7.447976112365723
2010-05-17, $36.3171,190413707, $36.3857, $36.5971, $35.3871,7.6387184436624604,7.683105399713419,7.429080672161162,7.624322414398193,762834800,0.1576151540562564,0.2540247275522569,-0.014396029264267,False,26.17548033563116,-18.551157921232967,344.14546021852465,7.59929303246304,0.025029381935153694,0.000626469960055798,7.568539619445801
2010-05-14, $36.26,189368537, $36.4521, $36.64, $35.6428,7.652512344163117,7.692100616067127,7.4827632031173055,7.612324237823486,759362800,-1.757251650025382,0.2093374129498215,-0.0401881063396309,False,26.17548033563116,-18.563156097807674,344.5907643115742,7.627805388647147,-0.015481150823660528,0.00023966603082492503,7.624322414398193
2010-05-13, $36.9086,149704075, $37.6028, $37.8571, $36.6286,7.894240381891712,7.947624848290778,7.689701634941206,7.7484846115112305,599712400,-1.4231740151614105,0.2579232133495726,-0.1457557703804815,False,26.17548033563116,-18.42699572411993,339.55417141673416,7.7808065334949825,-0.032321921983752055,0.0010447066407237545,7.612324237823486
2010-05-12, $37.4414,163385299, $37.035, $37.59, $36.9571,7.774875874265577,7.891541677508597,7.758681945138481,7.860351085662842,654379600,2.171380722225469,0.1328597323701155,0.0854752113972647,True,26.17548033563116,-18.31512924996832,335.44395944304506,7.750878932202563,0.1094721534602785,0.011984152383230766,7.7484846115112305
2010-05-11, $36.6457,212068004, $35.9771, $37.1271, $35.7857,7.552941407097501,7.794369535613181,7.512754105985451,7.693300247192383,848906800,0.9961005062067984,0.2816154296277302,0.1403588400948816,True,26.17548033563116,-18.482180088438778,341.59098082148284,7.645735868132353,0.04756437906002997,0.0022623701553662174,7.860351085662842
2010-05-10, $36.2843,245539284, $35.75, $36.3786, $35.5043,7.505257212243817,7.637217595562171,7.453672247378271,7.617423057556152,984306400,7.68672614608592,0.1835453481839,0.1121658453123357,True,26.17548033563116,-18.558057278075008,344.40148993631277,7.5562043003341515,0.061218757222000875,0.0037477362358062844,7.693300247192383
2010-05-07, $33.6943,418562326, $34.8157, $35.2243, $32.1728,7.309118744838472,7.39489270421639,6.754283661213071,7.07368803024292,1676018400,-4.219275928513822,0.6406090430033187,-0.2354307145955516,False,26.17548033563116,-19.10179230538824,364.8784692781894,7.40206738497416,-0.3283793547312399,0.1078330006137055,7.617423057556152
2010-05-06, $35.1786,319584886, $36.2614, $36.8928, $28.4643,7.612625638072035,7.745185863807989,5.975714469858565,7.385293960571289,1285860800,-3.80485509566918,1.7694713939494235,-0.2273316775007456,False,26.17548033563116,-18.79018637505987,353.0711040094856,7.408968747050796,-0.02367478647950705,0.0005604955148502497,7.07368803024292
2010-05-05, $36.5693,220353346, $36.1471, $36.8771, $35.5328,7.588635088080988,7.741889245361574,7.459673034125418,7.677408218383789,883103200,-1.039860414424798,0.2822162112361566,0.0887731303028012,True,26.17548033563116,-18.49807211724737,342.17867205488466,7.502527875143709,0.17488034324007984,0.030583134451768138,7.385293960571289
2010-05-04, $36.9543,180620564, $37.5557, $37.6128, $36.6786,7.884344593054248,7.896340481899756,7.700199410508122,7.758081436157227,723819600,-2.8796724888965897,0.1961410713916338,-0.1262631568970214,False,26.17548033563116,-18.417398899473934,339.20058222234366,7.797171013217113,-0.03908957705988669,0.00152799503472082,7.677408218383789
2010-05-03, $38.05,113343684, $37.6914, $38.2686, $37.5543,7.912835699168535,8.033999865116016,7.884043643289994,7.988112926483154,454342000,2.014614049495478,0.1499562218260219,0.0752772273146193,True,26.17548033563116,-18.187367409148006,330.78033327533905,7.843961036066862,0.14415189041629262,0.020779767510590835,7.758081436157227
2010-04-30, $37.2986,135421971, $38.4728, $38.6528, $37.2857,8.076886966554012,8.114675743431286,7.827662511143832,7.830361366271973,542463600,-2.810480811035488,0.2870132322874541,-0.2465256002820393,False,26.17548033563116,-18.345118969359188,336.5433899999423,8.03123346783508,-0.20087210156310675,0.04034960118637908,7.988112926483154
2010-04-29, $38.3771,139522502, $37.5743, $38.5714, $37.43,7.888245714502566,8.09758323474698,7.857955261249044,8.056796073913574,558840800,2.69112908225222,0.2396279734979352,0.1685503594110082,True,26.17548033563116,-18.118684261717586,328.28671937581254,7.853290226636189,0.20350584727738497,0.04141462987608634,7.830361366271973
2010-04-28, $37.3714,189375537, $37.6071, $37.7143, $36.63,7.895144422315722,7.917637024501551,7.69000573987236,7.845659255981445,758402400,-0.1678942160257546,0.227631284629191,-0.0494851663342768,False,26.17548033563116,-18.329821079649715,335.982340811971,7.937100758569995,-0.09144150258855,0.008361548395651796,8.056796073913574
2010-04-27, $37.4343,176955713, $38.1814, $38.2628, $37.2171,8.015706982597356,8.032801870619547,7.813267982825157,7.858853816986084,709343600,-2.768103154518453,0.2195338877943902,-0.1568531656112721,False,26.17548033563116,-18.316626518645077,335.49880702353204,7.941541929911866,-0.08268811292578171,0.006837324019226828,7.845659255981445
2010-04-26, $38.5,119378876, $38.84, $38.9228, $38.3128,8.153966928784609,8.171361335547937,8.043299420413943,8.082588195800781,479068800,-0.4910630839475516,0.1280619151339941,-0.0713787329838275,False,26.17548033563116,-18.09289213983038,327.3527459835359,8.036079563567158,0.046508632233623004,0.0021630528722423967,7.858853816986084
2010-04-23, $38.69,198906390, $38.2843, $38.8828, $38.1428,8.03729975228258,8.162962307787058,8.007609138545115,8.122474670410156,796955600,1.6362333899011094,0.1553531692419429,0.085174918127576,True,26.17548033563116,-18.053005665221004,325.91101354850167,8.03858484543748,0.08388982497267605,0.0070375027339462225,8.082588195800781
2010-04-22, $38.0671,197849809, $36.8914, $38.1071, $36.6,7.744885736949949,8.000109299147635,7.68370342148167,7.991711616516113,793424800,2.7968566176346465,0.3164058776659644,0.2468258795661642,True,26.17548033563116,-18.183768719115047,330.6494448302669,7.862390572458282,0.12932104405783118,0.016723932436207515,8.122474670410156
2010-04-21, $37.0314,245072944, $36.9721, $37.1786, $36.5328,7.761679733535535,7.805167329272324,7.669607150679234,7.774276256561279,982391200,5.981438504222081,0.1355601785930904,0.0125965230257438,True,26.17548033563116,-18.40120407906988,338.60431155957804,7.827503708251282,-0.053227451690002425,0.002833161613411542,7.991711616516113
2010-04-20, $34.9414,177792843, $35.5057, $35.6071, $34.7078,7.453971889983405,7.475265611850003,7.286622088051193,7.335507392883301,738326400,-1.0037610230085536,0.1886435237988095,-0.1184644971001045,False,26.17548033563116,-18.83997294274786,354.94458048347144,7.551218955380763,-0.2157115624974626,0.04653147819509671,7.774276256561279
2010-04-19, $35.2957,141571402, $35.29, $35.4128, $34.5386,7.408685260849147,7.434477339370608,7.250932016006788,7.409884929656982,566924400,-0.1333897928531557,0.1835453233638206,0.0011996688078355,True,26.17548033563116,-18.765595405974178,352.14757094071916,7.368059010091498,0.041825919565484426,0.001749407547498373,7.335507392883301
2010-04-16, $35.3428,187514026, $35.51, $35.8771, $34.9357,7.454871274796588,7.531948798219249,7.334307757069283,7.4197821617126465,750545600,-0.610659825590365,0.197641041149966,-0.0350891130839414,False,26.17548033563116,-18.755698173918514,351.7762139911303,7.424151171441531,-0.004369009728884876,1.9088246011090698e-05,7.409884929656982
2010-04-15, $35.56,93876048, $35.1114, $35.5757, $35.0728,7.371197756205656,7.468668867801689,7.363100390259164,7.465370178222656,376784800,1.3146625321146077,0.1055684775425254,0.0941724220170003,True,26.17548033563116,-18.710110157408504,350.0682221023609,7.373202488752065,0.09216768947059162,0.008494882982347405,7.4197821617126465
2010-04-14, $35.0986,100827750, $35.04, $35.1157, $34.8671,7.3562030706236605,7.372098286482365,7.319914280004684,7.368499279022217,404076400,1.3447032609569032,0.052184006477681,0.0122962083985562,True,26.17548033563116,-18.806981056608944,353.7025364636477,7.379421196227478,-0.010921917205260812,0.00011928827543857214,7.465370178222656
2010-04-13, $34.6328,76184103, $34.5514, $34.6857, $34.4443,7.253635453623775,7.2818268844612035,7.231141251323858,7.270729541778564,306210800,0.0577793060183573,0.0506856331373457,0.0170940881547885,True,26.17548033563116,-18.904750793852596,357.38960257767036,7.278782258406121,-0.008052716627557466,6.484624508374049e-05,7.368499279022217
2010-04-12, $34.6128,83236885, $34.6, $34.7243, $34.5443,7.263831334140838,7.2899237420658,7.252134958408231,7.266530990600586,333026400,0.2067917219132686,0.0377887836575689,0.0026996564597476,True,26.17548033563116,-18.908949345030575,357.5483653329322,7.251162543947708,0.015368446652877843,0.00023618915252235218,7.270729541778564
2010-04-09, $34.5414,83443105, $34.49, $34.5557, $34.3514,7.240739191917902,7.25453538999095,7.21164760944843,7.251535415649414,334182800,0.7668381367893939,0.0428877805425207,0.0107962237315124,True,26.17548033563116,-18.923944919981746,358.11569133450297,7.2346740785233035,0.016861337126110598,0.0002843046896803556,7.266530990600586
2010-04-08, $34.2786,142899723, $34.3486, $34.5057, $34.0057,7.211046598631324,7.244036700838811,7.1390680482063935,7.196351051330566,572989200,-0.270195794149497,0.1049686526324178,-0.0146955473007572,False,26.17548033563116,-18.979129284300594,360.2073483901964,7.2101107184767175,-0.013759667146151067,0.00018932843997286904,7.251535415649414
2010-04-07, $34.3714,156909177, $34.2457, $34.56, $34.0943,7.184357041171244,7.255436266651595,7.157664791886583,7.215847969055176,628502000,0.4425578190546675,0.097771474765012,0.0314909278839321,True,26.17548033563116,-18.959632366575985,359.46765947571566,7.173421499934438,0.042426469120737664,0.0018000052820529066,7.196351051330566
2010-04-06, $34.22,111431983, $34.0286, $34.32, $33.8571,7.143866259891956,7.205047783515565,7.107876987022679,7.184054374694824,447017200,0.4402729517634318,0.097170796492886,0.0401881148028682,True,26.17548033563116,-18.991425960936336,360.67426002972667,7.1539190215975825,0.03013535309724169,0.0009081395062954344,7.215847969055176
2010-04-05, $34.07,170363601, $33.5678, $34.0728, $33.5386,7.047295407636181,7.153163406501208,7.040996744214165,7.152563571929932,684507600,1.0679436073705029,0.1121666622870432,0.1052681642937507,True,26.17548033563116,-19.02291676370123,361.87136219870524,7.079977716174921,0.07258585575501098,0.00526870645568726,7.184054374694824
2010-04-01, $33.71,150568295, $33.9271, $34.1043, $33.25,7.120172643458384,7.159760119784918,6.980414404743126,7.076985359191895,603145200,0.4127734751129042,0.1793457150417925,-0.0431872842664882,False,26.17548033563116,-19.098494976439266,364.75251036507586,7.116340585924526,-0.03935522673263048,0.0015488338711767526,7.152563571929932
2010-03-31, $33.5714,107438412, $33.6414, $33.8014, $33.4943,7.062589869677275,7.096179800450251,7.03169879370021,7.047893524169922,430659600,-0.3603891717682494,0.0644810067500412,-0.0146963455073532,False,26.17548033563116,-19.12758681146124,365.8645772299859,7.052416089523161,-0.004522565353239472,2.0453597374322066e-05,7.076985359191895
2010-03-30, $33.6921,131326339, $33.8004, $33.9257, $33.4643,7.095878629013126,7.122271343539094,7.025399285810908,7.073385238647461,527310000,1.48883955296637,0.096872057728186,-0.022493390365665,False,26.17548033563116,-19.1020950969837,364.8900370942087,7.063873569381965,0.009511669265496181,9.047185221618466e-05,7.047893524169922
2010-03-29, $33.1986,130887089, $33.2857, $33.41, $33.0886,6.987914154158917,7.014005759603886,6.946526365043018,6.969618797302246,540744400,0.6453030045856067,0.067479394560868,-0.0182953568566706,False,26.17548033563116,-19.205861538328914,368.8651174294619,7.002590637497349,-0.032971840195102686,0.001087142245851389,7.073385238647461
2010-03-26, $32.9857,159986658, $32.7071, $33.1357, $32.65,6.866449336594584,6.956422115126005,6.854452645784854,6.92493200302124,640875200,1.8751374924519395,0.1019694693411503,0.0584826664266566,True,26.17548033563116,-19.25054833260992,370.58361110615056,6.887246550271804,0.03768545274943591,0.0014201933489299667,6.969618797302246
2010-03-25, $32.3786,135463131, $32.9886, $32.9957, $32.3214,6.925531981675691,6.927031968655166,6.785473400326808,6.7974700927734375,542284400,-1.185853383837021,0.1415585683283584,-0.1280618889022537,False,26.17548033563116,-19.378010242857723,375.5072809722988,6.910015520631957,-0.11254542785851918,0.012666473331857143,6.92493200302124
2010-03-24, $32.7671,149419805, $32.52, $32.8857, $32.5014,6.827160996760712,6.903938220995987,6.823261671582851,6.879045486450195,597780400,0.4422859790157663,0.0806765494131358,0.051884489689483,True,26.17548033563116,-19.296434849180965,372.35239788868563,6.801389232719369,0.07765625373082674,0.006030493743506542,6.7974700927734375
2010-03-23, $32.6228,150384825, $32.2343, $32.6828, $32.0143,6.767178503150928,6.86135093240841,6.720992040410263,6.848754405975342,602431200,1.6062453526759723,0.1403588919981464,0.0815759028244134,True,26.17548033563116,-19.32672592965582,373.5223351600306,6.790957783608048,0.05779662236729344,0.003340449557067524,6.879045486450195
2010-03-22, $32.1071,113828294, $31.4957, $32.2857, $31.45,6.612124295474011,6.777974921992682,6.602526943990146,6.740485668182373,456419600,1.124863657496622,0.1754479780025359,0.1283613727083619,True,26.17548033563116,-19.434994667448787,377.7190177237628,6.679509034786122,0.060976633396251145,0.0037181498203408105,6.848754405975342
2010-03-19, $31.75,139669082, $32.1128, $32.1771, $31.6043,6.741685167215725,6.7551810419762495,6.634916636766184,6.665507793426514,559445600,-1.068336719385088,0.1202644052100652,-0.0761773737892115,False,26.17548033563116,-19.509972542204647,380.6390285975792,6.725838623558705,-0.06033083013219098,0.0036398090644392833,6.740485668182373
2010-03-18, $32.0928,85156076, $32.0143, $32.1428, $31.8014,6.720990990167102,6.74798354259145,6.676304921736602,6.737486839294434,342109600,0.2364608566193915,0.0716786208548478,0.0164958491273319,True,26.17548033563116,-19.437993496336727,377.8355911636289,6.686114398986783,0.051372440307650535,0.0026391276231631173,6.665507793426514
2010-03-17, $32.0171,112501374, $32.1286, $32.35, $31.8957,6.7449856521709535,6.79147163335592,6.696100732960291,6.721592903137207,450956800,-0.1470005498353299,0.0953709003956291,-0.0233927490337464,False,26.17548033563116,-19.453887432493953,378.4537362361462,6.726934503530247,-0.005341600393039769,2.8532694758922617e-05,6.737486839294434
2010-03-16, $32.0643,111581993, $32.0257, $32.14, $31.7871,6.7233908628610335,6.74738344099691,6.673305885504722,6.731488227844238,446908000,0.2724917571651941,0.0740775554921882,0.0080973649832047,True,26.17548033563116,-19.443992107786922,378.0688290876801,6.707322720917934,0.02416550692630448,0.0005839717250052699,6.721592903137207
2010-03-15, $31.9771,123005437, $32.1971, $32.2143, $31.4643,6.759381385793019,6.762979592461603,6.605527017880345,6.713195323944092,493502800,-1.2180167462041758,0.1574525745812582,-0.0461860618489273,False,26.17548033563116,-19.46228501168707,378.78053787613914,6.734195140704281,-0.020999816760189027,0.000440992303961516,6.731488227844238
2010-03-12, $32.3714,103841951, $32.4814, $32.5328, $32.25,6.8190638269286445,6.829860850904239,6.770478820733172,6.795971393585205,416323600,0.4878306388861775,0.0593820301710668,-0.0230924333434394,False,26.17548033563116,-19.379508942045955,375.56536683483915,6.7666004233712655,0.02937097021393953,0.000862653891308123,6.713195323944092
2010-03-11, $32.2143,101209110, $31.9871, $32.2143, $31.9028,6.715294660579109,6.762979507446289,6.697599540515394,6.762979507446289,405700400,0.2935547848835984,0.0653799669308954,0.0476848468671802,True,26.17548033563116,-19.41250082818487,376.8451884042783,6.728113565767345,0.034865941678943635,0.0012156338891594989,6.795971393585205
2010-03-10, $32.12,148907755, $31.9757, $32.2114, $31.8857,6.712894126951476,6.762379269589741,6.693999741518895,6.743184566497803,596218000,0.8160179425138026,0.0683795280708459,0.0302904395463263,True,26.17548033563116,-19.432295769133358,377.6141188590782,6.7149947760749855,0.028189790422817218,0.0007946642840823573,6.762979507446289
2010-03-09, $31.86,229908139, $31.1871, $32.1428, $31.1271,6.547346474211979,6.747986393586363,6.534750344849037,6.688604354858398,920259200,1.7984487932833249,0.2132360487373255,0.1412578806464193,True,26.17548033563116,-19.486875980772762,379.7383354900184,6.600398749868953,0.08820560498944552,0.007780228751554096,6.743184566497803
2010-03-08, $31.2971,107326832, $31.43, $31.4414, $31.1786,6.59832989448658,6.600728832585432,6.545545648262431,6.570438385009766,429889600,0.0593710042936512,0.0551831843230008,-0.0278915094768139,False,26.17548033563116,-19.605041950621395,384.3576698856248,6.614434669088308,-0.04399628407854195,0.0019356730127197636,6.688604354858398
2010-03-05, $31.2786,224647427, $30.7057, $31.3857, $30.6614,6.4462757183526085,6.589033163672156,6.436978281146776,6.566539764404297,899620400,3.9106173073140127,0.1520548825253804,0.1202640460516883,True,26.17548033563116,-19.608940571226864,384.51055032590693,6.4741528290904045,0.09238693531389242,0.008535345816693341,6.570438385009766
2010-03-04, $30.1014,89591907, $29.8971, $30.1314, $29.8043,6.276525187291235,6.325710017190228,6.257030164589803,6.319411754608154,366041200,0.6592143764514224,0.0686798526004244,0.0428865673169189,True,26.17548033563116,-19.856068581023006,394.26345949428895,6.362392282421615,-0.04298052781346051,0.0018473257711236527,6.566539764404297
2010-03-03, $29.9043,92846488, $29.8486, $29.9814, $29.7057,6.266330127483421,6.294221641825188,6.236339191568273,6.278026103973389,372052800,0.2298378231554432,0.0578824502569146,0.0116959764899675,True,26.17548033563116,-19.897454231657772,395.9086849009158,6.269188788447257,0.008837315526132095,7.809814570841538e-05,6.319411754608154
2010-03-02, $29.8357,141486282, $29.99, $30.1186, $29.6771,6.296019780738767,6.323011937548127,6.230339493166353,6.263629913330078,566546400,-0.0669857383901462,0.0926724443817743,-0.0323898674086891,False,26.17548033563116,-19.911850422301082,396.4817872400918,6.2739989022966345,-0.010368988966556358,0.0001075159321885675,6.278026103973389
2010-03-01, $29.8557,137312041, $29.3928, $29.9286, $29.35,6.170656864676158,6.283123445382566,6.161659746439926,6.267828464508057,550093600,2.1356696261165986,0.12146369894264,0.0971715998318982,True,26.17548033563116,-19.907651871123104,396.3146030218312,6.1874277128051896,0.08040075170286709,0.0064642808743860854,6.263629913330078
